#
# There is insufficient memory for the Java Runtime Environment to continue.
# Native memory allocation (mmap) failed to map 65536 bytes. Error detail: Failed to commit metaspace.
# Possible reasons:
#   The system is out of physical RAM or swap space
#   This process is running with CompressedOops enabled, and the Java Heap may be blocking the growth of the native heap
# Possible solutions:
#   Reduce memory load on the system
#   Increase physical memory or swap space
#   Check if swap backing store is full
#   Decrease Java heap size (-Xmx/-Xms)
#   Decrease number of Java threads
#   Decrease Java thread stack sizes (-Xss)
#   Set larger code cache with -XX:ReservedCodeCacheSize=
#   JVM is running with Unscaled Compressed Oops mode in which the Java heap is
#     placed in the first 4GB address space. The Java Heap base address is the
#     maximum limit for the native heap growth. Please use -XX:HeapBaseMinAddress
#     to set the Java Heap base and to place the Java Heap above 4GB virtual address.
# This output file may be truncated or incomplete.
#
#  Out of Memory Error (virtualSpaceNode.cpp:113), pid=56784, tid=52740
#
# JRE version: OpenJDK Runtime Environment Temurin-21.0.12.1+1 (21.0.12.1+1) (build 21.0.12.1+1-LTS)
# Java VM: OpenJDK 64-Bit Server VM Temurin-21.0.12.1+1 (21.0.12.1+1-LTS, mixed mode, sharing, tiered, compressed oops, compressed class ptrs, g1 gc, windows-amd64)
# No core dump will be written. Minidumps are not enabled by default on client versions of Windows
#

---------------  S U M M A R Y ------------

Command Line: --add-opens=java.base/java.lang=ALL-UNNAMED --add-opens=java.base/java.lang.invoke=ALL-UNNAMED --add-opens=java.base/java.util=ALL-UNNAMED --add-opens=java.prefs/java.util.prefs=ALL-UNNAMED --add-exports=jdk.compiler/com.sun.tools.javac.api=ALL-UNNAMED --add-exports=jdk.compiler/com.sun.tools.javac.util=ALL-UNNAMED --add-opens=java.base/java.nio.charset=ALL-UNNAMED --add-opens=java.base/java.net=ALL-UNNAMED --add-opens=java.base/java.util.concurrent=ALL-UNNAMED --add-opens=java.base/java.util.concurrent.atomic=ALL-UNNAMED --add-opens=java.xml/javax.xml.namespace=ALL-UNNAMED --add-opens=java.base/java.time=ALL-UNNAMED -XX:MaxMetaspaceSize=384m -XX:+HeapDumpOnOutOfMemoryError -Xms256m -Xmx512m -Dfile.encoding=UTF-8 -Duser.country=US -Duser.language=en -Duser.variant -javaagent:C:\Users\ACER\.gradle\wrapper\dists\gradle-9.5.1-bin\iq79hdu3mqx29lgffhp8bfmx\gradle-9.5.1\lib\agents\gradle-instrumentation-agent-9.5.1.jar org.gradle.launcher.daemon.bootstrap.GradleDaemon 9.5.1

Host: AMD Ryzen 5 5500U with Radeon Graphics         , 12 cores, 7G,  Windows 11 , 64 bit Build 22621 (10.0.22621.5415)
Time: Thu Oct  1 20:32:33 2026 SE Asia Standard Time elapsed time: 41.834038 seconds (0d 0h 0m 41s)

---------------  T H R E A D  ---------------

Current thread (0x000002057021e970):  JavaThread "Daemon worker"        [_thread_in_vm, id=52740, stack(0x0000005c2d700000,0x0000005c2d800000) (1024K)]

Stack: [0x0000005c2d700000,0x0000005c2d800000]
Native frames: (J=compiled Java code, j=interpreted, Vv=VM code, C=native code)
V  [jvm.dll+0x6d83e9]
V  [jvm.dll+0x8b5736]
V  [jvm.dll+0x8b7cee]
V  [jvm.dll+0x8b83d3]
V  [jvm.dll+0x284596]
V  [jvm.dll+0x8b147e]
V  [jvm.dll+0x679ad4]
V  [jvm.dll+0x1e849b]
V  [jvm.dll+0x1e825e]
V  [jvm.dll+0x67c3d2]
V  [jvm.dll+0x67c202]
V  [jvm.dll+0x67a4ae]
V  [jvm.dll+0x684758]
V  [jvm.dll+0x21973e]
V  [jvm.dll+0x219be5]
V  [jvm.dll+0x21a5d8]
V  [jvm.dll+0x20f80e]
V  [jvm.dll+0x5b6a7f]
V  [jvm.dll+0x82f606]
V  [jvm.dll+0x4792f8]
V  [jvm.dll+0x47f128]
C  [java.dll+0x17ec]

Java frames: (J=compiled Java code, j=interpreted, Vv=VM code)
J 724  java.lang.ClassLoader.defineClass1(Ljava/lang/ClassLoader;Ljava/lang/String;[BIILjava/security/ProtectionDomain;Ljava/lang/String;)Ljava/lang/Class; java.base@21.0.12.1 (0 bytes) @ 0x000002054b347911 [0x000002054b347840+0x00000000000000d1]
J 5342 c2 java.lang.ClassLoader.defineClass(Ljava/lang/String;[BIILjava/security/ProtectionDomain;)Ljava/lang/Class; java.base@21.0.12.1 (43 bytes) @ 0x000002054b59ff1c [0x000002054b59f960+0x00000000000005bc]
J 1019 c1 java.security.SecureClassLoader.defineClass(Ljava/lang/String;[BIILjava/security/CodeSource;)Ljava/lang/Class; java.base@21.0.12.1 (16 bytes) @ 0x00000205439e391c [0x00000205439e3840+0x00000000000000dc]
J 3843 c2 java.net.URLClassLoader.findClass(Ljava/lang/String;)Ljava/lang/Class; java.base@21.0.12.1 (47 bytes) @ 0x000002054b4f1a34 [0x000002054b4efc40+0x0000000000001df4]
J 3859 c2 java.lang.ClassLoader.loadClass(Ljava/lang/String;Z)Ljava/lang/Class; java.base@21.0.12.1 (121 bytes) @ 0x000002054b326dd4 [0x000002054b326aa0+0x0000000000000334]
J 5027 c2 java.lang.ClassLoader.loadClass(Ljava/lang/String;)Ljava/lang/Class; java.base@21.0.12.1 (7 bytes) @ 0x000002054b5722ec [0x000002054b5722a0+0x000000000000004c]
v  ~StubRoutines::call_stub 0x000002054ad6100d
j  org.gradle.internal.classloader.TransformErrorHandler.exitClassLoadingScopeWithException(Ljava/lang/Throwable;)Ljava/lang/ClassNotFoundException;+17
j  org.gradle.internal.classloader.VisitableURLClassLoader$InstrumentingVisitableURLClassLoader.findClass(Ljava/lang/String;)Ljava/lang/Class;+23
J 3859 c2 java.lang.ClassLoader.loadClass(Ljava/lang/String;Z)Ljava/lang/Class; java.base@21.0.12.1 (121 bytes) @ 0x000002054b32732c [0x000002054b326aa0+0x000000000000088c]
J 5027 c2 java.lang.ClassLoader.loadClass(Ljava/lang/String;)Ljava/lang/Class; java.base@21.0.12.1 (7 bytes) @ 0x000002054b5722ec [0x000002054b5722a0+0x000000000000004c]
v  ~StubRoutines::call_stub 0x000002054ad6100d
j  org.springframework.boot.gradle.plugin.KotlinPluginAction.getPluginClass()Ljava/lang/Class;+0
j  org.springframework.boot.gradle.plugin.SpringBootPlugin.withPluginClassOfAction(Lorg/springframework/boot/gradle/plugin/PluginApplicationAction;Ljava/util/function/Consumer;)V+1
j  org.springframework.boot.gradle.plugin.SpringBootPlugin.registerPluginActions(Lorg/gradle/api/Project;Lorg/gradle/api/artifacts/Configuration;)V+151
j  org.springframework.boot.gradle.plugin.SpringBootPlugin.apply(Lorg/gradle/api/Project;)V+18
j  org.springframework.boot.gradle.plugin.SpringBootPlugin.apply(Ljava/lang/Object;)V+5
j  org.gradle.api.internal.plugins.ImperativeOnlyPluginTarget.applyImperative(Ljava/lang/String;Lorg/gradle/api/Plugin;)V+13
j  org.gradle.api.internal.plugins.RuleBasedPluginTarget.applyImperative(Ljava/lang/String;Lorg/gradle/api/Plugin;)V+6
j  org.gradle.api.internal.plugins.DefaultPluginManager.addPlugin(Ljava/lang/Runnable;Lorg/gradle/api/internal/plugins/PluginImplementation;Ljava/lang/String;Ljava/lang/Class;)V+54
j  org.gradle.api.internal.plugins.DefaultPluginManager.access$100(Lorg/gradle/api/internal/plugins/DefaultPluginManager;Ljava/lang/Runnable;Lorg/gradle/api/internal/plugins/PluginImplementation;Ljava/lang/String;Ljava/lang/Class;)V+6
j  org.gradle.api.internal.plugins.DefaultPluginManager$AddPluginBuildOperation.run(Lorg/gradle/internal/operations/BuildOperationContext;)V+20
j  org.gradle.internal.operations.DefaultBuildOperationRunner$1.execute(Lorg/gradle/internal/operations/RunnableBuildOperation;Lorg/gradle/internal/operations/BuildOperationContext;)V+2
j  org.gradle.internal.operations.DefaultBuildOperationRunner$1.execute(Lorg/gradle/internal/operations/BuildOperation;Lorg/gradle/internal/operations/BuildOperationContext;)V+6
j  org.gradle.internal.operations.DefaultBuildOperationRunner$2.execute(Lorg/gradle/internal/operations/BuildOperationDescriptor;Lorg/gradle/internal/operations/BuildOperationState;Lorg/gradle/internal/operations/BuildOperationState;Lorg/gradle/internal/operations/DefaultBuildOperationRunner$ReadableBuildOperationContext;Lorg/gradle/internal/operations/DefaultBuildOperationRunner$BuildOperationExecutionListener;)Lorg/gradle/internal/operations/BuildOperation;+22
j  org.gradle.internal.operations.DefaultBuildOperationRunner$2.execute(Lorg/gradle/internal/operations/BuildOperationDescriptor;Lorg/gradle/internal/operations/BuildOperationState;Lorg/gradle/internal/operations/BuildOperationState;Lorg/gradle/internal/operations/DefaultBuildOperationRunner$ReadableBuildOperationContext;Lorg/gradle/internal/operations/DefaultBuildOperationRunner$BuildOperationExecutionListener;)Ljava/lang/Object;+8
J 6903 c1 org.gradle.internal.operations.DefaultBuildOperationRunner.execute(Lorg/gradle/internal/operations/BuildOperationDescriptor$Builder;Lorg/gradle/internal/operations/DefaultBuildOperationRunner$BuildOperationExecution;)Ljava/lang/Object; (147 bytes) @ 0x00000205443e42cc [0x00000205443e3440+0x0000000000000e8c]
J 6902 c1 org.gradle.internal.operations.DefaultBuildOperationRunner.execute(Lorg/gradle/internal/operations/BuildOperation;Lorg/gradle/internal/operations/BuildOperationWorker;)V (22 bytes) @ 0x00000205443e2d84 [0x00000205443e2ae0+0x00000000000002a4]
j  org.gradle.internal.operations.DefaultBuildOperationRunner.run(Lorg/gradle/internal/operations/RunnableBuildOperation;)V+5
j  org.gradle.api.internal.plugins.DefaultPluginManager.lambda$doApply$0(Ljava/lang/Runnable;Lorg/gradle/api/internal/plugins/PluginImplementation;Ljava/lang/String;Ljava/lang/Class;Lorg/gradle/internal/code/UserCodeApplicationId;)V+20
j  org.gradle.api.internal.plugins.DefaultPluginManager$$Lambda+0x00000205586b5f98.execute(Ljava/lang/Object;)V+24
j  org.gradle.internal.code.DefaultUserCodeApplicationContext.apply(Lorg/gradle/internal/code/UserCodeSource;Lorg/gradle/api/Action;)V+37
j  org.gradle.api.internal.plugins.DefaultPluginManager.doApply(Lorg/gradle/api/internal/plugins/PluginImplementation;)V+144
j  org.gradle.api.internal.plugins.DefaultPluginManager.apply(Ljava/lang/String;)V+52
j  org.gradle.plugin.use.resolve.internal.ArtifactRepositoriesPluginResolver$ExternalPluginResolution.applyTo(Lorg/gradle/api/internal/plugins/PluginManagerInternal;)V+55
j  org.gradle.plugin.use.internal.DefaultPluginRequestApplicator$ApplyAction.apply(Lorg/gradle/api/internal/plugins/PluginManagerInternal;)V+21
j  org.gradle.plugin.use.internal.DefaultPluginRequestApplicator.lambda$applyPlugins$1(Lorg/gradle/api/internal/plugins/PluginManagerInternal;Lorg/gradle/plugin/use/internal/DefaultPluginRequestApplicator$ApplyAction;)V+2
j  org.gradle.plugin.use.internal.DefaultPluginRequestApplicator$$Lambda+0x00000205588ad1e8.accept(Ljava/lang/Object;)V+8
j  java.util.ArrayList.forEach(Ljava/util/function/Consumer;)V+46 java.base@21.0.12.1
j  org.gradle.plugin.use.internal.DefaultPluginRequestApplicator.applyPlugins(Lorg/gradle/plugin/management/internal/PluginRequests;Lorg/gradle/api/internal/initialization/ScriptHandlerInternal;Lorg/gradle/api/internal/plugins/PluginManagerInternal;Lorg/gradle/api/internal/initialization/ClassLoaderScope;)V+374
j  org.gradle.kotlin.dsl.provider.PluginRequestsHandler.handle(Lorg/gradle/plugin/management/internal/PluginRequests;Lorg/gradle/api/internal/initialization/ScriptHandlerInternal;Lorg/gradle/api/internal/plugins/PluginAwareInternal;Lorg/gradle/api/internal/initialization/ClassLoaderScope;)V+71
j  org.gradle.kotlin.dsl.provider.StandardKotlinScriptEvaluator$InterpreterHost.applyPluginsTo(Lorg/gradle/kotlin/dsl/support/KotlinScriptHost;Lorg/gradle/plugin/management/internal/PluginRequests;)V+53
j  org.gradle.kotlin.dsl.execution.Interpreter$ProgramHost.applyPluginsTo(Lorg/gradle/kotlin/dsl/support/KotlinScriptHost;Lorg/gradle/plugin/management/internal/PluginRequests;)V+21
j  Program.execute(Lorg/gradle/kotlin/dsl/execution/ExecutableProgram$Host;Lorg/gradle/kotlin/dsl/support/KotlinScriptHost;)V+38
j  org.gradle.kotlin.dsl.execution.Interpreter$ProgramHost$eval$1.run(Lorg/gradle/internal/operations/BuildOperationContext;)V+105
j  org.gradle.internal.operations.DefaultBuildOperationRunner$1.execute(Lorg/gradle/internal/operations/RunnableBuildOperation;Lorg/gradle/internal/operations/BuildOperationContext;)V+2
j  org.gradle.internal.operations.DefaultBuildOperationRunner$1.execute(Lorg/gradle/internal/operations/BuildOperation;Lorg/gradle/internal/operations/BuildOperationContext;)V+6
j  org.gradle.internal.operations.DefaultBuildOperationRunner$2.execute(Lorg/gradle/internal/operations/BuildOperationDescriptor;Lorg/gradle/internal/operations/BuildOperationState;Lorg/gradle/internal/operations/BuildOperationState;Lorg/gradle/internal/operations/DefaultBuildOperationRunner$ReadableBuildOperationContext;Lorg/gradle/internal/operations/DefaultBuildOperationRunner$BuildOperationExecutionListener;)Lorg/gradle/internal/operations/BuildOperation;+22
j  org.gradle.internal.operations.DefaultBuildOperationRunner$2.execute(Lorg/gradle/internal/operations/BuildOperationDescriptor;Lorg/gradle/internal/operations/BuildOperationState;Lorg/gradle/internal/operations/BuildOperationState;Lorg/gradle/internal/operations/DefaultBuildOperationRunner$ReadableBuildOperationContext;Lorg/gradle/internal/operations/DefaultBuildOperationRunner$BuildOperationExecutionListener;)Ljava/lang/Object;+8
j  org.gradle.internal.operations.DefaultBuildOperationRunner.execute(Lorg/gradle/internal/operations/BuildOperationDescriptor$Builder;Lorg/gradle/internal/operations/DefaultBuildOperationRunner$BuildOperationExecution;)Ljava/lang/Object;+141
j  org.gradle.internal.operations.DefaultBuildOperationRunner.execute(Lorg/gradle/internal/operations/BuildOperation;Lorg/gradle/internal/operations/BuildOperationWorker;)V+17
j  org.gradle.internal.operations.DefaultBuildOperationRunner.run(Lorg/gradle/internal/operations/RunnableBuildOperation;)V+5
j  org.gradle.kotlin.dsl.execution.Interpreter$ProgramHost.eval(Lorg/gradle/kotlin/dsl/execution/CompiledScript;Lorg/gradle/kotlin/dsl/support/KotlinScriptHost;)V+36
j  org.gradle.kotlin.dsl.execution.Interpreter.eval(Ljava/lang/Object;Lorg/gradle/groovy/scripts/ScriptSource;Lorg/gradle/internal/hash/HashCode;Lorg/gradle/api/initialization/dsl/ScriptHandler;Lorg/gradle/api/internal/initialization/ClassLoaderScope;Lorg/gradle/api/internal/initialization/ClassLoaderScope;ZLjava/util/EnumSet;)V+218
j  org.gradle.kotlin.dsl.provider.StandardKotlinScriptEvaluator.evaluate(Ljava/lang/Object;Lorg/gradle/groovy/scripts/ScriptSource;Lorg/gradle/api/initialization/dsl/ScriptHandler;Lorg/gradle/api/internal/initialization/ClassLoaderScope;Lorg/gradle/api/internal/initialization/ClassLoaderScope;ZLjava/util/EnumSet;)V+167
j  org.gradle.kotlin.dsl.provider.KotlinScriptPluginFactory.create$lambda$0(Lorg/gradle/kotlin/dsl/provider/KotlinScriptPluginFactory;Lorg/gradle/groovy/scripts/ScriptSource;Lorg/gradle/api/internal/initialization/ClassLoaderScope;Lorg/gradle/api/initialization/dsl/ScriptHandler;Lorg/gradle/api/internal/initialization/ClassLoaderScope;ZLjava/lang/Object;)Lkotlin/Unit;+48
j  org.gradle.kotlin.dsl.provider.KotlinScriptPluginFactory$$Lambda+0x0000020558639ff8.invoke(Ljava/lang/Object;)Ljava/lang/Object;+25
j  org.gradle.kotlin.dsl.provider.KotlinScriptPlugin.apply(Ljava/lang/Object;)V+22
j  org.gradle.configuration.BuildOperationScriptPlugin$1.run(Lorg/gradle/internal/operations/BuildOperationContext;)V+11
j  org.gradle.internal.operations.DefaultBuildOperationRunner$1.execute(Lorg/gradle/internal/operations/RunnableBuildOperation;Lorg/gradle/internal/operations/BuildOperationContext;)V+2
j  org.gradle.internal.operations.DefaultBuildOperationRunner$1.execute(Lorg/gradle/internal/operations/BuildOperation;Lorg/gradle/internal/operations/BuildOperationContext;)V+6
j  org.gradle.internal.operations.DefaultBuildOperationRunner$2.execute(Lorg/gradle/internal/operations/BuildOperationDescriptor;Lorg/gradle/internal/operations/BuildOperationState;Lorg/gradle/internal/operations/BuildOperationState;Lorg/gradle/internal/operations/DefaultBuildOperationRunner$ReadableBuildOperationContext;Lorg/gradle/internal/operations/DefaultBuildOperationRunner$BuildOperationExecutionListener;)Lorg/gradle/internal/operations/BuildOperation;+22
j  org.gradle.internal.operations.DefaultBuildOperationRunner$2.execute(Lorg/gradle/internal/operations/BuildOperationDescriptor;Lorg/gradle/internal/operations/BuildOperationState;Lorg/gradle/internal/operations/BuildOperationState;Lorg/gradle/internal/operations/DefaultBuildOperationRunner$ReadableBuildOperationContext;Lorg/gradle/internal/operations/DefaultBuildOperationRunner$BuildOperationExecutionListener;)Ljava/lang/Object;+8
j  org.gradle.internal.operations.DefaultBuildOperationRunner.execute(Lorg/gradle/internal/operations/BuildOperationDescriptor$Builder;Lorg/gradle/internal/operations/DefaultBuildOperationRunner$BuildOperationExecution;)Ljava/lang/Object;+141
j  org.gradle.internal.operations.DefaultBuildOperationRunner.execute(Lorg/gradle/internal/operations/BuildOperation;Lorg/gradle/internal/operations/BuildOperationWorker;)V+17
j  org.gradle.internal.operations.DefaultBuildOperationRunner.run(Lorg/gradle/internal/operations/RunnableBuildOperation;)V+5
j  org.gradle.configuration.BuildOperationScriptPlugin.lambda$apply$0(Ljava/lang/Object;Lorg/gradle/internal/code/UserCodeApplicationId;)V+14
j  org.gradle.configuration.BuildOperationScriptPlugin$$Lambda+0x0000020558552610.execute(Ljava/lang/Object;)V+12
j  org.gradle.internal.code.DefaultUserCodeApplicationContext.apply(Lorg/gradle/internal/code/UserCodeSource;Lorg/gradle/api/Action;)V+37
j  org.gradle.configuration.BuildOperationScriptPlugin.apply(Ljava/lang/Object;)V+71
j  org.gradle.configuration.project.BuildScriptProcessor$$Lambda+0x00000205586daa10.accept(Ljava/lang/Object;)V+8
j  org.gradle.api.internal.project.DefaultProjectStateRegistry$ProjectStateImpl.lambda$applyToMutableState$0(Ljava/util/function/Consumer;Lorg/gradle/api/internal/project/ProjectInternal;)Ljava/lang/Object;+2
j  org.gradle.api.internal.project.DefaultProjectStateRegistry$ProjectStateImpl$$Lambda+0x000002055868fc38.apply(Ljava/lang/Object;)Ljava/lang/Object;+8
j  org.gradle.api.internal.project.DefaultProjectStateRegistry$ProjectStateImpl.lambda$fromMutableState$1(Ljava/util/function/Function;)Ljava/lang/Object;+5
j  org.gradle.api.internal.project.DefaultProjectStateRegistry$ProjectStateImpl$$Lambda+0x000002055868a000.get()Ljava/lang/Object;+8
j  org.gradle.api.internal.project.DefaultProjectStateRegistry$ProjectStateImpl.runWithModelLock(Ljava/util/function/Supplier;)Ljava/lang/Object;+89
j  org.gradle.api.internal.project.DefaultProjectStateRegistry$ProjectStateImpl.fromMutableState(Ljava/util/function/Function;)Ljava/lang/Object;+8
j  org.gradle.api.internal.project.DefaultProjectStateRegistry$ProjectStateImpl.applyToMutableState(Ljava/util/function/Consumer;)V+7
j  org.gradle.configuration.project.BuildScriptProcessor.execute(Lorg/gradle/api/internal/project/ProjectInternal;)V+88
j  org.gradle.configuration.project.BuildScriptProcessor.execute(Ljava/lang/Object;)V+5
j  org.gradle.configuration.project.ConfigureActionsProjectEvaluator.evaluate(Lorg/gradle/api/internal/project/ProjectInternal;Lorg/gradle/api/internal/project/ProjectStateInternal;)V+33
j  org.gradle.configuration.project.LifecycleProjectEvaluator$EvaluateProject.lambda$run$0(Lorg/gradle/internal/operations/BuildOperationContext;Lorg/gradle/api/internal/project/ProjectInternal;)V+67
j  org.gradle.configuration.project.LifecycleProjectEvaluator$EvaluateProject$$Lambda+0x000002055869d3f0.accept(Ljava/lang/Object;)V+12
j  org.gradle.api.internal.project.DefaultProjectStateRegistry$ProjectStateImpl.lambda$applyToMutableState$0(Ljava/util/function/Consumer;Lorg/gradle/api/internal/project/ProjectInternal;)Ljava/lang/Object;+2
j  org.gradle.api.internal.project.DefaultProjectStateRegistry$ProjectStateImpl$$Lambda+0x000002055868fc38.apply(Ljava/lang/Object;)Ljava/lang/Object;+8
j  org.gradle.api.internal.project.DefaultProjectStateRegistry$ProjectStateImpl.lambda$fromMutableState$1(Ljava/util/function/Function;)Ljava/lang/Object;+5
j  org.gradle.api.internal.project.DefaultProjectStateRegistry$ProjectStateImpl$$Lambda+0x000002055868a000.get()Ljava/lang/Object;+8
j  org.gradle.api.internal.project.DefaultProjectStateRegistry$ProjectStateImpl$$Lambda+0x000002055868a228.create()Ljava/lang/Object;+4
j  org.gradle.internal.work.DefaultWorkerLeaseService.lambda$runAndReleaseLocks$0(Lorg/gradle/internal/Factory;Ljava/util/Collection;)Ljava/lang/Object;+1
j  org.gradle.internal.work.DefaultWorkerLeaseService$$Lambda+0x0000020558297048.create()Ljava/lang/Object;+12
j  org.gradle.internal.work.ResourceLockStatistics$1.measure(Ljava/lang/String;Ljava/lang/Iterable;Lorg/gradle/internal/Factory;)Ljava/lang/Object;+1
j  org.gradle.internal.work.DefaultWorkerLeaseService.runAndReleaseLocks(Ljava/util/Collection;Lorg/gradle/internal/Factory;)Ljava/lang/Object;+16
j  org.gradle.internal.work.DefaultWorkerLeaseService.withLocksAcquired(Ljava/util/Collection;Lorg/gradle/internal/Factory;)Ljava/lang/Object;+8
j  org.gradle.internal.work.DefaultWorkerLeaseService.lambda$withReplacedLocks$4(Lorg/gradle/internal/resources/ResourceLock;Lorg/gradle/internal/Factory;)Ljava/lang/Object;+6
j  org.gradle.internal.work.DefaultWorkerLeaseService$$Lambda+0x000002055868a450.create()Ljava/lang/Object;+12
j  org.gradle.internal.work.DefaultWorkerLeaseService.withoutLocks(Ljava/util/Collection;Lorg/gradle/internal/Factory;)Ljava/lang/Object;+10
j  org.gradle.internal.work.DefaultWorkerLeaseService.withReplacedLocks(Ljava/util/Collection;Lorg/gradle/internal/resources/ResourceLock;Lorg/gradle/internal/Factory;)Ljava/lang/Object;+27
j  org.gradle.api.internal.project.DefaultProjectStateRegistry$ProjectStateImpl.runWithModelLock(Ljava/util/function/Supplier;)Ljava/lang/Object;+129
j  org.gradle.api.internal.project.DefaultProjectStateRegistry$ProjectStateImpl.fromMutableState(Ljava/util/function/Function;)Ljava/lang/Object;+8
j  org.gradle.api.internal.project.DefaultProjectStateRegistry$ProjectStateImpl.applyToMutableState(Ljava/util/function/Consumer;)V+7
j  org.gradle.configuration.project.LifecycleProjectEvaluator$EvaluateProject.run(Lorg/gradle/internal/operations/BuildOperationContext;)V+16
j  org.gradle.internal.operations.DefaultBuildOperationRunner$1.execute(Lorg/gradle/internal/operations/RunnableBuildOperation;Lorg/gradle/internal/operations/BuildOperationContext;)V+2
j  org.gradle.internal.operations.DefaultBuildOperationRunner$1.execute(Lorg/gradle/internal/operations/BuildOperation;Lorg/gradle/internal/operations/BuildOperationContext;)V+6
j  org.gradle.internal.operations.DefaultBuildOperationRunner$2.execute(Lorg/gradle/internal/operations/BuildOperationDescriptor;Lorg/gradle/internal/operations/BuildOperationState;Lorg/gradle/internal/operations/BuildOperationState;Lorg/gradle/internal/operations/DefaultBuildOperationRunner$ReadableBuildOperationContext;Lorg/gradle/internal/operations/DefaultBuildOperationRunner$BuildOperationExecutionListener;)Lorg/gradle/internal/operations/BuildOperation;+22
j  org.gradle.internal.operations.DefaultBuildOperationRunner$2.execute(Lorg/gradle/internal/operations/BuildOperationDescriptor;Lorg/gradle/internal/operations/BuildOperationState;Lorg/gradle/internal/operations/BuildOperationState;Lorg/gradle/internal/operations/DefaultBuildOperationRunner$ReadableBuildOperationContext;Lorg/gradle/internal/operations/DefaultBuildOperationRunner$BuildOperationExecutionListener;)Ljava/lang/Object;+8
j  org.gradle.internal.operations.DefaultBuildOperationRunner.execute(Lorg/gradle/internal/operations/BuildOperationDescriptor$Builder;Lorg/gradle/internal/operations/DefaultBuildOperationRunner$BuildOperationExecution;)Ljava/lang/Object;+141
j  org.gradle.internal.operations.DefaultBuildOperationRunner.execute(Lorg/gradle/internal/operations/BuildOperation;Lorg/gradle/internal/operations/BuildOperationWorker;)V+17
j  org.gradle.internal.operations.DefaultBuildOperationRunner.run(Lorg/gradle/internal/operations/RunnableBuildOperation;)V+5
j  org.gradle.configuration.project.LifecycleProjectEvaluator.evaluate(Lorg/gradle/api/internal/project/ProjectInternal;Lorg/gradle/api/internal/project/ProjectStateInternal;)V+42
j  org.gradle.api.internal.project.DefaultProject.evaluateUnchecked()Lorg/gradle/api/internal/project/ProjectInternal;+20
j  org.gradle.api.internal.project.ProjectLifecycleController.lambda$ensureSelfConfigured$2()V+4
j  org.gradle.api.internal.project.ProjectLifecycleController$$Lambda+0x0000020558697808.run()V+4
j  org.gradle.internal.model.StateTransitionController.lambda$doTransition$15(Ljava/lang/Runnable;)Lorg/gradle/internal/build/ExecutionResult;+1
j  org.gradle.internal.model.StateTransitionController$$Lambda+0x0000020558453a88.get()Ljava/lang/Object;+4
j  org.gradle.internal.model.StateTransitionController.doTransition(Lorg/gradle/internal/model/StateTransitionController$State;Lorg/gradle/internal/model/StateTransitionController$State;Ljava/util/function/Supplier;)Lorg/gradle/internal/build/ExecutionResult;+24
j  org.gradle.internal.model.StateTransitionController.doTransition(Lorg/gradle/internal/model/StateTransitionController$State;Lorg/gradle/internal/model/StateTransitionController$State;Ljava/lang/Runnable;)V+9
j  org.gradle.internal.model.StateTransitionController.lambda$maybeTransitionIfNotCurrentlyTransitioning$11(Lorg/gradle/internal/model/StateTransitionController$State;Lorg/gradle/internal/model/StateTransitionController$State;Ljava/lang/Runnable;)V+16
j  org.gradle.internal.model.StateTransitionController$$Lambda+0x0000020558697a30.run()V+16
j  org.gradle.internal.work.DefaultSynchronizer.withLock(Ljava/lang/Runnable;)V+6
j  org.gradle.internal.model.StateTransitionController.maybeTransitionIfNotCurrentlyTransitioning(Lorg/gradle/internal/model/StateTransitionController$State;Lorg/gradle/internal/model/StateTransitionController$State;Ljava/lang/Runnable;)V+13
j  org.gradle.api.internal.project.ProjectLifecycleController.ensureSelfConfigured()V+16
j  org.gradle.api.internal.project.DefaultProjectStateRegistry$ProjectStateImpl.ensureConfigured()V+19
j  org.gradle.execution.TaskPathProjectEvaluator.configure(Lorg/gradle/api/internal/project/ProjectInternal;)V+6
j  org.gradle.execution.TaskPathProjectEvaluator.configureHierarchy(Lorg/gradle/api/internal/project/ProjectInternal;)V+2
j  org.gradle.configuration.DefaultProjectsPreparer.prepareProjects(Lorg/gradle/api/internal/GradleInternal;)V+52
j  org.gradle.configuration.BuildTreePreparingProjectsPreparer.prepareProjects(Lorg/gradle/api/internal/GradleInternal;)V+114
j  org.gradle.configuration.BuildOperationFiringProjectsPreparer$ConfigureBuild.run(Lorg/gradle/internal/operations/BuildOperationContext;)V+11
j  org.gradle.internal.operations.DefaultBuildOperationRunner$1.execute(Lorg/gradle/internal/operations/RunnableBuildOperation;Lorg/gradle/internal/operations/BuildOperationContext;)V+2
j  org.gradle.internal.operations.DefaultBuildOperationRunner$1.execute(Lorg/gradle/internal/operations/BuildOperation;Lorg/gradle/internal/operations/BuildOperationContext;)V+6
j  org.gradle.internal.operations.DefaultBuildOperationRunner$2.execute(Lorg/gradle/internal/operations/BuildOperationDescriptor;Lorg/gradle/internal/operations/BuildOperationState;Lorg/gradle/internal/operations/BuildOperationState;Lorg/gradle/internal/operations/DefaultBuildOperationRunner$ReadableBuildOperationContext;Lorg/gradle/internal/operations/DefaultBuildOperationRunner$BuildOperationExecutionListener;)Lorg/gradle/internal/operations/BuildOperation;+22
j  org.gradle.internal.operations.DefaultBuildOperationRunner$2.execute(Lorg/gradle/internal/operations/BuildOperationDescriptor;Lorg/gradle/internal/operations/BuildOperationState;Lorg/gradle/internal/operations/BuildOperationState;Lorg/gradle/internal/operations/DefaultBuildOperationRunner$ReadableBuildOperationContext;Lorg/gradle/internal/operations/DefaultBuildOperationRunner$BuildOperationExecutionListener;)Ljava/lang/Object;+8
j  org.gradle.internal.operations.DefaultBuildOperationRunner.execute(Lorg/gradle/internal/operations/BuildOperationDescriptor$Builder;Lorg/gradle/internal/operations/DefaultBuildOperationRunner$BuildOperationExecution;)Ljava/lang/Object;+141
j  org.gradle.internal.operations.DefaultBuildOperationRunner.execute(Lorg/gradle/internal/operations/BuildOperation;Lorg/gradle/internal/operations/BuildOperationWorker;)V+17
j  org.gradle.internal.operations.DefaultBuildOperationRunner.run(Lorg/gradle/internal/operations/RunnableBuildOperation;)V+5
j  org.gradle.configuration.BuildOperationFiringProjectsPreparer.prepareProjects(Lorg/gradle/api/internal/GradleInternal;)V+13
j  org.gradle.initialization.VintageBuildModelController.lambda$prepareProjects$2()V+8
j  org.gradle.initialization.VintageBuildModelController$$Lambda+0x000002055865aa98.run()V+4
j  org.gradle.internal.model.StateTransitionController.lambda$doTransition$15(Ljava/lang/Runnable;)Lorg/gradle/internal/build/ExecutionResult;+1
j  org.gradle.internal.model.StateTransitionController$$Lambda+0x0000020558453a88.get()Ljava/lang/Object;+4
j  org.gradle.internal.model.StateTransitionController.doTransition(Lorg/gradle/internal/model/StateTransitionController$State;Lorg/gradle/internal/model/StateTransitionController$State;Ljava/util/function/Supplier;)Lorg/gradle/internal/build/ExecutionResult;+24
j  org.gradle.internal.model.StateTransitionController.doTransition(Lorg/gradle/internal/model/StateTransitionController$State;Lorg/gradle/internal/model/StateTransitionController$State;Ljava/lang/Runnable;)V+9
j  org.gradle.internal.model.StateTransitionController.lambda$transitionIfNotPreviously$12(Lorg/gradle/internal/model/StateTransitionController$State;Lorg/gradle/internal/model/StateTransitionController$State;Ljava/lang/Runnable;)V+16
j  org.gradle.internal.model.StateTransitionController$$Lambda+0x0000020558451000.run()V+16
j  org.gradle.internal.work.DefaultSynchronizer.withLock(Ljava/lang/Runnable;)V+6
j  org.gradle.internal.model.StateTransitionController.transitionIfNotPreviously(Lorg/gradle/internal/model/StateTransitionController$State;Lorg/gradle/internal/model/StateTransitionController$State;Ljava/lang/Runnable;)V+13
j  org.gradle.initialization.VintageBuildModelController.prepareProjects()V+16
j  org.gradle.initialization.VintageBuildModelController.prepareToScheduleTasks()V+5
j  org.gradle.internal.build.DefaultBuildLifecycleController.lambda$prepareToScheduleTasks$7()V+9
j  org.gradle.internal.build.DefaultBuildLifecycleController$$Lambda+0x0000020558453638.run()V+4
j  org.gradle.internal.model.StateTransitionController.lambda$doTransition$15(Ljava/lang/Runnable;)Lorg/gradle/internal/build/ExecutionResult;+1
j  org.gradle.internal.model.StateTransitionController$$Lambda+0x0000020558453a88.get()Ljava/lang/Object;+4
j  org.gradle.internal.model.StateTransitionController.doTransition(Lorg/gradle/internal/model/StateTransitionController$State;Lorg/gradle/internal/model/StateTransitionController$State;Ljava/util/function/Supplier;)Lorg/gradle/internal/build/ExecutionResult;+24
j  org.gradle.internal.model.StateTransitionController.doTransition(Lorg/gradle/internal/model/StateTransitionController$State;Lorg/gradle/internal/model/StateTransitionController$State;Ljava/lang/Runnable;)V+9
j  org.gradle.internal.model.StateTransitionController.lambda$maybeTransition$10(Lorg/gradle/internal/model/StateTransitionController$State;Lorg/gradle/internal/model/StateTransitionController$State;Ljava/lang/Runnable;)V+16
j  org.gradle.internal.model.StateTransitionController$$Lambda+0x0000020558453860.run()V+16
j  org.gradle.internal.work.DefaultSynchronizer.withLock(Ljava/lang/Runnable;)V+6
j  org.gradle.internal.model.StateTransitionController.maybeTransition(Lorg/gradle/internal/model/StateTransitionController$State;Lorg/gradle/internal/model/StateTransitionController$State;Ljava/lang/Runnable;)V+13
j  org.gradle.internal.build.DefaultBuildLifecycleController.prepareToScheduleTasks()V+16
j  org.gradle.internal.buildtree.DefaultBuildTreeWorkPreparer.scheduleRequestedTasks(Lorg/gradle/internal/buildtree/BuildTreeWorkGraph;Lorg/gradle/execution/EntryTaskSelector;)Lorg/gradle/internal/buildtree/BuildTreeWorkGraph$FinalizedGraph;+4
j  org.gradle.internal.cc.impl.barrier.BarrierAwareBuildTreeWorkPreparer.scheduleRequestedTasks$lambda$0(Lorg/gradle/internal/cc/impl/barrier/BarrierAwareBuildTreeWorkPreparer;Lorg/gradle/internal/buildtree/BuildTreeWorkGraph;Lorg/gradle/execution/EntryTaskSelector;)Lorg/gradle/internal/buildtree/BuildTreeWorkGraph$FinalizedGraph;+6
j  org.gradle.internal.cc.impl.barrier.BarrierAwareBuildTreeWorkPreparer$$Lambda+0x0000020558417c80.invoke()Ljava/lang/Object;+12
j  org.gradle.internal.cc.impl.barrier.VintageConfigurationTimeActionRunner.runConfigurationTimeAction(Lkotlin/jvm/functions/Function0;)Ljava/lang/Object;+25
j  org.gradle.internal.cc.impl.barrier.BarrierAwareBuildTreeWorkPreparer.scheduleRequestedTasks(Lorg/gradle/internal/buildtree/BuildTreeWorkGraph;Lorg/gradle/execution/EntryTaskSelector;)Lorg/gradle/internal/buildtree/BuildTreeWorkGraph$FinalizedGraph;+18
j  org.gradle.internal.cc.impl.VintageBuildTreeWorkController$scheduleAndRunRequestedTasks$1$finalizedGraph$1.call()Lorg/gradle/internal/buildtree/BuildTreeWorkGraph$FinalizedGraph;+15
j  org.gradle.internal.cc.impl.VintageBuildTreeWorkController$scheduleAndRunRequestedTasks$1$finalizedGraph$1.call()Ljava/lang/Object;+1
j  org.gradle.internal.Try.ofFailable(Ljava/util/concurrent/Callable;)Lorg/gradle/internal/Try;+1
j  org.gradle.internal.cc.impl.VintageBuildTreeWorkController$scheduleAndRunRequestedTasks$1.apply(Lorg/gradle/internal/buildtree/BuildTreeWorkGraph;)Lorg/gradle/internal/buildtree/BuildTreeWorkController$TaskRunResult;+25
j  org.gradle.internal.cc.impl.VintageBuildTreeWorkController$scheduleAndRunRequestedTasks$1.apply(Ljava/lang/Object;)Ljava/lang/Object;+5
j  org.gradle.composite.internal.DefaultIncludedBuildTaskGraph.withNewWorkGraph(Ljava/util/function/Function;)Ljava/lang/Object;+30
j  org.gradle.internal.cc.impl.VintageBuildTreeWorkController.scheduleAndRunRequestedTasks(Lorg/gradle/execution/EntryTaskSelector;)Lorg/gradle/internal/buildtree/BuildTreeWorkController$TaskRunResult;+16
j  org.gradle.internal.buildtree.DefaultBuildTreeLifecycleController.lambda$scheduleAndRunTasks$1(Lorg/gradle/execution/EntryTaskSelector;)Lorg/gradle/internal/build/ExecutionResult;+5
j  org.gradle.internal.buildtree.DefaultBuildTreeLifecycleController$$Lambda+0x0000020558457b78.get()Ljava/lang/Object;+8
j  org.gradle.internal.buildtree.DefaultBuildTreeLifecycleController.lambda$runBuild$5(Ljava/util/function/Supplier;)Ljava/lang/Object;+1
j  org.gradle.internal.buildtree.DefaultBuildTreeLifecycleController$$Lambda+0x0000020558457da0.get()Ljava/lang/Object;+8
j  org.gradle.internal.model.StateTransitionController.lambda$transition$7(Ljava/util/function/Supplier;)Lorg/gradle/internal/build/ExecutionResult;+1
j  org.gradle.internal.model.StateTransitionController$$Lambda+0x0000020558452228.get()Ljava/lang/Object;+4
j  org.gradle.internal.model.StateTransitionController.doTransition(Lorg/gradle/internal/model/StateTransitionController$State;Lorg/gradle/internal/model/StateTransitionController$State;Ljava/util/function/Supplier;)Lorg/gradle/internal/build/ExecutionResult;+24
j  org.gradle.internal.model.StateTransitionController.lambda$transition$8(Lorg/gradle/internal/model/StateTransitionController$State;Lorg/gradle/internal/model/StateTransitionController$State;Ljava/util/function/Supplier;)Ljava/lang/Object;+9
j  org.gradle.internal.model.StateTransitionController$$Lambda+0x0000020558452000.create()Ljava/lang/Object;+16
j  org.gradle.internal.work.DefaultSynchronizer.withLock(Lorg/gradle/internal/Factory;)Ljava/lang/Object;+6
j  org.gradle.internal.model.StateTransitionController.transition(Lorg/gradle/internal/model/StateTransitionController$State;Lorg/gradle/internal/model/StateTransitionController$State;Ljava/util/function/Supplier;)Ljava/lang/Object;+13
j  org.gradle.internal.buildtree.DefaultBuildTreeLifecycleController.runBuild(Ljava/util/function/Supplier;)Ljava/lang/Object;+17
j  org.gradle.internal.buildtree.DefaultBuildTreeLifecycleController.scheduleAndRunTasks(Lorg/gradle/execution/EntryTaskSelector;)V+8
j  org.gradle.internal.buildtree.DefaultBuildTreeLifecycleController.scheduleAndRunTasks()V+2
j  org.gradle.tooling.internal.provider.runner.BuildModelActionRunner.run(Lorg/gradle/internal/invocation/BuildAction;Lorg/gradle/internal/buildtree/BuildTreeLifecycleController;)Lorg/gradle/internal/buildtree/BuildActionRunner$Result;+71
j  org.gradle.launcher.exec.ChainingBuildActionRunner.run(Lorg/gradle/internal/invocation/BuildAction;Lorg/gradle/internal/buildtree/BuildTreeLifecycleController;)Lorg/gradle/internal/buildtree/BuildActionRunner$Result;+34
j  org.gradle.internal.buildtree.ProblemReportingBuildActionRunner.run(Lorg/gradle/internal/invocation/BuildAction;Lorg/gradle/internal/buildtree/BuildTreeLifecycleController;)Lorg/gradle/internal/buildtree/BuildActionRunner$Result;+12
j  org.gradle.launcher.exec.BuildOutcomeReportingBuildActionRunner.run(Lorg/gradle/internal/invocation/BuildAction;Lorg/gradle/internal/buildtree/BuildTreeLifecycleController;)Lorg/gradle/internal/buildtree/BuildActionRunner$Result;+69
j  org.gradle.tooling.internal.provider.FileSystemWatchingBuildActionRunner.run(Lorg/gradle/internal/invocation/BuildAction;Lorg/gradle/internal/buildtree/BuildTreeLifecycleController;)Lorg/gradle/internal/buildtree/BuildActionRunner$Result;+317
j  org.gradle.launcher.exec.BuildCompletionNotifyingBuildActionRunner.run(Lorg/gradle/internal/invocation/BuildAction;Lorg/gradle/internal/buildtree/BuildTreeLifecycleController;)Lorg/gradle/internal/buildtree/BuildActionRunner$Result;+6
j  org.gradle.launcher.exec.RootBuildLifecycleBuildActionExecutor.lambda$execute$0(Lorg/gradle/internal/invocation/BuildAction;Lorg/gradle/internal/buildtree/BuildTreeLifecycleController;)Lorg/gradle/internal/buildtree/BuildActionRunner$Result;+6
j  org.gradle.launcher.exec.RootBuildLifecycleBuildActionExecutor$$Lambda+0x000002055843f0e0.apply(Ljava/lang/Object;)Ljava/lang/Object;+12
j  org.gradle.composite.internal.DefaultRootBuildState.run(Ljava/util/function/Function;)Ljava/lang/Object;+92
j  org.gradle.launcher.exec.RootBuildLifecycleBuildActionExecutor.execute(Lorg/gradle/internal/invocation/BuildAction;)Lorg/gradle/internal/buildtree/BuildActionRunner$Result;+91
j  org.gradle.launcher.exec.BuildTreeLifecycleBuildActionExecutor.runRootBuildAction(Lorg/gradle/internal/invocation/BuildAction;Lorg/gradle/internal/service/ServiceRegistry;Lorg/gradle/internal/buildtree/BuildActionModelRequirements;Lorg/gradle/internal/buildtree/BuildModelParameters;)Lorg/gradle/internal/buildtree/BuildActionRunner$Result;+42
j  org.gradle.launcher.exec.BuildTreeLifecycleBuildActionExecutor.execute(Lorg/gradle/internal/invocation/BuildAction;Lorg/gradle/internal/session/BuildSessionContext;)Lorg/gradle/internal/buildtree/BuildActionRunner$Result;+50
j  org.gradle.launcher.exec.RunAsBuildOperationBuildActionExecutor$2.call(Lorg/gradle/internal/operations/BuildOperationContext;)Lorg/gradle/internal/buildtree/BuildActionRunner$Result;+25
j  org.gradle.launcher.exec.RunAsBuildOperationBuildActionExecutor$2.call(Lorg/gradle/internal/operations/BuildOperationContext;)Ljava/lang/Object;+2
j  org.gradle.internal.operations.DefaultBuildOperationRunner$CallableBuildOperationWorker.execute(Lorg/gradle/internal/operations/CallableBuildOperation;Lorg/gradle/internal/operations/BuildOperationContext;)V+3
j  org.gradle.internal.operations.DefaultBuildOperationRunner$CallableBuildOperationWorker.execute(Lorg/gradle/internal/operations/BuildOperation;Lorg/gradle/internal/operations/BuildOperationContext;)V+6
j  org.gradle.internal.operations.DefaultBuildOperationRunner$2.execute(Lorg/gradle/internal/operations/BuildOperationDescriptor;Lorg/gradle/internal/operations/BuildOperationState;Lorg/gradle/internal/operations/BuildOperationState;Lorg/gradle/internal/operations/DefaultBuildOperationRunner$ReadableBuildOperationContext;Lorg/gradle/internal/operations/DefaultBuildOperationRunner$BuildOperationExecutionListener;)Lorg/gradle/internal/operations/BuildOperation;+22
j  org.gradle.internal.operations.DefaultBuildOperationRunner$2.execute(Lorg/gradle/internal/operations/BuildOperationDescriptor;Lorg/gradle/internal/operations/BuildOperationState;Lorg/gradle/internal/operations/BuildOperationState;Lorg/gradle/internal/operations/DefaultBuildOperationRunner$ReadableBuildOperationContext;Lorg/gradle/internal/operations/DefaultBuildOperationRunner$BuildOperationExecutionListener;)Ljava/lang/Object;+8
j  org.gradle.internal.operations.DefaultBuildOperationRunner.execute(Lorg/gradle/internal/operations/BuildOperationDescriptor$Builder;Lorg/gradle/internal/operations/DefaultBuildOperationRunner$BuildOperationExecution;)Ljava/lang/Object;+141
j  org.gradle.internal.operations.DefaultBuildOperationRunner.execute(Lorg/gradle/internal/operations/BuildOperation;Lorg/gradle/internal/operations/BuildOperationWorker;)V+17
j  org.gradle.internal.operations.DefaultBuildOperationRunner.call(Lorg/gradle/internal/operations/CallableBuildOperation;)Ljava/lang/Object;+12
j  org.gradle.launcher.exec.RunAsBuildOperationBuildActionExecutor.execute(Lorg/gradle/internal/invocation/BuildAction;Lorg/gradle/internal/session/BuildSessionContext;)Lorg/gradle/internal/buildtree/BuildActionRunner$Result;+23
j  org.gradle.launcher.exec.RunAsWorkerThreadBuildActionExecutor.lambda$execute$0(Lorg/gradle/internal/invocation/BuildAction;Lorg/gradle/internal/session/BuildSessionContext;)Lorg/gradle/internal/buildtree/BuildActionRunner$Result;+6
j  org.gradle.launcher.exec.RunAsWorkerThreadBuildActionExecutor$$Lambda+0x0000020558295468.create()Ljava/lang/Object;+12
j  org.gradle.internal.work.DefaultWorkerLeaseService.lambda$runAndReleaseLocks$0(Lorg/gradle/internal/Factory;Ljava/util/Collection;)Ljava/lang/Object;+1
j  org.gradle.internal.work.DefaultWorkerLeaseService$$Lambda+0x0000020558297048.create()Ljava/lang/Object;+12
j  org.gradle.internal.work.ResourceLockStatistics$1.measure(Ljava/lang/String;Ljava/lang/Iterable;Lorg/gradle/internal/Factory;)Ljava/lang/Object;+1
j  org.gradle.internal.work.DefaultWorkerLeaseService.runAndReleaseLocks(Ljava/util/Collection;Lorg/gradle/internal/Factory;)Ljava/lang/Object;+16
j  org.gradle.internal.work.DefaultWorkerLeaseService.withLocksAcquired(Ljava/util/Collection;Lorg/gradle/internal/Factory;)Ljava/lang/Object;+8
j  org.gradle.internal.work.DefaultWorkerLeaseService.withLocks(Ljava/util/Collection;Lorg/gradle/internal/Factory;)Ljava/lang/Object;+25
j  org.gradle.internal.work.DefaultWorkerLeaseService.runAsWorkerThread(Lorg/gradle/internal/Factory;)Ljava/lang/Object;+33
j  org.gradle.launcher.exec.RunAsWorkerThreadBuildActionExecutor.execute(Lorg/gradle/internal/invocation/BuildAction;Lorg/gradle/internal/session/BuildSessionContext;)Lorg/gradle/internal/buildtree/BuildActionRunner$Result;+12
j  org.gradle.tooling.internal.provider.continuous.ContinuousBuildActionExecutor.execute(Lorg/gradle/internal/invocation/BuildAction;Lorg/gradle/internal/session/BuildSessionContext;)Lorg/gradle/internal/buildtree/BuildActionRunner$Result;+58
j  org.gradle.tooling.internal.provider.SubscribableBuildActionExecutor.execute(Lorg/gradle/internal/invocation/BuildAction;Lorg/gradle/internal/session/BuildSessionContext;)Lorg/gradle/internal/buildtree/BuildActionRunner$Result;+30
j  org.gradle.internal.session.DefaultBuildSessionContext.execute(Lorg/gradle/internal/invocation/BuildAction;)Lorg/gradle/internal/buildtree/BuildActionRunner$Result;+64
j  org.gradle.internal.buildprocess.execution.BuildSessionLifecycleBuildActionExecutor$ActionImpl.apply(Lorg/gradle/internal/session/BuildSessionContext;)Lorg/gradle/launcher/exec/BuildActionResult;+6
j  org.gradle.internal.buildprocess.execution.BuildSessionLifecycleBuildActionExecutor$ActionImpl.apply(Ljava/lang/Object;)Ljava/lang/Object;+5
j  org.gradle.internal.session.BuildSessionState.run(Ljava/util/function/Function;)Ljava/lang/Object;+5
j  org.gradle.internal.buildprocess.execution.BuildSessionLifecycleBuildActionExecutor.execute(Lorg/gradle/internal/invocation/BuildAction;Lorg/gradle/launcher/exec/BuildActionParameters;Lorg/gradle/initialization/BuildRequestContext;)Lorg/gradle/launcher/exec/BuildActionResult;+105
j  org.gradle.internal.buildprocess.execution.BuildSessionLifecycleBuildActionExecutor.execute(Lorg/gradle/internal/invocation/BuildAction;Ljava/lang/Object;Ljava/lang/Object;)Lorg/gradle/launcher/exec/BuildActionResult;+10
j  org.gradle.internal.buildprocess.execution.StartParamsValidatingActionExecutor.execute(Lorg/gradle/internal/invocation/BuildAction;Lorg/gradle/launcher/exec/BuildActionParameters;Lorg/gradle/initialization/BuildRequestContext;)Lorg/gradle/launcher/exec/BuildActionResult;+142
j  org.gradle.internal.buildprocess.execution.StartParamsValidatingActionExecutor.execute(Lorg/gradle/internal/invocation/BuildAction;Ljava/lang/Object;Ljava/lang/Object;)Lorg/gradle/launcher/exec/BuildActionResult;+10
j  org.gradle.internal.buildprocess.execution.SessionFailureReportingActionExecutor.execute(Lorg/gradle/internal/invocation/BuildAction;Lorg/gradle/launcher/exec/BuildActionParameters;Lorg/gradle/initialization/BuildRequestContext;)Lorg/gradle/launcher/exec/BuildActionResult;+7
j  org.gradle.internal.buildprocess.execution.SessionFailureReportingActionExecutor.execute(Lorg/gradle/internal/invocation/BuildAction;Ljava/lang/Object;Ljava/lang/Object;)Lorg/gradle/launcher/exec/BuildActionResult;+10
j  org.gradle.internal.buildprocess.execution.SetupLoggingActionExecutor.execute(Lorg/gradle/internal/invocation/BuildAction;Lorg/gradle/launcher/exec/BuildActionParameters;Lorg/gradle/initialization/BuildRequestContext;)Lorg/gradle/launcher/exec/BuildActionResult;+50
j  org.gradle.internal.buildprocess.execution.SetupLoggingActionExecutor.execute(Lorg/gradle/internal/invocation/BuildAction;Ljava/lang/Object;Ljava/lang/Object;)Lorg/gradle/launcher/exec/BuildActionResult;+10
j  org.gradle.launcher.daemon.server.exec.ExecuteBuild.doBuild(Lorg/gradle/launcher/daemon/server/api/DaemonCommandExecution;Lorg/gradle/launcher/daemon/protocol/Build;)V+147
j  org.gradle.launcher.daemon.server.exec.BuildCommandOnly.execute(Lorg/gradle/launcher/daemon/server/api/DaemonCommandExecution;)V+49
j  org.gradle.launcher.daemon.server.api.DaemonCommandExecution.proceed()Z+23
j  org.gradle.launcher.daemon.server.exec.WatchForDisconnection.execute(Lorg/gradle/launcher/daemon/server/api/DaemonCommandExecution;)V+19
j  org.gradle.launcher.daemon.server.api.DaemonCommandExecution.proceed()Z+23
j  org.gradle.launcher.daemon.server.exec.ResetDeprecationLogger.execute(Lorg/gradle/launcher/daemon/server/api/DaemonCommandExecution;)V+7
j  org.gradle.launcher.daemon.server.api.DaemonCommandExecution.proceed()Z+23
j  org.gradle.launcher.daemon.server.exec.RequestStopIfSingleUsedDaemon.execute(Lorg/gradle/launcher/daemon/server/api/DaemonCommandExecution;)V+33
j  org.gradle.launcher.daemon.server.api.DaemonCommandExecution.proceed()Z+23
j  org.gradle.launcher.daemon.server.exec.ForwardClientInput.lambda$execute$0(Lorg/gradle/launcher/daemon/server/api/DaemonCommandExecution;Lorg/gradle/internal/daemon/clientinput/StdinHandler;)Ljava/lang/Object;+11
j  org.gradle.launcher.daemon.server.exec.ForwardClientInput$$Lambda+0x0000020558197a10.apply(Ljava/lang/Object;)Ljava/lang/Object;+8
j  org.gradle.internal.daemon.clientinput.ClientInputForwarder.forwardInput(Ljava/util/function/Function;)Ljava/lang/Object;+46
j  org.gradle.launcher.daemon.server.exec.ForwardClientInput.execute(Lorg/gradle/launcher/daemon/server/api/DaemonCommandExecution;)V+10
j  org.gradle.launcher.daemon.server.api.DaemonCommandExecution.proceed()Z+23
j  org.gradle.launcher.daemon.server.exec.LogAndCheckHealth.execute(Lorg/gradle/launcher/daemon/server/api/DaemonCommandExecution;)V+51
j  org.gradle.launcher.daemon.server.api.DaemonCommandExecution.proceed()Z+23
j  org.gradle.launcher.daemon.server.exec.LogToClient.doBuild(Lorg/gradle/launcher/daemon/server/api/DaemonCommandExecution;Lorg/gradle/launcher/daemon/protocol/Build;)V+87
j  org.gradle.launcher.daemon.server.exec.BuildCommandOnly.execute(Lorg/gradle/launcher/daemon/server/api/DaemonCommandExecution;)V+49
j  org.gradle.launcher.daemon.server.api.DaemonCommandExecution.proceed()Z+23
j  org.gradle.launcher.daemon.server.exec.EstablishBuildEnvironment.doBuild(Lorg/gradle/launcher/daemon/server/api/DaemonCommandExecution;Lorg/gradle/launcher/daemon/protocol/Build;)V+356
j  org.gradle.launcher.daemon.server.exec.BuildCommandOnly.execute(Lorg/gradle/launcher/daemon/server/api/DaemonCommandExecution;)V+49
j  org.gradle.launcher.daemon.server.api.DaemonCommandExecution.proceed()Z+23
j  org.gradle.launcher.daemon.server.exec.StartBuildOrRespondWithBusy$1.run()V+44
j  org.gradle.launcher.daemon.server.DaemonStateCoordinator.lambda$runCommand$0(Ljava/lang/Runnable;)V+1
j  org.gradle.launcher.daemon.server.DaemonStateCoordinator$$Lambda+0x00000205581965a0.run()V+8
j  org.gradle.internal.concurrent.ExecutorPolicy$CatchAndRecordFailures.onExecute(Ljava/lang/Runnable;)V+1
j  org.gradle.internal.concurrent.AbstractManagedExecutor$1.run()V+25
j  java.util.concurrent.ThreadPoolExecutor.runWorker(Ljava/util/concurrent/ThreadPoolExecutor$Worker;)V+92 java.base@21.0.12.1
j  java.util.concurrent.ThreadPoolExecutor$Worker.run()V+5 java.base@21.0.12.1
j  java.lang.Thread.runWith(Ljava/lang/Object;Ljava/lang/Runnable;)V+5 java.base@21.0.12.1
j  java.lang.Thread.run()V+19 java.base@21.0.12.1
v  ~StubRoutines::call_stub 0x000002054ad6100d

Compiled method (n/a) 41862  724     n 0       java.lang.ClassLoader::defineClass1 (native)
 total in heap  [0x000002054b347690,0x000002054b347c28] = 1432
 relocation     [0x000002054b3477f0,0x000002054b347828] = 56
 main code      [0x000002054b347840,0x000002054b347c21] = 993
 stub code      [0x000002054b347c21,0x000002054b347c28] = 7

[Constant Pool (empty)]

[MachCode]
[Entry Point]
  # {method} {0x0000020557434c38} 'defineClass1' '(Ljava/lang/ClassLoader;Ljava/lang/String;[BIILjava/security/ProtectionDomain;Ljava/lang/String;)Ljava/lang/Class;' in 'java/lang/ClassLoader'
  # parm0:    rdx:rdx   = 'java/lang/ClassLoader'
  # parm1:    r8:r8     = 'java/lang/String'
  # parm2:    r9:r9     = '[B'
  # parm3:    rdi       = int
  # parm4:    rsi       = int
  # parm5:    rcx:rcx   = 'java/security/ProtectionDomain'
  # parm6:    [sp+0xa0]   = 'java/lang/String'  (sp of caller)
  0x000002054b347840: 448b 5208 | 49bb 0000 | 0057 0502 | 0000 4d03 | d349 3bc2 | 0f84 0600 

  0x000002054b347858: ;   {runtime_call ic_miss_stub}
  0x000002054b347858: 0000 e921 | 6fa6 ff90 
[Verified Entry Point]
  0x000002054b347860: 8984 2400 | 80ff ff55 | 488b ec48 | 81ec 9000 | 0000 6690 | 4181 7f20 | 0500 0000 

  0x000002054b34787c: ;   {runtime_call StubRoutines (final stubs)}
  0x000002054b34787c: 7405 e81d | eca4 ff48 | 837d 1000 | 488d 4510 | 480f 4445 | 1048 8944 | 2440 4889 | 4c24 7048 
  0x000002054b34789c: 83f9 0048 | 8d44 2470 | 480f 4444 | 2470 4889 | 4424 3848 | 8974 2430 | 4889 7c24 | 284c 894c 
  0x000002054b3478bc: 2458 4983 | f900 488d | 4424 5848 | 0f44 4424 | 5848 8944 | 2420 4c89 | 4424 5049 | 83f8 004c 
  0x000002054b3478dc: 8d4c 2450 | 4c0f 444c | 2450 4889 | 5424 4848 | 83fa 004c | 8d44 2448 | 4c0f 4444 

  0x000002054b3478f8: ;   {oop(a 'java/lang/Class'{0x00000000e0bc4b78} = 'java/lang/ClassLoader')}
  0x000002054b3478f8: 2448 49be | 784b bce0 | 0000 0000 | 4c89 7424 | 784c 8d74 | 2478 498b | d6c5 f877 

  0x000002054b347914: ;   {internal_word}
  0x000002054b347914: 49ba 1179 | 344b 0502 | 0000 4d89 | 97a8 0300 | 0049 89a7 | a003 0000 

  0x000002054b34792c: ;   {external_word}
  0x000002054b34792c: 49ba 066d | 81c8 fd7f | 0000 4180 | 3a00 0f84 | 4e00 0000 | 5241 5041 

  0x000002054b347944: ;   {metadata({method} {0x0000020557434c38} 'defineClass1' '(Ljava/lang/ClassLoader;Ljava/lang/String;[BIILjava/security/ProtectionDomain;Ljava/lang/String;)Ljava/lang/Class;' in 'java/lang/ClassLoader')}
  0x000002054b347944: 5148 ba30 | 4c43 5705 | 0200 0049 | 8bcf 4883 | ec20 40f6 | c40f 0f84 | 1900 0000 | 4883 ec08 
  0x000002054b347964: ;   {runtime_call}
  0x000002054b347964: 48b8 e0ea | 2ac8 fd7f | 0000 ffd0 | 4883 c408 | e90c 0000 

  0x000002054b347978: ;   {runtime_call}
  0x000002054b347978: 0048 b8e0 | ea2a c8fd | 7f00 00ff | d048 83c4 | 2041 5941 | 585a 498d | 8fc0 0300 | 0041 c787 
  0x000002054b347998: 4c04 0000 | 0400 0000 

  0x000002054b3479a0: ;   {runtime_call}
  0x000002054b3479a0: 48b8 ac16 | 9a16 fe7f | 0000 ffd0 | c5f8 7741 | c787 4c04 | 0000 0500 | 0000 f083 | 4424 c000 
  0x000002054b3479c0: 493b af50 | 0400 000f | 870e 0000 | 0041 83bf | 4804 0000 | 000f 842b | 0000 00c5 | f877 4889 
  0x000002054b3479e0: 45f8 498b | cf4c 8be4 | 4883 ec20 | 4883 e4f0 

  0x000002054b3479f0: ;   {runtime_call}
  0x000002054b3479f0: 48b8 0058 | f6c7 fd7f | 0000 ffd0 | 498b e44d | 33e4 488b | 45f8 41c7 | 874c 0400 | 0008 0000 
  0x000002054b347a10: 0041 83bf | c804 0000 | 020f 84d5 

  0x000002054b347a1c: ;   {external_word}
  0x000002054b347a1c: 0100 0049 | ba06 6d81 | c8fd 7f00 | 0041 803a | 000f 844c | 0000 0048 

  0x000002054b347a34: ;   {metadata({method} {0x0000020557434c38} 'defineClass1' '(Ljava/lang/ClassLoader;Ljava/lang/String;[BIILjava/security/ProtectionDomain;Ljava/lang/String;)Ljava/lang/Class;' in 'java/lang/ClassLoader')}
  0x000002054b347a34: 8945 f848 | ba30 4c43 | 5705 0200 | 0049 8bcf | 4883 ec20 | 40f6 c40f | 0f84 1900 | 0000 4883 
  0x000002054b347a54: ;   {runtime_call}
  0x000002054b347a54: ec08 48b8 | e0ea 2ac8 | fd7f 0000 | ffd0 4883 | c408 e90c 

  0x000002054b347a68: ;   {runtime_call}
  0x000002054b347a68: 0000 0048 | b8e0 ea2a | c8fd 7f00 | 00ff d048 | 83c4 2048 | 8b45 f849 | c787 a003 | 0000 0000 
  0x000002054b347a88: 0000 49c7 | 87a8 0300 | 0000 0000 | 00c5 f877 | 4885 c00f | 8430 0100 | 00a8 030f | 8508 0000 
  0x000002054b347aa8: 0048 8b00 | e920 0100 | 00a8 010f | 8509 0000 | 0048 8b40 | fee9 0f01 | 0000 488b | 40ff 4180 
  0x000002054b347ac8: 7f40 000f | 8400 0100 | 0048 83f8 | 000f 84f6 | 0000 0049 | 8b4f 2848 | 83f9 000f | 8414 0000 
  0x000002054b347ae8: 0048 83e9 | 0849 894f | 2849 034f | 3848 8901 | e9d4 0000 | 0048 83ec | 7048 8904 | 2448 894c 
  0x000002054b347b08: 2408 4889 | 5424 104c | 8944 2418 | 4c89 4c24 | 204c 8954 | 2428 4c89 | 5c24 30c5 | fb11 4424 
  0x000002054b347b28: 40c5 fb11 | 4c24 48c5 | fb11 5424 | 50c5 fb11 | 5c24 58c5 | fb11 6424 | 60c5 fb11 | 6c24 6849 
  0x000002054b347b48: 8bd7 488b | c848 83ec | 2040 f6c4 | 0f0f 8419 | 0000 0048 

  0x000002054b347b5c: ;   {runtime_call}
  0x000002054b347b5c: 83ec 0848 | b820 a4e9 | c7fd 7f00 | 00ff d048 | 83c4 08e9 | 0c00 0000 

  0x000002054b347b74: ;   {runtime_call}
  0x000002054b347b74: 48b8 20a4 | e9c7 fd7f | 0000 ffd0 | 4883 c420 | c5fb 106c | 2468 c5fb | 1064 2460 | c5fb 105c 
  0x000002054b347b94: 2458 c5fb | 1054 2450 | c5fb 104c | 2448 c5fb | 1044 2440 | 4c8b 5c24 | 304c 8b54 | 2428 4c8b 
  0x000002054b347bb4: 4c24 204c | 8b44 2418 | 488b 5424 | 1048 8b4c | 2408 488b | 0424 4883 | c470 c5f8 | 7749 8b8f 
  0x000002054b347bd4: 3004 0000 | c781 0001 | 0000 0000 | 0000 c949 | 837f 0800 | 0f85 0100 

  0x000002054b347bec: ;   {runtime_call StubRoutines (initial stubs)}
  0x000002054b347bec: 0000 c3e9 | 0c93 a1ff | c5f8 7748 | 8945 f84c | 8be4 4883 | ec20 4883 

  0x000002054b347c04: ;   {runtime_call}
  0x000002054b347c04: e4f0 48b8 | 3022 2bc8 | fd7f 0000 | ffd0 498b | e44d 33e4 | 488b 45f8 | e9fe fdff | fff4 f4f4 
  0x000002054b347c24: f4f4 f4f4 
[/MachCode]


Compiled method (c2) 41994 5342       4       java.lang.ClassLoader::defineClass (43 bytes)
 total in heap  [0x000002054b59f710,0x000002054b5a1348] = 7224
 relocation     [0x000002054b59f870,0x000002054b59f960] = 240
 main code      [0x000002054b59f960,0x000002054b5a0828] = 3784
 stub code      [0x000002054b5a0828,0x000002054b5a0878] = 80
 oops           [0x000002054b5a0878,0x000002054b5a0890] = 24
 metadata       [0x000002054b5a0890,0x000002054b5a0990] = 256
 scopes data    [0x000002054b5a0990,0x000002054b5a1028] = 1688
 scopes pcs     [0x000002054b5a1028,0x000002054b5a1258] = 560
 dependencies   [0x000002054b5a1258,0x000002054b5a1268] = 16
 handler table  [0x000002054b5a1268,0x000002054b5a1310] = 168
 nul chk table  [0x000002054b5a1310,0x000002054b5a1348] = 56

[Constant Pool (empty)]

[MachCode]
[Entry Point]
  # {method} {0x0000020557434fb8} 'defineClass' '(Ljava/lang/String;[BIILjava/security/ProtectionDomain;)Ljava/lang/Class;' in 'java/lang/ClassLoader'
  # this:     rdx:rdx   = 'java/lang/ClassLoader'
  # parm0:    r8:r8     = 'java/lang/String'
  # parm1:    r9:r9     = '[B'
  # parm2:    rdi       = int
  # parm3:    rsi       = int
  # parm4:    rcx:rcx   = 'java/security/ProtectionDomain'
  #           [sp+0xb0]  (sp of caller)
  0x000002054b59f960: 448b 5208 | 49bb 0000 | 0057 0502 | 0000 4d03 | d349 3bc2 

  0x000002054b59f974: ;   {runtime_call ic_miss_stub}
  0x000002054b59f974: 0f85 06ee | 80ff 6690 | 0f1f 4000 
[Verified Entry Point]
  0x000002054b59f980: 8984 2400 | 80ff ff55 | 4881 eca0 | 0000 0090 | 4181 7f20 | 0500 0000 | 0f85 7c0e | 0000 4889 
  0x000002054b59f9a0: 4c24 4089 | 7424 3c89 | 7c24 384c | 894c 2430 | 4889 5424 | 284c 8984 | 2480 0000 | 0045 8b50 
  0x000002054b59f9c0: 1445 8b5a | 0c45 85db | 0f86 da08 | 0000 450f | be40 1045 | 85c0 0f85 | e409 0000 | c4c2 3af7 
  0x000002054b59f9e0: f341 3bf3 | 448b c645 | 0f4f c34d | 8bf2 4d8d | 4a10 4585 | c00f 8ed0 | 0000 0045 | 3bd8 0f82 
  0x000002054b59fa00: c408 0000 | b82f 0000 | 0049 8bf9 | 418b d048 | 8bdf 83fa | 100f 8c79 | 0000 0083 | fa20 0f8c 
  0x000002054b59fa20: 3600 0000 | c5f9 6ed0 | c4e2 7d78 | d2c5 f5ef | c98b ca83 | e1e0 83e2 | 1fc5 fe6f | 03c5 fd74 
  0x000002054b59fa40: c2c4 e27d | 17c8 0f83 | 6900 0000 | 4883 c320 | 83e9 2075 | e4e9 0d00 | 0000 c5f9 | 6ed0 c5f1 
  0x000002054b59fa60: efc9 c4e2 | 6900 d183 | fa10 0f8c | 2400 0000 

  0x000002054b59fa70: ;   {no_reloc}
  0x000002054b59fa70: 8bca 83e1 | f083 e20f | c5fa 6f03 | c5f9 74c2 | c4e2 7917 | c80f 832a | 0000 0048 | 83c3 1083 
  0x000002054b59fa90: e910 75e4 | 85d2 0f84 | 1200 0000 | 0fb6 0b3b | c174 1c48 | 83c3 0183 | ea01 7402 | ebee bbff 
  0x000002054b59fab0: ffff ffeb | 0dc5 fdd7 | c80f bcc1 | 4803 d848 | 2bdf 83fb | ff0f 8555 | 0900 0041 | 0fb6 2983 
  0x000002054b59fad0: fd5b 0f84 | 7409 0000 | 448d 46fb | 4585 c07c | 4e41 0fbe | 0983 f96a | 7545 4183 | fb04 0f86 
  0x000002054b59faf0: 500a 0000 | 4180 7a11 | 6175 3441 | 807a 1276 | 752d 4180 | 7a13 6175 | 2641 807a | 142e 751f 
  0x000002054b59fb10: ;   {oop(a 'jdk/internal/loader/ClassLoaders$PlatformClassLoader'{0x00000000e0831b48})}
  0x000002054b59fb10: 49b8 481b | 83e0 0000 | 0000 488b | 4c24 2849 | 3bc8 0f85 | 500a 0000 | 4c89 4424 | 50eb 0a48 
  0x000002054b59fb30: ff74 2428 | 488f 4424 | 504c 8b44 | 2440 458b | 6810 458d | 43ff 8d5e | ff41 3bd8 | 410f 4fd8 
  0x000002054b59fb50: 85db 0f8c | c300 0000 | 413b db0f | 8317 0700 | 0085 db0f | 8e8b 0700 | 008d 4bff | 33ff 410f 
  0x000002054b59fb70: be54 1a10 | 83fa 2e0f | 84f0 0300 | 00ff cb3b | d97f eb83 | fb02 0f8e | 7200 0000 | bda0 0f00 
  0x000002054b59fb90: 0044 8d43 | fe83 fb02 | 440f 4cc7 | 4181 f8a0 | 0f00 0044 | 0f47 c58b | d341 2bd0 | 0f1f 4000 
  0x000002054b59fbb0: 4863 cb45 | 0fbe 440a | 1041 83f8 | 2e74 6445 | 0fbe 440a | 0f41 83f8 | 2e74 5d44 | 8d43 fe43 
  0x000002054b59fbd0: 0fbe 4c02 | 1083 f92e | 7452 448d | 43fd 430f | be4c 0210 | 83f9 2e74 | 4383 c3fc | 3bda 7fc0 
  0x000002054b59fbf0: 498b 8758 

  0x000002054b59fbf4: ; ImmutableOopMap {r10=NarrowOop r13=NarrowOop r14=Oop r9=Derived_oop_r14 [40]=Oop [48]=Oop [64]=Oop [80]=Oop [128]=Oop }
                      ;*goto {reexecute=1 rethrow=0 return_oop=0}
                      ; - (reexecute) java.lang.StringLatin1::lastIndexOf@35
                      ; - java.lang.String::lastIndexOf@13
                      ; - java.lang.String::lastIndexOf@8
                      ; - java.lang.ClassLoader::checkCerts@3
                      ; - java.lang.ClassLoader::preDefineClass@113
                      ; - java.lang.ClassLoader::defineClass@4
                      ;   {poll}
  0x000002054b59fbf4: 0400 0085 | 0083 fb02 | 7f93 83fb | ff7e 1890 | 450f be44 | 1a10 4183 | f82e 0f84 | 2b06 0000 
  0x000002054b59fc14: ffcb 83fb | ff7f e941 | b8ff ffff | ffeb 0944 | 8bc3 eb04 | 448d 43ff | 4183 f8ff | 0f84 4e03 
  0x000002054b59fc34: 0000 4585 | c00f 8cb9 | 0700 0044 | 3bc6 0f8f | 9008 0000 | 443b c60f | 840f 0300 | 0045 85c0 
  0x000002054b59fc54: 0f84 1b03 | 0000 498b | 9fb8 0100 | 0048 8bcb | 4883 c118 | 493b 8fc8 | 0100 000f | 8340 0400 
  0x000002054b59fc74: 0049 898f | b801 0000 | 0f18 8100 | 0100 0048 | c703 0100 

  0x000002054b59fc88: ;   {metadata('java/lang/String')}
  0x000002054b59fc88: 0000 c743 | 0878 e800 | 0044 8963 | 0c4c 8963 | 1045 3bc3 | 0f85 9200 | 0000 4963 | fb41 81fb 
  0x000002054b59fca8: 0000 1000 | 0f87 0905 | 0000 498b | b7b8 0100 | 004c 8d47 | 1749 83e0 | f848 8bce | 4903 c849 
  0x000002054b59fcc8: 3b8f c801 | 0000 0f83 | e704 0000 | 4989 8fb8 | 0100 000f | 1881 0001 | 0000 48c7 | 0601 0000 
  0x000002054b59fce8: 000f 1881 | 4001 0000 

  0x000002054b59fcf0: ;   {metadata({type array byte})}
  0x000002054b59fcf0: c746 0818 | 2300 0044 | 895e 0c0f | 1881 8001 | 0000 488b | d648 83c2 | 1048 83c7 | 0748 c1ef 
  0x000002054b59fd10: 0349 8bc9 | 4c8b c7c5 | f877 49ba | 604b d94a | 0502 0000 

  0x000002054b59fd24: ;   {other}
  0x000002054b59fd24: 41ff d20f | 1f84 0000 | 0000 00e9 | d400 0000 | 4181 f800 | 0010 000f | 87e3 0500 | 0049 63c0 
  0x000002054b59fd44: 453b d841 | 8beb 410f | 4fe8 443b | dd0f 8241 | 0600 0044 | 3bc5 0f82 | 3806 0000 | 4883 c017 
  0x000002054b59fd64: 4c8b d849 | 83e3 f841 | 81f8 0000 | 1000 0f87 | c603 0000 | 498b b7b8 | 0100 004c | 8bd6 4d03 
  0x000002054b59fd84: d34d 3b97 | c801 0000 | 0f83 ac03 | 0000 4d89 | 97b8 0100 | 0041 0f18 | 8200 0100 | 0048 c706 
  0x000002054b59fda4: 0100 0000 | 410f 1882 | 4001 0000 

  0x000002054b59fdb0: ;   {metadata({type array byte})}
  0x000002054b59fdb0: c746 0818 | 2300 0044 | 8946 0c41 | 0f18 8280 | 0100 004c | 8bd6 4983 | c210 48c1 | e803 85ed 
  0x000002054b59fdd0: 0f84 5605 | 0000 413b | e80f 8c38 | 0200 0049 | 83c3 f049 | c1eb 0349 | 8bc9 498b | d24d 8bc3 
  0x000002054b59fdf0: c5f8 7749 | ba60 4bd9 | 4a05 0200 | 0041 ffd2 

  0x000002054b59fe00: ;   {other}
  0x000002054b59fe00: 0f1f 8400 | 0000 0000 | 4180 7f40 | 000f 8580 | 0100 004c | 8bd3 4c8b | c644 8943 | 144c 8bde 
  0x000002054b59fe20: 4d33 da49 | c1eb 144d | 85db 741a | 49c1 ea09 | 48b9 0000 | 7852 0502 | 0000 4903 | ca80 3902 
  0x000002054b59fe40: 0f85 8001 | 0000 4488 | 6310 418b | 6d14 85ed | 0f85 1a06 | 0000 418b | 6d10 85ed | 0f85 4206 
  0x000002054b59fe60: 0000 4c8b | 5424 5045 | 8b5a 2c45 | 85db 0f84 | d303 0000 | 498b d3bf | 0100 0000 

  0x000002054b59fe7c: ;   {oop(a 'java/security/cert/Certificate'[0] {0x00000000e0bc4bf8})}
  0x000002054b59fe7c: 49b9 f84b | bce0 0000 | 0000 4c8b | c366 6690 

  0x000002054b59fe8c: ;   {optimized virtual_call}
  0x000002054b59fe8c: c5f8 77e8 

  0x000002054b59fe90: ; ImmutableOopMap {[40]=Oop [48]=Oop [64]=Oop [80]=Oop [128]=Oop }
                      ;*invokevirtual putVal {reexecute=0 rethrow=0 return_oop=1}
                      ; - java.util.concurrent.ConcurrentHashMap::putIfAbsent@4
                      ; - java.lang.ClassLoader::checkCerts@62
                      ; - java.lang.ClassLoader::preDefineClass@113
                      ; - java.lang.ClassLoader::defineClass@4
  0x000002054b59fe90: 8c27 c9f8 

  0x000002054b59fe94: ;   {other}
  0x000002054b59fe94: 0f1f 8400 | 8407 0001 | 4885 c074 | 1c44 8b50 

  0x000002054b59fea4: ;   {metadata('java/security/cert/Certificate'[])}
  0x000002054b59fea4: 0841 81fa | 2029 1000 | 0f85 1a07 | 0000 8b68 | 0c85 ed0f | 8747 0600 | 004c 8b54 | 2440 458b 
  0x000002054b59fec4: 5210 418b | 6a0c 448b | 5538 4585 | d20f 8489 | 0300 0049 | 8bd2 4c8b | c566 6690 

  0x000002054b59fee0: ;   {optimized virtual_call}
  0x000002054b59fee0: c5f8 77e8 

  0x000002054b59fee4: ; ImmutableOopMap {[40]=Oop [48]=Oop [64]=Oop [128]=Oop }
                      ;*invokevirtual toExternalForm {reexecute=0 rethrow=0 return_oop=1}
                      ; - java.net.URL::toExternalForm@5
                      ; - java.net.URL::toString@1
                      ; - java.lang.ClassLoader::defineClassSourceLocation@22
                      ; - java.lang.ClassLoader::defineClass@12
  0x000002054b59fee4: 1812 ffff 

  0x000002054b59fee8: ;   {other}
  0x000002054b59fee8: 0f1f 8400 | d807 0002 | 488b 5424 | 284c 8b84 | 2480 0000 | 004c 8b4c | 2430 8b7c | 2438 8b74 
  0x000002054b59ff08: 243c 488b | 4c24 4048 | 8904 2490 

  0x000002054b59ff14: ;   {static_call}
  0x000002054b59ff14: c5f8 77e8 

  0x000002054b59ff18: ; ImmutableOopMap {[40]=Oop [64]=Oop }
                      ;*invokestatic defineClass1 {reexecute=0 rethrow=0 return_oop=1}
                      ; - java.lang.ClassLoader::defineClass@27
  0x000002054b59ff18: 4479 daff 

  0x000002054b59ff1c: ;   {other}
  0x000002054b59ff1c: 0f1f 8400 | 0c08 0003 | 488b e848 | 8b54 2428 | 4c8b c04c | 8b4c 2440 

  0x000002054b59ff34: ;   {optimized virtual_call}
  0x000002054b59ff34: c5f8 77e8 

  0x000002054b59ff38: ; ImmutableOopMap {rbp=Oop }
                      ;*invokevirtual postDefineClass {reexecute=0 rethrow=0 return_oop=0}
                      ; - java.lang.ClassLoader::defineClass@37
  0x000002054b59ff38: 2406 f8ff 

  0x000002054b59ff3c: ;   {other}
  0x000002054b59ff3c: 0f1f 8400 | 2c08 0004 | 488b c5c5 | f877 4881 | c4a0 0000 

  0x000002054b59ff50: ;   {poll_return}
  0x000002054b59ff50: 005d 493b | a750 0400 | 000f 87a5 | 0800 00c3 | 488b 9c24 | 8000 0000 | e9dd feff | ff44 8bc3 
  0x000002054b59ff70: e9b7 fcff 

  0x000002054b59ff74: ;   {oop(""{0x00000000e0836850})}
  0x000002054b59ff74: ff48 bb50 | 6883 e000 | 0000 00e9 | c6fe ffff 

  0x000002054b59ff84: ;   {oop(""{0x00000000e0836850})}
  0x000002054b59ff84: 48bb 5068 | 83e0 0000 | 0000 e9b7 | feff ff44 | 8b53 1445 | 85d2 0f84 | 73fe ffff | 4d8b 5f28 
  0x000002054b59ffa4: 498b ca4d | 85db 0f84 | 7405 0000 | 4d8b 5738 | 4b89 4c1a | f849 83c3 | f84d 895f | 28e9 4dfe 
  0x000002054b59ffc4: ffff 4d8b | 5748 4d8b | 5f58 f083 | 4424 c000 | 8039 000f | 8469 feff | ff44 8821 | 4d85 d275 
  0x000002054b59ffe4: 2049 8bd7 | c5f8 7749 | ba00 a4e9 | c7fd 7f00 | 0041 ffd2 

  0x000002054b59fff8: ;   {other}
  0x000002054b59fff8: 0f1f 8400 | 0000 0000 | e941 feff | ff4b 894c | 13f8 4983 | c2f8 4d89 | 5748 e92f | feff ff4c 
  0x000002054b5a0018: 63c5 4d8d | 5810 498b | cb48 83e1 | f848 8bfe | 4803 f949 | c1eb 0349 | 2bc3 488b | c848 33c0 
  0x000002054b5a0038: 4883 f908 | 7f10 48ff | c978 4f48 | 8904 cf48 | ffc9 7df7 | eb44 c5fd | efc0 e90d | 0000 00c5 
  0x000002054b5a0058: fe7f 07c5 | fe7f 4720 | 4883 c740 | 4883 e908 | 7ded 4883 | c104 7c0c | c5fe 7f07 | 4883 c720 
  0x000002054b5a0078: 4883 e904 | 4883 c104 | 7e10 48ff | c9c5 f9d6 | 0748 83c7 | 0848 ffc9 | 7df3 498b | c949 8bd2 
  0x000002054b5a0098: c5f8 7749 | bac0 44d9 | 4a05 0200 | 0041 ffd2 

  0x000002054b5a00a8: ;   {other}
  0x000002054b5a00a8: 0f1f 8400 | 0000 0000 | e953 fdff | ff44 8944 | 246c 4489 | 6c24 6848 | ff74 2450 | 488f 4424 
  0x000002054b5a00c8: 604c 894c | 2458 4c89 | 7424 5044 | 895c 244c | 4489 5424 | 4848 ff74 | 2428 488f 

  0x000002054b5a00e4: ;   {metadata('java/lang/String')}
  0x000002054b5a00e4: 4424 2048 | ba78 e800 | 5705 0200 | 0066 6690 

  0x000002054b5a00f4: ;   {runtime_call _new_instance_Java}
  0x000002054b5a00f4: c5f8 77e8 

  0x000002054b5a00f8: ; ImmutableOopMap {[32]=Oop [48]=Oop [64]=Oop [72]=NarrowOop [80]=Oop [88]=Derived_oop_[80] [96]=Oop [104]=NarrowOop [128]=Oop }
                      ;*new {reexecute=0 rethrow=0 return_oop=1}
                      ; - java.lang.StringLatin1::newString@7
                      ; - java.lang.String::substring@41
                      ; - java.lang.ClassLoader::checkCerts@21
                      ; - java.lang.ClassLoader::preDefineClass@113
                      ; - java.lang.ClassLoader::defineClass@4
  0x000002054b5a00f8: 8464 8dff 

  0x000002054b5a00fc: ;   {other}
  0x000002054b5a00fc: 0f1f 8400 | ec09 0005 | 48ff 7424 | 2048 8f44 | 2428 448b | 5424 4844 | 8b5c 244c | 4c8b 7424 
  0x000002054b5a011c: 504c 8b4c | 2458 48ff | 7424 6048 | 8f44 2450 | 448b 6c24 | 6844 8b44 | 246c 488b | d8e9 5bfb 
  0x000002054b5a013c: ffff 4c89 | 5c24 7848 | 8944 2470 | 4889 5c24 | 6844 8944 | 2464 4489 | 6c24 6048 | ff74 2450 
  0x000002054b5a015c: 488f 4424 | 584c 894c | 2450 4c89 

  0x000002054b5a0168: ;   {metadata({type array byte})}
  0x000002054b5a0168: 7424 4848 | ba18 2300 | 5705 0200 | 0066 6690 

  0x000002054b5a0178: ;   {runtime_call _new_array_nozero_Java}
  0x000002054b5a0178: c5f8 77e8 

  0x000002054b5a017c: ; ImmutableOopMap {[40]=Oop [48]=Oop [64]=Oop [72]=Oop [80]=Derived_oop_[72] [88]=Oop [96]=NarrowOop [104]=Oop [128]=Oop }
                      ;*newarray {reexecute=0 rethrow=0 return_oop=1}
                      ; - java.util.Arrays::copyOfRangeByte@10
                      ; - java.util.Arrays::copyOfRange@13
                      ; - java.lang.StringLatin1::newString@16
                      ; - java.lang.String::substring@41
                      ; - java.lang.ClassLoader::checkCerts@21
                      ; - java.lang.ClassLoader::preDefineClass@113
                      ; - java.lang.ClassLoader::defineClass@4
  0x000002054b5a017c: 006a 8dff 

  0x000002054b5a0180: ;   {other}
  0x000002054b5a0180: 0f1f 8400 | 700a 0006 | 4c8b d04c | 8b4c 2450 | 48ff 7424 | 5848 8f44 | 2450 448b | 6c24 6044 
  0x000002054b5a01a0: 8b44 2464 | 488b 5c24 | 6848 8b44 | 2470 4c8b | 5c24 7849 | 8bf2 e908 | fcff ff48 | 897c 2470 
  0x000002054b5a01c0: 4889 5c24 | 6844 896c | 2460 48ff | 7424 5048 | 8f44 2458 | 4c89 4c24 | 504c 8974 | 2448 418b 
  0x000002054b5a01e0: ea48 ffb4 | 2480 0000 | 0048 8f44 

  0x000002054b5a01ec: ;   {metadata({type array byte})}
  0x000002054b5a01ec: 2420 48ba | 1823 0057 | 0502 0000 | 458b c390 

  0x000002054b5a01fc: ;   {runtime_call _new_array_nozero_Java}
  0x000002054b5a01fc: c5f8 77e8 

  0x000002054b5a0200: ; ImmutableOopMap {rbp=NarrowOop [32]=Oop [40]=Oop [48]=Oop [64]=Oop [72]=Oop [80]=Derived_oop_[72] [88]=Oop [96]=NarrowOop [104]=Oop }
                      ;*invokevirtual clone {reexecute=1 rethrow=0 return_oop=1}
                      ; - (reexecute) java.util.Arrays::copyOfRange@18
                      ; - java.lang.StringLatin1::newString@16
                      ; - java.lang.String::substring@41
                      ; - java.lang.ClassLoader::checkCerts@21
                      ; - java.lang.ClassLoader::preDefineClass@113
                      ; - java.lang.ClassLoader::defineClass@4
  0x000002054b5a0200: 7c69 8dff 

  0x000002054b5a0204: ;   {other}
  0x000002054b5a0204: 0f1f 8400 | f40a 0007 | 48ff 7424 | 2048 8f84 | 2480 0000 | 004c 8b4c | 2450 48ff | 7424 5848 
  0x000002054b5a0224: 8f44 2450 | 448b 6c24 | 6048 8b5c | 2468 488b | 7c24 7048 | 8bf0 e9c3 | faff ff44 | 8bc3 e9e5 
  0x000002054b5a0244: f9ff ffba | f6ff ffff | 488b eb90 

  0x000002054b5a0250: ;   {runtime_call UncommonTrapBlob}
  0x000002054b5a0250: c5f8 77e8 

  0x000002054b5a0254: ; ImmutableOopMap {rbp=Oop }
                      ;*invokevirtual putIfAbsent {reexecute=0 rethrow=0 return_oop=0}
                      ; - java.lang.ClassLoader::checkCerts@62
                      ; - java.lang.ClassLoader::preDefineClass@113
                      ; - java.lang.ClassLoader::defineClass@4
  0x000002054b5a0254: 2841 81ff 

  0x000002054b5a0258: ;   {other}
  0x000002054b5a0258: 0f1f 8400 | 480b 0008 | baf6 ffff | ff66 6690 

  0x000002054b5a0268: ;   {runtime_call UncommonTrapBlob}
  0x000002054b5a0268: c5f8 77e8 

  0x000002054b5a026c: ; ImmutableOopMap {rbp=NarrowOop }
                      ;*invokevirtual toExternalForm {reexecute=0 rethrow=0 return_oop=0}
                      ; - java.net.URL::toExternalForm@5
                      ; - java.net.URL::toString@1
                      ; - java.lang.ClassLoader::defineClassSourceLocation@22
                      ; - java.lang.ClassLoader::defineClass@12
  0x000002054b5a026c: 1041 81ff 

  0x000002054b5a0270: ;   {other}
  0x000002054b5a0270: 0f1f 8400 | 600b 0009 | ba76 ffff | ff41 8bea | 895c 2424 | 48ff b424 | 8000 0000 | 488f 4424 
  0x000002054b5a0290: 4844 896c | 2460 6690 

  0x000002054b5a0298: ;   {runtime_call UncommonTrapBlob}
  0x000002054b5a0298: c5f8 77e8 

  0x000002054b5a029c: ; ImmutableOopMap {rbp=NarrowOop [40]=Oop [48]=Oop [64]=Oop [72]=Oop [80]=Oop [96]=NarrowOop }
                      ;*iflt {reexecute=1 rethrow=0 return_oop=0}
                      ; - (reexecute) java.lang.StringLatin1::lastIndexOf@19
                      ; - java.lang.String::lastIndexOf@13
                      ; - java.lang.String::lastIndexOf@8
                      ; - java.lang.ClassLoader::checkCerts@3
                      ; - java.lang.ClassLoader::preDefineClass@113
                      ; - java.lang.ClassLoader::defineClass@4
  0x000002054b5a029c: e040 81ff 

  0x000002054b5a02a0: ;   {other}
  0x000002054b5a02a0: 0f1f 8400 | 900b 000a | ba45 ffff | ff48 8b6c | 2428 4c89 | 4424 4890 

  0x000002054b5a02b8: ;   {runtime_call UncommonTrapBlob}
  0x000002054b5a02b8: c5f8 77e8 

  0x000002054b5a02bc: ; ImmutableOopMap {rbp=Oop [48]=Oop [64]=Oop [72]=Oop [128]=Oop }
                      ;*ifeq {reexecute=1 rethrow=0 return_oop=0}
                      ; - (reexecute) java.lang.ClassLoader::checkName@8
                      ; - java.lang.ClassLoader::preDefineClass@1
                      ; - java.lang.ClassLoader::defineClass@4
  0x000002054b5a02bc: c040 81ff 

  0x000002054b5a02c0: ;   {other}
  0x000002054b5a02c0: 0f1f 8400 | b00b 000b | bace ffff | ff41 8bea | 48ff b424 | 8000 0000 | 488f 4424 | 4844 8944 
  0x000002054b5a02e0: 2460 6690 

  0x000002054b5a02e4: ;   {runtime_call UncommonTrapBlob}
  0x000002054b5a02e4: c5f8 77e8 

  0x000002054b5a02e8: ; ImmutableOopMap {rbp=NarrowOop [40]=Oop [48]=Oop [64]=Oop [72]=Oop }
                      ;*invokestatic indexOfChar {reexecute=0 rethrow=0 return_oop=0}
                      ; - java.lang.StringLatin1::indexOf@33
                      ; - java.lang.String::indexOf@17
                      ; - java.lang.String::indexOf@3
                      ; - java.lang.ClassLoader::checkName@16
                      ; - java.lang.ClassLoader::preDefineClass@1
                      ; - java.lang.ClassLoader::defineClass@4
  0x000002054b5a02e8: 9440 81ff 

  0x000002054b5a02ec: ;   {other}
  0x000002054b5a02ec: 0f1f 8400 | dc0b 000c | ba6e ffff | ff41 8bea | 895c 2424 | 48ff b424 | 8000 0000 | 488f 4424 
  0x000002054b5a030c: 4844 896c | 2460 6690 

  0x000002054b5a0314: ;   {runtime_call UncommonTrapBlob}
  0x000002054b5a0314: c5f8 77e8 

  0x000002054b5a0318: ; ImmutableOopMap {rbp=NarrowOop [40]=Oop [48]=Oop [64]=Oop [72]=Oop [80]=Oop [96]=NarrowOop }
                      ;*iflt {reexecute=1 rethrow=0 return_oop=0}
                      ; - (reexecute) java.lang.StringLatin1::lastIndexOf@19
                      ; - java.lang.String::lastIndexOf@13
                      ; - java.lang.String::lastIndexOf@8
                      ; - java.lang.ClassLoader::checkCerts@3
                      ; - java.lang.ClassLoader::preDefineClass@113
                      ; - java.lang.ClassLoader::defineClass@4
  0x000002054b5a0318: 6440 81ff 

  0x000002054b5a031c: ;   {other}
  0x000002054b5a031c: 0f1f 8400 | 0c0c 000d | 4963 c0e9 | 18fa ffff | 4883 c0fe | 488b c849 | 8bfa 4833 | c048 83f9 
  0x000002054b5a033c: 087f 1048 | ffc9 784f | 4889 04cf | 48ff c97d | f7eb 44c5 | fdef c0e9 | 0d00 0000 | c5fe 7f07 
  0x000002054b5a035c: c5fe 7f47 | 2048 83c7 | 4048 83e9 | 087d ed48 | 83c1 047c | 0cc5 fe7f | 0748 83c7 | 2048 83e9 
  0x000002054b5a037c: 0448 83c1 | 047e 1048 | ffc9 c5f9 | d607 4883 | c708 48ff | c97d f3e9 | 70fa ffff | bacc ffff 
  0x000002054b5a039c: ff41 8bea | 4489 4424 | 2444 896c | 2460 4889 | 5c24 7090 

  0x000002054b5a03b0: ;   {runtime_call UncommonTrapBlob}
  0x000002054b5a03b0: c5f8 77e8 

  0x000002054b5a03b4: ; ImmutableOopMap {rbp=NarrowOop [40]=Oop [48]=Oop [64]=Oop [80]=Oop [96]=NarrowOop [112]=Oop [128]=Oop }
                      ;*newarray {reexecute=1 rethrow=0 return_oop=0}
                      ; - (reexecute) java.util.Arrays::copyOfRangeByte@10
                      ; - java.util.Arrays::copyOfRange@13
                      ; - java.lang.StringLatin1::newString@16
                      ; - java.lang.String::substring@41
                      ; - java.lang.ClassLoader::checkCerts@21
                      ; - java.lang.ClassLoader::preDefineClass@113
                      ; - java.lang.ClassLoader::defineClass@4
  0x000002054b5a03b4: c83f 81ff 

  0x000002054b5a03b8: ;   {other}
  0x000002054b5a03b8: 0f1f 8400 | a80c 000e | 4533 db45 | 85c0 410f | 94c3 ba45 | ffff ff48 | 8b6c 2428 | 48ff b424 
  0x000002054b5a03d8: 8000 0000 | 488f 4424 | 2044 895c | 2460 6690 

  0x000002054b5a03e8: ;   {runtime_call UncommonTrapBlob}
  0x000002054b5a03e8: c5f8 77e8 

  0x000002054b5a03ec: ; ImmutableOopMap {rbp=Oop [32]=Oop [48]=Oop [64]=Oop }
                      ;*ifeq {reexecute=1 rethrow=0 return_oop=0}
                      ; - (reexecute) java.lang.String::indexOf@4
                      ; - java.lang.String::indexOf@3
                      ; - java.lang.ClassLoader::checkName@16
                      ; - java.lang.ClassLoader::preDefineClass@1
                      ; - java.lang.ClassLoader::defineClass@4
  0x000002054b5a03ec: 903f 81ff 

  0x000002054b5a03f0: ;   {other}
  0x000002054b5a03f0: 0f1f 8400 | e00c 000f | ba45 ffff | ff44 8944 | 2420 4489 | 4424 2444 | 896c 2460 | 8974 2470 
  0x000002054b5a0410: ;   {runtime_call UncommonTrapBlob}
  0x000002054b5a0410: c5f8 77e8 

  0x000002054b5a0414: ; ImmutableOopMap {[40]=Oop [48]=Oop [64]=Oop [80]=Oop [96]=NarrowOop [128]=Oop }
                      ;*if_icmpgt {reexecute=1 rethrow=0 return_oop=0}
                      ; - (reexecute) jdk.internal.util.Preconditions::checkFromToIndex@6
                      ; - java.lang.String::checkBoundsBeginEnd@6
                      ; - java.lang.String::substring@8
                      ; - java.lang.ClassLoader::checkCerts@21
                      ; - java.lang.ClassLoader::preDefineClass@113
                      ; - java.lang.ClassLoader::defineClass@4
  0x000002054b5a0414: 683f 81ff 

  0x000002054b5a0418: ;   {other}
  0x000002054b5a0418: 0f1f 8400 | 080d 0010 | ba45 ffff | ff48 8b6c | 2428 48ff | b424 8000 | 0000 488f | 4424 2089 
  0x000002054b5a0438: 5c24 5090 

  0x000002054b5a043c: ;   {runtime_call UncommonTrapBlob}
  0x000002054b5a043c: c5f8 77e8 

  0x000002054b5a0440: ; ImmutableOopMap {rbp=Oop [32]=Oop [48]=Oop [64]=Oop }
                      ;*if_icmpne {reexecute=1 rethrow=0 return_oop=0}
                      ; - (reexecute) java.lang.ClassLoader::checkName@20
                      ; - java.lang.ClassLoader::preDefineClass@1
                      ; - java.lang.ClassLoader::defineClass@4
  0x000002054b5a0440: 3c3f 81ff 

  0x000002054b5a0444: ;   {other}
  0x000002054b5a0444: 0f1f 8400 | 340d 0011 | ba45 ffff | ff48 ffb4 | 2480 0000 | 0048 8f44 | 2448 6690 

  0x000002054b5a0460: ;   {runtime_call UncommonTrapBlob}
  0x000002054b5a0460: c5f8 77e8 

  0x000002054b5a0464: ; ImmutableOopMap {[40]=Oop [48]=Oop [64]=Oop [72]=Oop }
                      ;*if_icmpne {reexecute=1 rethrow=0 return_oop=0}
                      ; - (reexecute) java.lang.ClassLoader::checkName@30
                      ; - java.lang.ClassLoader::preDefineClass@1
                      ; - java.lang.ClassLoader::defineClass@4
  0x000002054b5a0464: 183f 81ff 

  0x000002054b5a0468: ;   {other}
  0x000002054b5a0468: 0f1f 8400 | 580d 0012 | ba45 ffff | ff48 ff74 | 2428 488f | 4424 2048 | ff74 2450 | 488f 4424 
  0x000002054b5a0488: 4848 895c | 2458 4489 | 6c24 6090 

  0x000002054b5a0494: ;   {runtime_call UncommonTrapBlob}
  0x000002054b5a0494: c5f8 77e8 

  0x000002054b5a0498: ; ImmutableOopMap {rbp=NarrowOop [32]=Oop [48]=Oop [64]=Oop [72]=Oop [88]=Oop [96]=NarrowOop [128]=Oop }
                      ;*ifnull {reexecute=1 rethrow=0 return_oop=0}
                      ; - (reexecute) java.security.CodeSource::getCertificates@4
                      ; - java.lang.ClassLoader::checkCerts@34
                      ; - java.lang.ClassLoader::preDefineClass@113
                      ; - java.lang.ClassLoader::defineClass@4
  0x000002054b5a0498: e43e 81ff 

  0x000002054b5a049c: ;   {other}
  0x000002054b5a049c: 0f1f 8400 | 8c0d 0013 | ba45 ffff | ff48 ff74 | 2428 488f | 4424 2048 | ff74 2450 | 488f 4424 
  0x000002054b5a04bc: 4848 895c | 2458 4489 | 6c24 6090 

  0x000002054b5a04c8: ;   {runtime_call UncommonTrapBlob}
  0x000002054b5a04c8: c5f8 77e8 

  0x000002054b5a04cc: ; ImmutableOopMap {rbp=NarrowOop [32]=Oop [48]=Oop [64]=Oop [72]=Oop [88]=Oop [96]=NarrowOop [128]=Oop }
                      ;*ifnull {reexecute=1 rethrow=0 return_oop=0}
                      ; - (reexecute) java.security.CodeSource::getCertificates@22
                      ; - java.lang.ClassLoader::checkCerts@34
                      ; - java.lang.ClassLoader::preDefineClass@113
                      ; - java.lang.ClassLoader::defineClass@4
  0x000002054b5a04cc: b03e 81ff 

  0x000002054b5a04d0: ;   {other}
  0x000002054b5a04d0: 0f1f 8400 | c00d 0014 | ba45 ffff | ff44 8944 | 2420 4489 | 4424 2444 | 896c 2460 | 8974 2470 
  0x000002054b5a04f0: 8974 2474 

  0x000002054b5a04f4: ;   {runtime_call UncommonTrapBlob}
  0x000002054b5a04f4: c5f8 77e8 

  0x000002054b5a04f8: ; ImmutableOopMap {[40]=Oop [48]=Oop [64]=Oop [80]=Oop [96]=NarrowOop [128]=Oop }
                      ;*if_icmple {reexecute=1 rethrow=0 return_oop=0}
                      ; - (reexecute) jdk.internal.util.Preconditions::checkFromToIndex@11
                      ; - java.lang.String::checkBoundsBeginEnd@6
                      ; - java.lang.String::substring@8
                      ; - java.lang.ClassLoader::checkCerts@21
                      ; - java.lang.ClassLoader::preDefineClass@113
                      ; - java.lang.ClassLoader::defineClass@4
  0x000002054b5a04f8: 843e 81ff 

  0x000002054b5a04fc: ;   {other}
  0x000002054b5a04fc: 0f1f 8400 | ec0d 0015 | ba45 ffff | ff48 ff74 | 2428 488f | 4424 2090 

  0x000002054b5a0514: ;   {runtime_call UncommonTrapBlob}
  0x000002054b5a0514: c5f8 77e8 

  0x000002054b5a0518: ; ImmutableOopMap {[32]=Oop [48]=Oop [64]=Oop [128]=Oop }
                      ;*ifne {reexecute=1 rethrow=0 return_oop=0}
                      ; - (reexecute) java.lang.ClassLoader::compareCerts@7
                      ; - java.lang.ClassLoader::checkCerts@80
                      ; - java.lang.ClassLoader::preDefineClass@113
                      ; - java.lang.ClassLoader::defineClass@4
  0x000002054b5a0518: 643e 81ff 

  0x000002054b5a051c: ;   {other}
  0x000002054b5a051c: 0f1f 8400 | 0c0e 0016 | 498b d7c5 | f877 49ba | 20a4 e9c7 | fd7f 0000 

  0x000002054b5a0534: ;   {other}
  0x000002054b5a0534: 41ff d20f | 1f84 0000 | 0000 00e9 | cff8 ffff | bae4 ffff | ff44 8954 | 2420 48ff | b424 8000 
  0x000002054b5a0554: 0000 488f | 4424 4844 | 8b5c 2438 | 4489 5c24 | 2466 6690 

  0x000002054b5a0568: ;   {runtime_call UncommonTrapBlob}
  0x000002054b5a0568: c5f8 77e8 

  0x000002054b5a056c: ; ImmutableOopMap {[32]=NarrowOop [40]=Oop [48]=Oop [64]=Oop [72]=Oop }
                      ;*baload {reexecute=0 rethrow=0 return_oop=0}
                      ; - jdk.internal.util.ArraysSupport::mismatch@82
                      ; - java.lang.String::startsWith@70
                      ; - java.lang.String::startsWith@3
                      ; - java.lang.ClassLoader::preDefineClass@43
                      ; - java.lang.ClassLoader::defineClass@4
  0x000002054b5a056c: 103e 81ff 

  0x000002054b5a0570: ;   {other}
  0x000002054b5a0570: 0f1f 8400 | 600e 0017 | ba37 0100 | 0048 8be9 | 48ff b424 | 8000 0000 | 488f 4424 | 2048 ff74 
  0x000002054b5a0590: 2430 488f | 4424 2848 | 8944 24f8 | 8b44 2438 | 8944 2430 | 488b 4424 | f848 8944 | 24f8 8b44 
  0x000002054b5a05b0: 243c 8944 | 2434 488b | 4424 f890 

  0x000002054b5a05bc: ;   {runtime_call UncommonTrapBlob}
  0x000002054b5a05bc: c5f8 77e8 

  0x000002054b5a05c0: ; ImmutableOopMap {rbp=Oop [32]=Oop [40]=Oop }
                      ;*new {reexecute=0 rethrow=0 return_oop=0}
                      ; - java.lang.ClassLoader::preDefineClass@56
                      ; - java.lang.ClassLoader::defineClass@4
  0x000002054b5a05c0: bc3d 81ff 

  0x000002054b5a05c4: ;   {other}
  0x000002054b5a05c4: 0f1f 8400 | b40e 0018 | bade ffff | ff48 8b6c | 2428 48ff | 7424 3048 | 8f44 2428 | 4889 4424 
  0x000002054b5a05e4: f88b 4424 | 3889 4424 | 3048 8b44 | 24f8 4889 | 4424 f88b | 4424 3c89 | 4424 3448 | 8b44 24f8 
  0x000002054b5a0604: 48ff 7424 | 4048 8f44 | 2438 48ff | 7424 5048 | 8f44 2440 | 4889 4424 | 5066 6690 

  0x000002054b5a0620: ;   {runtime_call UncommonTrapBlob}
  0x000002054b5a0620: c5f8 77e8 

  0x000002054b5a0624: ; ImmutableOopMap {rbp=Oop [40]=Oop [56]=Oop [64]=Oop [80]=Oop [128]=Oop }
                      ;*checkcast {reexecute=0 rethrow=0 return_oop=0}
                      ; - java.lang.ClassLoader::checkCerts@65
                      ; - java.lang.ClassLoader::preDefineClass@113
                      ; - java.lang.ClassLoader::defineClass@4
  0x000002054b5a0624: 583d 81ff 

  0x000002054b5a0628: ;   {other}
  0x000002054b5a0628: 0f1f 8400 | 180f 0019 | baf6 ffff | ff66 6690 

  0x000002054b5a0638: ;   {runtime_call UncommonTrapBlob}
  0x000002054b5a0638: c5f8 77e8 

  0x000002054b5a063c: ; ImmutableOopMap {}
                      ;*arraylength {reexecute=0 rethrow=0 return_oop=0}
                      ; - java.lang.String::isEmpty@4
                      ; - java.lang.ClassLoader::checkName@5
                      ; - java.lang.ClassLoader::preDefineClass@1
                      ; - java.lang.ClassLoader::defineClass@4
  0x000002054b5a063c: 403d 81ff 

  0x000002054b5a0640: ;   {other}
  0x000002054b5a0640: 0f1f 8400 | 300f 001a | ba45 ffff | ff48 8b6c | 2428 4c89 | 4424 484c | 8944 2450 

  0x000002054b5a065c: ;   {runtime_call UncommonTrapBlob}
  0x000002054b5a065c: c5f8 77e8 

  0x000002054b5a0660: ; ImmutableOopMap {rbp=Oop [48]=Oop [64]=Oop [72]=Oop [80]=Oop }
                      ;*ifnull {reexecute=1 rethrow=0 return_oop=0}
                      ; - (reexecute) java.lang.ClassLoader::checkName@1
                      ; - java.lang.ClassLoader::preDefineClass@1
                      ; - java.lang.ClassLoader::defineClass@4
  0x000002054b5a0660: 1c3d 81ff 

  0x000002054b5a0664: ;   {other}
  0x000002054b5a0664: 0f1f 8400 | 540f 001b | ba45 ffff | ff48 8b6c | 2428 48ff | b424 8000 | 0000 488f | 4424 2048 
  0x000002054b5a0684: ff74 2430 | 488f 4424 | 2848 8944 | 24f8 8b44 | 2438 8944 | 2430 488b | 4424 f848 | 8944 24f8 
  0x000002054b5a06a4: 8b44 243c | 8944 2434 | 488b 4424 | f848 ff74 | 2450 488f | 4424 3890 

  0x000002054b5a06bc: ;   {runtime_call UncommonTrapBlob}
  0x000002054b5a06bc: c5f8 77e8 

  0x000002054b5a06c0: ; ImmutableOopMap {rbp=Oop [32]=Oop [40]=Oop [56]=Oop [64]=Oop }
                      ;*ifnonnull {reexecute=1 rethrow=0 return_oop=0}
                      ; - (reexecute) java.lang.ClassLoader::preDefineClass@95
                      ; - java.lang.ClassLoader::defineClass@4
  0x000002054b5a06c0: bc3c 81ff 

  0x000002054b5a06c4: ;   {other}
  0x000002054b5a06c4: 0f1f 8400 | b40f 001c | ba45 ffff | ff48 8b6c | 2428 48ff | 7424 3048 | 8f44 2428 | 4889 4424 
  0x000002054b5a06e4: f88b 4424 | 3889 4424 | 3048 8b44 | 24f8 4889 | 4424 f88b | 4424 3c89 | 4424 3448 | 8b44 24f8 
  0x000002054b5a0704: 48ff 7424 | 4048 8f44 | 2438 48ff | 7424 5048 | 8f44 2440 | 4889 5c24 | 5844 896c | 2454 6690 
  0x000002054b5a0724: ;   {runtime_call UncommonTrapBlob}
  0x000002054b5a0724: c5f8 77e8 

  0x000002054b5a0728: ; ImmutableOopMap {rbp=Oop [40]=Oop [56]=Oop [64]=Oop [84]=NarrowOop [88]=Oop [128]=Oop }
                      ;*ifnull {reexecute=1 rethrow=0 return_oop=0}
                      ; - (reexecute) java.lang.ClassLoader::checkCerts@30
                      ; - java.lang.ClassLoader::preDefineClass@113
                      ; - java.lang.ClassLoader::defineClass@4
  0x000002054b5a0728: 543c 81ff 

  0x000002054b5a072c: ;   {other}
  0x000002054b5a072c: 0f1f 8400 | 1c10 001d | ba45 ffff | ff48 8b6c | 2428 48ff | 7424 3048 | 8f44 2428 | 4889 4424 
  0x000002054b5a074c: f88b 4424 | 3889 4424 | 3048 8b44 | 24f8 4889 | 4424 f88b | 4424 3c89 | 4424 3448 | 8b44 24f8 
  0x000002054b5a076c: 48ff 7424 | 4048 8f44 | 2438 4489 | 5424 4490 

  0x000002054b5a077c: ;   {runtime_call UncommonTrapBlob}
  0x000002054b5a077c: c5f8 77e8 

  0x000002054b5a0780: ; ImmutableOopMap {rbp=Oop [40]=Oop [56]=Oop [68]=NarrowOop [128]=Oop }
                      ;*ifnull {reexecute=1 rethrow=0 return_oop=0}
                      ; - (reexecute) java.lang.ClassLoader::defineClassSourceLocation@8
                      ; - java.lang.ClassLoader::defineClass@12
  0x000002054b5a0780: fc3b 81ff 

  0x000002054b5a0784: ;   {other}
  0x000002054b5a0784: 0f1f 8400 | 7410 001e | ba45 ffff | ff48 ff74 | 2428 488f | 4424 2090 

  0x000002054b5a079c: ;   {runtime_call UncommonTrapBlob}
  0x000002054b5a079c: c5f8 77e8 

  0x000002054b5a07a0: ; ImmutableOopMap {rbp=NarrowOop [32]=Oop [48]=Oop [64]=Oop [128]=Oop }
                      ;*ifnull {reexecute=1 rethrow=0 return_oop=0}
                      ; - (reexecute) java.lang.ClassLoader::defineClassSourceLocation@15
                      ; - java.lang.ClassLoader::defineClass@12
  0x000002054b5a07a0: dc3b 81ff 

  0x000002054b5a07a4: ;   {other}
  0x000002054b5a07a4: 0f1f 8400 | 9410 001f | 488b d0eb | 1748 8bd0 | eb12 488b | d0eb 0d48 | 8bd0 eb08 | 488b d0eb 
  0x000002054b5a07c4: 0348 8bd0 | c5f8 7748 | 81c4 a000 

  0x000002054b5a07d0: ;   {runtime_call _rethrow_Java}
  0x000002054b5a07d0: 0000 5de9 | a849 8dff | ba97 ffff | ff4c 8b54 | 2458 4c89 | 5424 4844 | 8b5c 2460 | 4489 5c24 
  0x000002054b5a07f0: 5866 6690 

  0x000002054b5a07f4: ;   {runtime_call UncommonTrapBlob}
  0x000002054b5a07f4: c5f8 77e8 

  0x000002054b5a07f8: ; ImmutableOopMap {rbp=NarrowOop [32]=Oop [40]=Oop [48]=Oop [64]=Oop [72]=Oop [88]=NarrowOop [104]=Oop }
                      ;*invokevirtual clone {reexecute=1 rethrow=0 return_oop=0}
                      ; - (reexecute) java.util.Arrays::copyOfRange@18
                      ; - java.lang.StringLatin1::newString@16
                      ; - java.lang.String::substring@41
                      ; - java.lang.ClassLoader::checkCerts@21
                      ; - java.lang.ClassLoader::preDefineClass@113
                      ; - java.lang.ClassLoader::defineClass@4
  0x000002054b5a07f8: 843b 81ff 

  0x000002054b5a07fc: ;   {other}
  0x000002054b5a07fc: 0f1f 8400 | ec10 0020 

  0x000002054b5a0804: ;   {internal_word}
  0x000002054b5a0804: 49ba 52ff | 594b 0502 | 0000 4d89 | 9768 0400 

  0x000002054b5a0814: ;   {runtime_call SafepointBlob}
  0x000002054b5a0814: 00e9 664c 

  0x000002054b5a0818: ;   {runtime_call StubRoutines (final stubs)}
  0x000002054b5a0818: 81ff e881 | 5c7f ffe9 | 7af1 ffff | f4f4 f4f4 
[Stub Code]
  0x000002054b5a0828: ;   {no_reloc}
  0x000002054b5a0828: 48bb 0000 | 0000 0000 

  0x000002054b5a0830: ;   {runtime_call nmethod}
  0x000002054b5a0830: 0000 e9fb 

  0x000002054b5a0834: ;   {static_stub}
  0x000002054b5a0834: ffff ff48 | bb70 5540 | 5705 0200 

  0x000002054b5a0840: ;   {runtime_call I2C/C2I adapters}
  0x000002054b5a0840: 00e9 a84d 

  0x000002054b5a0844: ;   {static_stub}
  0x000002054b5a0844: 7eff 48bb | 0000 0000 | 0000 0000 

  0x000002054b5a0850: ;   {runtime_call nmethod}
  0x000002054b5a0850: e9fb ffff 

  0x000002054b5a0854: ;   {static_stub}
  0x000002054b5a0854: ff48 bb00 | 0000 0000 

  0x000002054b5a085c: ;   {runtime_call nmethod}
  0x000002054b5a085c: 0000 00e9 | fbff ffff 
[Exception Handler]
  0x000002054b5a0864: ;   {runtime_call ExceptionBlob}
  0x000002054b5a0864: e917 178d | ffe8 0000 | 0000 4883 

  0x000002054b5a0870: ;   {runtime_call DeoptimizationBlob}
  0x000002054b5a0870: 2c24 05e9 | a83e 81ff 
[/MachCode]


Compiled method (c1) 42049 1019       3       java.security.SecureClassLoader::defineClass (16 bytes)
 total in heap  [0x00000205439e3690,0x00000205439e3a90] = 1024
 relocation     [0x00000205439e37f0,0x00000205439e3840] = 80
 main code      [0x00000205439e3840,0x00000205439e3998] = 344
 stub code      [0x00000205439e3998,0x00000205439e39e8] = 80
 metadata       [0x00000205439e39e8,0x00000205439e39f0] = 8
 scopes data    [0x00000205439e39f0,0x00000205439e3a38] = 72
 scopes pcs     [0x00000205439e3a38,0x00000205439e3a88] = 80
 dependencies   [0x00000205439e3a88,0x00000205439e3a90] = 8

[Constant Pool (empty)]

[MachCode]
[Entry Point]
  # {method} {0x000002055704e0e8} 'defineClass' '(Ljava/lang/String;[BIILjava/security/CodeSource;)Ljava/lang/Class;' in 'java/security/SecureClassLoader'
  # this:     rdx:rdx   = 'java/security/SecureClassLoader'
  # parm0:    r8:r8     = 'java/lang/String'
  # parm1:    r9:r9     = '[B'
  # parm2:    rdi       = int
  # parm3:    rsi       = int
  # parm4:    rcx:rcx   = 'java/security/CodeSource'
  #           [sp+0x80]  (sp of caller)
  0x00000205439e3840: 448b 5208 | 49bb 0000 | 0057 0502 | 0000 4d03 | d34c 3bd0 

  0x00000205439e3854: ;   {runtime_call ic_miss_stub}
  0x00000205439e3854: 0f85 26af | 3c07 660f | 1f44 0000 
[Verified Entry Point]
  0x00000205439e3860: 8984 2400 | 80ff ff55 | 4883 ec70 | 4181 7f20 | 0500 0000 

  0x00000205439e3874: ;   {runtime_call StubRoutines (final stubs)}
  0x00000205439e3874: 7405 e825 

  0x00000205439e3878: ;   {metadata(method data for {method} {0x000002055704e0e8} 'defineClass' '(Ljava/lang/String;[BIILjava/security/CodeSource;)Ljava/lang/Class;' in 'java/security/SecureClassLoader')}
  0x00000205439e3878: 2c3b 0748 | bb00 8217 | 6c05 0200 | 008b 83cc | 0000 0083 | c002 8983 | cc00 0000 | 25fe 0700 
  0x00000205439e3898: 0085 c00f | 8496 0000 | 0089 7424 | 5c89 7c24 | 584c 894c | 2450 4c89 | 4424 4848 

  0x00000205439e38b4: ;   {metadata(method data for {method} {0x000002055704e0e8} 'defineClass' '(Ljava/lang/String;[BIILjava/security/CodeSource;)Ljava/lang/Class;' in 'java/security/SecureClassLoader')}
  0x00000205439e38b4: 8bda 48b8 | 0082 176c | 0502 0000 | 4883 8010 | 0100 0001 | 4c8b c148 | 8bc2 488b | d048 8944 
  0x00000205439e38d4: ;   {optimized virtual_call}
  0x00000205439e38d4: 2440 90e8 

  0x00000205439e38d8: ; ImmutableOopMap {[64]=Oop [72]=Oop [80]=Oop }
                      ;*invokevirtual getProtectionDomain {reexecute=0 rethrow=0 return_oop=0}
                      ; - java.security.SecureClassLoader::defineClass@9
  0x00000205439e38d8: 24b4 bb07 

  0x00000205439e38dc: ;   {other}
  0x00000205439e38dc: 0f1f 8400 | 4c02 0000 | 488b 5424 

  0x00000205439e38e8: ;   {metadata(method data for {method} {0x000002055704e0e8} 'defineClass' '(Ljava/lang/String;[BIILjava/security/CodeSource;)Ljava/lang/Class;' in 'java/security/SecureClassLoader')}
  0x00000205439e38e8: 4049 b800 | 8217 6c05 | 0200 0049 | 8380 4801 | 0000 014c | 8b44 2448 | 4c8b 4c24 | 508b 7c24 
  0x00000205439e3908: 588b 7424 | 5c48 8bc8 | 488b 5424 

  0x00000205439e3914: ;   {optimized virtual_call}
  0x00000205439e3914: 4066 90e8 

  0x00000205439e3918: ; ImmutableOopMap {}
                      ;*invokevirtual defineClass {reexecute=0 rethrow=0 return_oop=0}
                      ; - java.security.SecureClassLoader::defineClass@12
  0x00000205439e3918: 64c0 bb07 

  0x00000205439e391c: ;   {other}
  0x00000205439e391c: 0f1f 8400 | 8c02 0001 | 4883 c470 

  0x00000205439e3928: ;   {poll_return}
  0x00000205439e3928: 5d49 3ba7 | 5004 0000 | 0f87 2200 

  0x00000205439e3934: ;   {metadata({method} {0x000002055704e0e8} 'defineClass' '(Ljava/lang/String;[BIILjava/security/CodeSource;)Ljava/lang/Class;' in 'java/security/SecureClassLoader')}
  0x00000205439e3934: 0000 c349 | bae0 e004 | 5705 0200 | 004c 8954 | 2408 48c7 | 0424 ffff 

  0x00000205439e394c: ;   {runtime_call counter_overflow Runtime1 stub}
  0x00000205439e394c: ffff e8ad 

  0x00000205439e3950: ; ImmutableOopMap {rdx=Oop r8=Oop r9=Oop rcx=Oop }
                      ;*synchronization entry
                      ; - java.security.SecureClassLoader::defineClass@-1
  0x00000205439e3950: c448 07e9 | 49ff ffff 

  0x00000205439e3958: ;   {internal_word}
  0x00000205439e3958: 49ba 2939 | 9e43 0502 | 0000 4d89 | 9768 0400 

  0x00000205439e3968: ;   {runtime_call SafepointBlob}
  0x00000205439e3968: 00e9 121b | 3d07 498b | 8700 0500 | 0049 c787 | 0005 0000 | 0000 0000 | 49c7 8708 | 0500 0000 
  0x00000205439e3988: 0000 0048 | 83c4 705d 

  0x00000205439e3990: ;   {runtime_call unwind_exception Runtime1 stub}
  0x00000205439e3990: e96b 4c48 | 07f4 f4f4 
[Stub Code]
  0x00000205439e3998: ;   {no_reloc}
  0x00000205439e3998: 48bb 30e0 | 0457 0502 

  0x00000205439e39a0: ;   {runtime_call I2C/C2I adapters}
  0x00000205439e39a0: 0000 e940 

  0x00000205439e39a4: ;   {static_stub}
  0x00000205439e39a4: 063d 0748 | bbb0 4f43 | 5705 0200 

  0x00000205439e39b0: ;   {runtime_call I2C/C2I adapters}
  0x00000205439e39b0: 00e9 3fec 

  0x00000205439e39b4: ;   {runtime_call handle_exception_from_callee Runtime1 stub}
  0x00000205439e39b4: 3b07 e845 

  0x00000205439e39b8: ;   {external_word}
  0x00000205439e39b8: 8148 0748 | b950 6357 | c8fd 7f00 | 0048 83e4 

  0x00000205439e39c8: ;   {runtime_call}
  0x00000205439e39c8: f048 b8c0 | c919 c8fd | 7f00 00ff 

  0x00000205439e39d4: ;   {section_word}
  0x00000205439e39d4: d0f4 49ba | d639 9e43 | 0502 0000 

  0x00000205439e39e0: ;   {runtime_call DeoptimizationBlob}
  0x00000205439e39e0: 4152 e939 | 0d3d 07f4 
[/MachCode]


---------------  P R O C E S S  ---------------

Threads class SMR info:
_java_thread_list=0x0000020572e2ec20, length=48, elements={
0x0000020540634230, 0x0000020556447310, 0x0000020556447fd0, 0x0000020556449f00,
0x000002055644e140, 0x000002055644eba0, 0x0000020556451030, 0x000002055645ab10,
0x0000020556465970, 0x0000020556613f60, 0x0000020556720cf0, 0x000002057109c7c0,
0x0000020556700290, 0x0000020556770210, 0x0000020571f07e20, 0x0000020556759630,
0x0000020570220060, 0x000002057021e970, 0x0000020571ead5d0, 0x0000020571eacf40,
0x0000020571eadc60, 0x0000020571eac220, 0x0000020571eac8b0, 0x0000020571eaf010,
0x0000020571eae980, 0x0000020572064190, 0x0000020572060d10, 0x00000205720613a0,
0x0000020572061a30, 0x0000020572062de0, 0x0000020572062750, 0x0000020572063470,
0x00000205720620c0, 0x0000020572063b00, 0x00000205725b6680, 0x00000205725baeb0,
0x00000205725bb540, 0x00000205725b73a0, 0x00000205725b80c0, 0x00000205725ba190,
0x00000205725ba820, 0x00000205725bbbd0, 0x00000205725b9b00, 0x00000205725b9470,
0x00000205725bcf80, 0x00000205725bc8f0, 0x00000205725b8de0, 0x00000205725bd610
}

Java Threads: ( => current thread )
  0x0000020540634230 JavaThread "main"                              [_thread_blocked, id=52548, stack(0x0000005c2ba00000,0x0000005c2bb00000) (1024K)]
  0x0000020556447310 JavaThread "Reference Handler"          daemon [_thread_blocked, id=49708, stack(0x0000005c2c200000,0x0000005c2c300000) (1024K)]
  0x0000020556447fd0 JavaThread "Finalizer"                  daemon [_thread_blocked, id=58344, stack(0x0000005c2c300000,0x0000005c2c400000) (1024K)]
  0x0000020556449f00 JavaThread "Signal Dispatcher"          daemon [_thread_blocked, id=60096, stack(0x0000005c2c400000,0x0000005c2c500000) (1024K)]
  0x000002055644e140 JavaThread "Attach Listener"            daemon [_thread_blocked, id=58972, stack(0x0000005c2c500000,0x0000005c2c600000) (1024K)]
  0x000002055644eba0 JavaThread "Service Thread"             daemon [_thread_blocked, id=53372, stack(0x0000005c2c600000,0x0000005c2c700000) (1024K)]
  0x0000020556451030 JavaThread "Monitor Deflation Thread"   daemon [_thread_blocked, id=30568, stack(0x0000005c2c700000,0x0000005c2c800000) (1024K)]
  0x000002055645ab10 JavaThread "C2 CompilerThread0"         daemon [_thread_blocked, id=59364, stack(0x0000005c2c800000,0x0000005c2c900000) (1024K)]
  0x0000020556465970 JavaThread "C1 CompilerThread0"         daemon [_thread_blocked, id=49428, stack(0x0000005c2c900000,0x0000005c2ca00000) (1024K)]
  0x0000020556613f60 JavaThread "Common-Cleaner"             daemon [_thread_blocked, id=53532, stack(0x0000005c2ca00000,0x0000005c2cb00000) (1024K)]
  0x0000020556720cf0 JavaThread "Notification Thread"        daemon [_thread_blocked, id=59468, stack(0x0000005c2cb00000,0x0000005c2cc00000) (1024K)]
  0x000002057109c7c0 JavaThread "Daemon health stats"               [_thread_blocked, id=42896, stack(0x0000005c2d100000,0x0000005c2d200000) (1024K)]
  0x0000020556700290 JavaThread "Incoming local TCP Connector on port 50809"        [_thread_in_native, id=53360, stack(0x0000005c2d200000,0x0000005c2d300000) (1024K)]
  0x0000020556770210 JavaThread "Daemon periodic checks"            [_thread_blocked, id=55076, stack(0x0000005c2d300000,0x0000005c2d400000) (1024K)]
  0x0000020571f07e20 JavaThread "Daemon"                            [_thread_blocked, id=56076, stack(0x0000005c2d400000,0x0000005c2d500000) (1024K)]
  0x0000020556759630 JavaThread "Handler for socket connection from /127.0.0.1:50809 to /127.0.0.1:50810"        [_thread_in_native, id=53008, stack(0x0000005c2d500000,0x0000005c2d600000) (1024K)]
  0x0000020570220060 JavaThread "Cancel handler"                    [_thread_blocked, id=56656, stack(0x0000005c2d600000,0x0000005c2d700000) (1024K)]
=>0x000002057021e970 JavaThread "Daemon worker"                     [_thread_in_vm, id=52740, stack(0x0000005c2d700000,0x0000005c2d800000) (1024K)]
  0x0000020571ead5d0 JavaThread "Asynchronous log dispatcher for DefaultDaemonConnection: socket connection from /127.0.0.1:50809 to /127.0.0.1:50810"        [_thread_blocked, id=51352, stack(0x0000005c2d800000,0x0000005c2d900000) (1024K)]
  0x0000020571eacf40 JavaThread "Stdin handler"                     [_thread_blocked, id=60408, stack(0x0000005c2d900000,0x0000005c2da00000) (1024K)]
  0x0000020571eadc60 JavaThread "Daemon client event forwarder"        [_thread_blocked, id=58592, stack(0x0000005c2da00000,0x0000005c2db00000) (1024K)]
  0x0000020571eac220 JavaThread "Cache worker for journal cache (C:\Users\ACER\.gradle\caches\journal-1)"        [_thread_blocked, id=58900, stack(0x0000005c2db00000,0x0000005c2dc00000) (1024K)]
  0x0000020571eac8b0 JavaThread "File lock request listener"        [_thread_in_native, id=53580, stack(0x0000005c2dc00000,0x0000005c2dd00000) (1024K)]
  0x0000020571eaf010 JavaThread "Cache worker for file hash cache (C:\Users\ACER\.gradle\caches\9.5.1\fileHashes)"        [_thread_blocked, id=58928, stack(0x0000005c2dd00000,0x0000005c2de00000) (1024K)]
  0x0000020571eae980 JavaThread "Cache worker for file hash cache (C:\Users\ACER\Workspace\full-stack-project\java\saas-japanese\backend\.gradle\9.5.1\fileHashes)"        [_thread_blocked, id=58172, stack(0x0000005c2e400000,0x0000005c2e500000) (1024K)]
  0x0000020572064190 JavaThread "Cache worker for Build Output Cleanup Cache (C:\Users\ACER\Workspace\full-stack-project\java\saas-japanese\backend\.gradle\buildOutputCleanup)"        [_thread_blocked, id=53956, stack(0x0000005c2e500000,0x0000005c2e600000) (1024K)]
  0x0000020572060d10 JavaThread "File watcher server"        daemon [_thread_in_native, id=55180, stack(0x0000005c2e600000,0x0000005c2e700000) (1024K)]
  0x00000205720613a0 JavaThread "File watcher consumer"      daemon [_thread_blocked, id=57460, stack(0x0000005c2e700000,0x0000005c2e800000) (1024K)]
  0x0000020572061a30 JavaThread "Cache worker for file content cache (C:\Users\ACER\.gradle\caches\9.5.1\fileContent)"        [_thread_blocked, id=55216, stack(0x0000005c2e800000,0x0000005c2e900000) (1024K)]
  0x0000020572062de0 JavaThread "Cache worker for checksums cache (C:\Users\ACER\Workspace\full-stack-project\java\saas-japanese\backend\.gradle\9.5.1\checksums)"        [_thread_blocked, id=48116, stack(0x0000005c2e900000,0x0000005c2ea00000) (1024K)]
  0x0000020572062750 JavaThread "Cache worker for cache directory md-supplier (C:\Users\ACER\.gradle\caches\9.5.1\md-supplier)"        [_thread_blocked, id=50072, stack(0x0000005c2ea00000,0x0000005c2eb00000) (1024K)]
  0x0000020572063470 JavaThread "Cache worker for cache directory md-rule (C:\Users\ACER\.gradle\caches\9.5.1\md-rule)"        [_thread_blocked, id=52792, stack(0x0000005c2eb00000,0x0000005c2ec00000) (1024K)]
  0x00000205720620c0 JavaThread "jar transforms"                    [_thread_blocked, id=53732, stack(0x0000005c2ec00000,0x0000005c2ed00000) (1024K)]
  0x0000020572063b00 JavaThread "jar transforms Thread 2"           [_thread_blocked, id=60220, stack(0x0000005c2ed00000,0x0000005c2ee00000) (1024K)]
  0x00000205725b6680 JavaThread "Build operations"                  [_thread_blocked, id=53636, stack(0x0000005c2ef00000,0x0000005c2f000000) (1024K)]
  0x00000205725baeb0 JavaThread "Build operations Thread 2"         [_thread_blocked, id=57392, stack(0x0000005c2f000000,0x0000005c2f100000) (1024K)]
  0x00000205725bb540 JavaThread "Build operations Thread 3"         [_thread_blocked, id=52140, stack(0x0000005c2f100000,0x0000005c2f200000) (1024K)]
  0x00000205725b73a0 JavaThread "Build operations Thread 4"         [_thread_blocked, id=60348, stack(0x0000005c2f200000,0x0000005c2f300000) (1024K)]
  0x00000205725b80c0 JavaThread "Build operations Thread 5"         [_thread_blocked, id=55424, stack(0x0000005c2f300000,0x0000005c2f400000) (1024K)]
  0x00000205725ba190 JavaThread "Build operations Thread 6"         [_thread_blocked, id=56460, stack(0x0000005c2f400000,0x0000005c2f500000) (1024K)]
  0x00000205725ba820 JavaThread "Build operations Thread 7"         [_thread_blocked, id=53672, stack(0x0000005c2f500000,0x0000005c2f600000) (1024K)]
  0x00000205725bbbd0 JavaThread "Build operations Thread 8"         [_thread_blocked, id=5604, stack(0x0000005c2f600000,0x0000005c2f700000) (1024K)]
  0x00000205725b9b00 JavaThread "Build operations Thread 9"         [_thread_blocked, id=53940, stack(0x0000005c2f700000,0x0000005c2f800000) (1024K)]
  0x00000205725b9470 JavaThread "Build operations Thread 10"        [_thread_blocked, id=57548, stack(0x0000005c2f800000,0x0000005c2f900000) (1024K)]
  0x00000205725bcf80 JavaThread "Build operations Thread 11"        [_thread_blocked, id=52940, stack(0x0000005c2f900000,0x0000005c2fa00000) (1024K)]
  0x00000205725bc8f0 JavaThread "Build operations Thread 12"        [_thread_blocked, id=55288, stack(0x0000005c2fa00000,0x0000005c2fb00000) (1024K)]
  0x00000205725b8de0 JavaThread "Memory manager"                    [_thread_blocked, id=61392, stack(0x0000005c2fb00000,0x0000005c2fc00000) (1024K)]
  0x00000205725bd610 JavaThread "File lock release action executor"        [_thread_blocked, id=61252, stack(0x0000005c2fc00000,0x0000005c2fd00000) (1024K)]
Total: 48

Other Threads:
  0x000002055642d7d0 VMThread "VM Thread"                           [id=52872, stack(0x0000005c2c100000,0x0000005c2c200000) (1024K)]
  0x000002055641b140 WatcherThread "VM Periodic Task Thread"        [id=46628, stack(0x0000005c2c000000,0x0000005c2c100000) (1024K)]
  0x000002054065fce0 WorkerThread "GC Thread#0"                     [id=57636, stack(0x0000005c2bb00000,0x0000005c2bc00000) (1024K)]
  0x0000020570940a40 WorkerThread "GC Thread#1"                     [id=59848, stack(0x0000005c2cc00000,0x0000005c2cd00000) (1024K)]
  0x0000020570912c30 WorkerThread "GC Thread#2"                     [id=51512, stack(0x0000005c2cd00000,0x0000005c2ce00000) (1024K)]
  0x00000205703a6560 WorkerThread "GC Thread#3"                     [id=56868, stack(0x0000005c2ce00000,0x0000005c2cf00000) (1024K)]
  0x00000205703a6d20 WorkerThread "GC Thread#4"                     [id=56756, stack(0x0000005c2cf00000,0x0000005c2d000000) (1024K)]
  0x00000205703a70d0 WorkerThread "GC Thread#5"                     [id=17536, stack(0x0000005c2d000000,0x0000005c2d100000) (1024K)]
  0x0000020571f91b10 WorkerThread "GC Thread#6"                     [id=57612, stack(0x0000005c2de00000,0x0000005c2df00000) (1024K)]
  0x0000020571f908a0 WorkerThread "GC Thread#7"                     [id=59144, stack(0x0000005c2df00000,0x0000005c2e000000) (1024K)]
  0x0000020571f90c50 WorkerThread "GC Thread#8"                     [id=52268, stack(0x0000005c2e000000,0x0000005c2e100000) (1024K)]
  0x0000020571f91000 WorkerThread "GC Thread#9"                     [id=54284, stack(0x0000005c2e100000,0x0000005c2e200000) (1024K)]
  0x0000020540665ce0 ConcurrentGCThread "G1 Main Marker"            [id=55372, stack(0x0000005c2bc00000,0x0000005c2bd00000) (1024K)]
  0x00000205406671b0 WorkerThread "G1 Conc#0"                       [id=57544, stack(0x0000005c2bd00000,0x0000005c2be00000) (1024K)]
  0x00000205727cfcb0 WorkerThread "G1 Conc#1"                       [id=14236, stack(0x0000005c2e200000,0x0000005c2e300000) (1024K)]
  0x00000205727d07c0 WorkerThread "G1 Conc#2"                       [id=56172, stack(0x0000005c2e300000,0x0000005c2e400000) (1024K)]
  0x00000205562ecaf0 ConcurrentGCThread "G1 Refine#0"               [id=59600, stack(0x0000005c2be00000,0x0000005c2bf00000) (1024K)]
  0x00000205562ed480 ConcurrentGCThread "G1 Service"                [id=46768, stack(0x0000005c2bf00000,0x0000005c2c000000) (1024K)]
Total: 18

Threads with active compile tasks:
Total: 0

VM state: not at safepoint (normal execution)

VM Mutex/Monitor currently owned by a thread:  ([mutex/lock_event])
[0x00007ffdc882d530] Metaspace_lock - owner thread: 0x000002057021e970

Heap address: 0x00000000e0000000, size: 512 MB, Compressed Oops mode: 32-bit

CDS archive(s) mapped at: [0x0000020557000000-0x0000020557ba0000-0x0000020557ba0000), size 12189696, SharedBaseAddress: 0x0000020557000000, ArchiveRelocationMode: 1.
Compressed class space mapped at: 0x0000020558000000-0x000002056c000000, reserved size: 335544320
Narrow klass base: 0x0000020557000000, Narrow klass shift: 0, Narrow klass range: 0x100000000

GC Precious Log:
 CardTable entry size: 512
 Card Set container configuration: InlinePtr #cards 5 size 8 Array Of Cards #cards 12 size 40 Howl #buckets 4 coarsen threshold 1843 Howl Bitmap #cards 512 size 80 coarsen threshold 460 Card regions per heap region 1 cards per card region 2048
 CPUs: 12 total, 12 available
 Memory: 7514M
 Large Page Support: Disabled
 NUMA Support: Disabled
 Compressed Oops: Enabled (32-bit)
 Heap Region Size: 1M
 Heap Min Capacity: 256M
 Heap Initial Capacity: 256M
 Heap Max Capacity: 512M
 Pre-touch: Disabled
 Parallel Workers: 10
 Concurrent Workers: 3
 Concurrent Refinement Workers: 10
 Periodic GC: Disabled

Heap:
 garbage-first heap   total 262144K, used 102536K [0x00000000e0000000, 0x0000000100000000)
  region size 1024K, 79 young (80896K), 19 survivors (19456K)
 Metaspace       used 58521K, committed 60544K, reserved 393216K
  class space    used 8584K, committed 9600K, reserved 327680K

Heap Regions: E=young(eden), S=young(survivor), O=old, HS=humongous(starts), HC=humongous(continues), CS=collection set, F=free, TAMS=top-at-mark-start, PB=parsable bottom
|   0|0x00000000e0000000, 0x00000000e0100000, 0x00000000e0100000|100%|HS|  |TAMS 0x00000000e0000000| PB 0x00000000e0000000| Complete 
|   1|0x00000000e0100000, 0x00000000e0200000, 0x00000000e0200000|100%|HC|  |TAMS 0x00000000e0100000| PB 0x00000000e0100000| Complete 
|   2|0x00000000e0200000, 0x00000000e0300000, 0x00000000e0300000|100%|HC|  |TAMS 0x00000000e0200000| PB 0x00000000e0200000| Complete 
|   3|0x00000000e0300000, 0x00000000e0400000, 0x00000000e0400000|100%|HC|  |TAMS 0x00000000e0300000| PB 0x00000000e0300000| Complete 
|   4|0x00000000e0400000, 0x00000000e0500000, 0x00000000e0500000|100%| O|  |TAMS 0x00000000e0400000| PB 0x00000000e0400000| Untracked 
|   5|0x00000000e0500000, 0x00000000e0600000, 0x00000000e0600000|100%| O|  |TAMS 0x00000000e0500000| PB 0x00000000e0500000| Untracked 
|   6|0x00000000e0600000, 0x00000000e0600000, 0x00000000e0700000|  0%| F|  |TAMS 0x00000000e0600000| PB 0x00000000e0600000| Untracked 
|   7|0x00000000e0700000, 0x00000000e0800000, 0x00000000e0800000|100%| O|  |TAMS 0x00000000e0700000| PB 0x00000000e0700000| Untracked 
|   8|0x00000000e0800000, 0x00000000e0900000, 0x00000000e0900000|100%| O|  |TAMS 0x00000000e0800000| PB 0x00000000e0800000| Untracked 
|   9|0x00000000e0900000, 0x00000000e0a00000, 0x00000000e0a00000|100%|HS|  |TAMS 0x00000000e0900000| PB 0x00000000e0900000| Complete 
|  10|0x00000000e0a00000, 0x00000000e0b00000, 0x00000000e0b00000|100%| O|  |TAMS 0x00000000e0a00000| PB 0x00000000e0a00000| Untracked 
|  11|0x00000000e0b00000, 0x00000000e0c00000, 0x00000000e0c00000|100%| O|  |TAMS 0x00000000e0b00000| PB 0x00000000e0b00000| Untracked 
|  12|0x00000000e0c00000, 0x00000000e0d00000, 0x00000000e0d00000|100%| O|  |TAMS 0x00000000e0c00000| PB 0x00000000e0c00000| Untracked 
|  13|0x00000000e0d00000, 0x00000000e0e00000, 0x00000000e0e00000|100%| O|  |TAMS 0x00000000e0d00000| PB 0x00000000e0d00000| Untracked 
|  14|0x00000000e0e00000, 0x00000000e0f00000, 0x00000000e0f00000|100%| O|  |TAMS 0x00000000e0e00000| PB 0x00000000e0e00000| Untracked 
|  15|0x00000000e0f00000, 0x00000000e1000000, 0x00000000e1000000|100%| O|  |TAMS 0x00000000e0f00000| PB 0x00000000e0f00000| Untracked 
|  16|0x00000000e1000000, 0x00000000e1100000, 0x00000000e1100000|100%| O|  |TAMS 0x00000000e1000000| PB 0x00000000e1000000| Untracked 
|  17|0x00000000e1100000, 0x00000000e1200000, 0x00000000e1200000|100%| O|  |TAMS 0x00000000e1100000| PB 0x00000000e1100000| Untracked 
|  18|0x00000000e1200000, 0x00000000e1300000, 0x00000000e1300000|100%| O|  |TAMS 0x00000000e1200000| PB 0x00000000e1200000| Untracked 
|  19|0x00000000e1300000, 0x00000000e1400000, 0x00000000e1400000|100%| O|  |TAMS 0x00000000e1300000| PB 0x00000000e1300000| Untracked 
|  20|0x00000000e1400000, 0x00000000e1500000, 0x00000000e1500000|100%| O|  |TAMS 0x00000000e1400000| PB 0x00000000e1400000| Untracked 
|  21|0x00000000e1500000, 0x00000000e1600000, 0x00000000e1600000|100%| O|  |TAMS 0x00000000e1500000| PB 0x00000000e1500000| Untracked 
|  22|0x00000000e1600000, 0x00000000e1700000, 0x00000000e1700000|100%| O|Cm|TAMS 0x00000000e1600000| PB 0x00000000e1600000| Complete 
|  23|0x00000000e1700000, 0x00000000e17221c0, 0x00000000e1800000| 13%| O|  |TAMS 0x00000000e1700000| PB 0x00000000e1700000| Untracked 
|  24|0x00000000e1800000, 0x00000000e1800000, 0x00000000e1900000|  0%| F|  |TAMS 0x00000000e1800000| PB 0x00000000e1800000| Untracked 
|  25|0x00000000e1900000, 0x00000000e1900000, 0x00000000e1a00000|  0%| F|  |TAMS 0x00000000e1900000| PB 0x00000000e1900000| Untracked 
|  26|0x00000000e1a00000, 0x00000000e1a00000, 0x00000000e1b00000|  0%| F|  |TAMS 0x00000000e1a00000| PB 0x00000000e1a00000| Untracked 
|  27|0x00000000e1b00000, 0x00000000e1b00000, 0x00000000e1c00000|  0%| F|  |TAMS 0x00000000e1b00000| PB 0x00000000e1b00000| Untracked 
|  28|0x00000000e1c00000, 0x00000000e1c00000, 0x00000000e1d00000|  0%| F|  |TAMS 0x00000000e1c00000| PB 0x00000000e1c00000| Untracked 
|  29|0x00000000e1d00000, 0x00000000e1d00000, 0x00000000e1e00000|  0%| F|  |TAMS 0x00000000e1d00000| PB 0x00000000e1d00000| Untracked 
|  30|0x00000000e1e00000, 0x00000000e1e00000, 0x00000000e1f00000|  0%| F|  |TAMS 0x00000000e1e00000| PB 0x00000000e1e00000| Untracked 
|  31|0x00000000e1f00000, 0x00000000e1f00000, 0x00000000e2000000|  0%| F|  |TAMS 0x00000000e1f00000| PB 0x00000000e1f00000| Untracked 
|  32|0x00000000e2000000, 0x00000000e2000000, 0x00000000e2100000|  0%| F|  |TAMS 0x00000000e2000000| PB 0x00000000e2000000| Untracked 
|  33|0x00000000e2100000, 0x00000000e2100000, 0x00000000e2200000|  0%| F|  |TAMS 0x00000000e2100000| PB 0x00000000e2100000| Untracked 
|  34|0x00000000e2200000, 0x00000000e2200000, 0x00000000e2300000|  0%| F|  |TAMS 0x00000000e2200000| PB 0x00000000e2200000| Untracked 
|  35|0x00000000e2300000, 0x00000000e2300000, 0x00000000e2400000|  0%| F|  |TAMS 0x00000000e2300000| PB 0x00000000e2300000| Untracked 
|  36|0x00000000e2400000, 0x00000000e2400000, 0x00000000e2500000|  0%| F|  |TAMS 0x00000000e2400000| PB 0x00000000e2400000| Untracked 
|  37|0x00000000e2500000, 0x00000000e2500000, 0x00000000e2600000|  0%| F|  |TAMS 0x00000000e2500000| PB 0x00000000e2500000| Untracked 
|  38|0x00000000e2600000, 0x00000000e2600000, 0x00000000e2700000|  0%| F|  |TAMS 0x00000000e2600000| PB 0x00000000e2600000| Untracked 
|  39|0x00000000e2700000, 0x00000000e2700000, 0x00000000e2800000|  0%| F|  |TAMS 0x00000000e2700000| PB 0x00000000e2700000| Untracked 
|  40|0x00000000e2800000, 0x00000000e2800000, 0x00000000e2900000|  0%| F|  |TAMS 0x00000000e2800000| PB 0x00000000e2800000| Untracked 
|  41|0x00000000e2900000, 0x00000000e2900000, 0x00000000e2a00000|  0%| F|  |TAMS 0x00000000e2900000| PB 0x00000000e2900000| Untracked 
|  42|0x00000000e2a00000, 0x00000000e2a00000, 0x00000000e2b00000|  0%| F|  |TAMS 0x00000000e2a00000| PB 0x00000000e2a00000| Untracked 
|  43|0x00000000e2b00000, 0x00000000e2b00000, 0x00000000e2c00000|  0%| F|  |TAMS 0x00000000e2b00000| PB 0x00000000e2b00000| Untracked 
|  44|0x00000000e2c00000, 0x00000000e2c00000, 0x00000000e2d00000|  0%| F|  |TAMS 0x00000000e2c00000| PB 0x00000000e2c00000| Untracked 
|  45|0x00000000e2d00000, 0x00000000e2d00000, 0x00000000e2e00000|  0%| F|  |TAMS 0x00000000e2d00000| PB 0x00000000e2d00000| Untracked 
|  46|0x00000000e2e00000, 0x00000000e2e00000, 0x00000000e2f00000|  0%| F|  |TAMS 0x00000000e2e00000| PB 0x00000000e2e00000| Untracked 
|  47|0x00000000e2f00000, 0x00000000e2f00000, 0x00000000e3000000|  0%| F|  |TAMS 0x00000000e2f00000| PB 0x00000000e2f00000| Untracked 
|  48|0x00000000e3000000, 0x00000000e3000000, 0x00000000e3100000|  0%| F|  |TAMS 0x00000000e3000000| PB 0x00000000e3000000| Untracked 
|  49|0x00000000e3100000, 0x00000000e3100000, 0x00000000e3200000|  0%| F|  |TAMS 0x00000000e3100000| PB 0x00000000e3100000| Untracked 
|  50|0x00000000e3200000, 0x00000000e3200000, 0x00000000e3300000|  0%| F|  |TAMS 0x00000000e3200000| PB 0x00000000e3200000| Untracked 
|  51|0x00000000e3300000, 0x00000000e3300000, 0x00000000e3400000|  0%| F|  |TAMS 0x00000000e3300000| PB 0x00000000e3300000| Untracked 
|  52|0x00000000e3400000, 0x00000000e3400000, 0x00000000e3500000|  0%| F|  |TAMS 0x00000000e3400000| PB 0x00000000e3400000| Untracked 
|  53|0x00000000e3500000, 0x00000000e3500000, 0x00000000e3600000|  0%| F|  |TAMS 0x00000000e3500000| PB 0x00000000e3500000| Untracked 
|  54|0x00000000e3600000, 0x00000000e3600000, 0x00000000e3700000|  0%| F|  |TAMS 0x00000000e3600000| PB 0x00000000e3600000| Untracked 
|  55|0x00000000e3700000, 0x00000000e3700000, 0x00000000e3800000|  0%| F|  |TAMS 0x00000000e3700000| PB 0x00000000e3700000| Untracked 
|  56|0x00000000e3800000, 0x00000000e3800000, 0x00000000e3900000|  0%| F|  |TAMS 0x00000000e3800000| PB 0x00000000e3800000| Untracked 
|  57|0x00000000e3900000, 0x00000000e3900000, 0x00000000e3a00000|  0%| F|  |TAMS 0x00000000e3900000| PB 0x00000000e3900000| Untracked 
|  58|0x00000000e3a00000, 0x00000000e3a00000, 0x00000000e3b00000|  0%| F|  |TAMS 0x00000000e3a00000| PB 0x00000000e3a00000| Untracked 
|  59|0x00000000e3b00000, 0x00000000e3b00000, 0x00000000e3c00000|  0%| F|  |TAMS 0x00000000e3b00000| PB 0x00000000e3b00000| Untracked 
|  60|0x00000000e3c00000, 0x00000000e3c00000, 0x00000000e3d00000|  0%| F|  |TAMS 0x00000000e3c00000| PB 0x00000000e3c00000| Untracked 
|  61|0x00000000e3d00000, 0x00000000e3d00000, 0x00000000e3e00000|  0%| F|  |TAMS 0x00000000e3d00000| PB 0x00000000e3d00000| Untracked 
|  62|0x00000000e3e00000, 0x00000000e3e00000, 0x00000000e3f00000|  0%| F|  |TAMS 0x00000000e3e00000| PB 0x00000000e3e00000| Untracked 
|  63|0x00000000e3f00000, 0x00000000e3f00000, 0x00000000e4000000|  0%| F|  |TAMS 0x00000000e3f00000| PB 0x00000000e3f00000| Untracked 
|  64|0x00000000e4000000, 0x00000000e4000000, 0x00000000e4100000|  0%| F|  |TAMS 0x00000000e4000000| PB 0x00000000e4000000| Untracked 
|  65|0x00000000e4100000, 0x00000000e4100000, 0x00000000e4200000|  0%| F|  |TAMS 0x00000000e4100000| PB 0x00000000e4100000| Untracked 
|  66|0x00000000e4200000, 0x00000000e4200000, 0x00000000e4300000|  0%| F|  |TAMS 0x00000000e4200000| PB 0x00000000e4200000| Untracked 
|  67|0x00000000e4300000, 0x00000000e4300000, 0x00000000e4400000|  0%| F|  |TAMS 0x00000000e4300000| PB 0x00000000e4300000| Untracked 
|  68|0x00000000e4400000, 0x00000000e4400000, 0x00000000e4500000|  0%| F|  |TAMS 0x00000000e4400000| PB 0x00000000e4400000| Untracked 
|  69|0x00000000e4500000, 0x00000000e4500000, 0x00000000e4600000|  0%| F|  |TAMS 0x00000000e4500000| PB 0x00000000e4500000| Untracked 
|  70|0x00000000e4600000, 0x00000000e4600000, 0x00000000e4700000|  0%| F|  |TAMS 0x00000000e4600000| PB 0x00000000e4600000| Untracked 
|  71|0x00000000e4700000, 0x00000000e4700000, 0x00000000e4800000|  0%| F|  |TAMS 0x00000000e4700000| PB 0x00000000e4700000| Untracked 
|  72|0x00000000e4800000, 0x00000000e4800000, 0x00000000e4900000|  0%| F|  |TAMS 0x00000000e4800000| PB 0x00000000e4800000| Untracked 
|  73|0x00000000e4900000, 0x00000000e4900000, 0x00000000e4a00000|  0%| F|  |TAMS 0x00000000e4900000| PB 0x00000000e4900000| Untracked 
|  74|0x00000000e4a00000, 0x00000000e4a00000, 0x00000000e4b00000|  0%| F|  |TAMS 0x00000000e4a00000| PB 0x00000000e4a00000| Untracked 
|  75|0x00000000e4b00000, 0x00000000e4b00000, 0x00000000e4c00000|  0%| F|  |TAMS 0x00000000e4b00000| PB 0x00000000e4b00000| Untracked 
|  76|0x00000000e4c00000, 0x00000000e4c00000, 0x00000000e4d00000|  0%| F|  |TAMS 0x00000000e4c00000| PB 0x00000000e4c00000| Untracked 
|  77|0x00000000e4d00000, 0x00000000e4d00000, 0x00000000e4e00000|  0%| F|  |TAMS 0x00000000e4d00000| PB 0x00000000e4d00000| Untracked 
|  78|0x00000000e4e00000, 0x00000000e4e00000, 0x00000000e4f00000|  0%| F|  |TAMS 0x00000000e4e00000| PB 0x00000000e4e00000| Untracked 
|  79|0x00000000e4f00000, 0x00000000e4f00000, 0x00000000e5000000|  0%| F|  |TAMS 0x00000000e4f00000| PB 0x00000000e4f00000| Untracked 
|  80|0x00000000e5000000, 0x00000000e5000000, 0x00000000e5100000|  0%| F|  |TAMS 0x00000000e5000000| PB 0x00000000e5000000| Untracked 
|  81|0x00000000e5100000, 0x00000000e5100000, 0x00000000e5200000|  0%| F|  |TAMS 0x00000000e5100000| PB 0x00000000e5100000| Untracked 
|  82|0x00000000e5200000, 0x00000000e5200000, 0x00000000e5300000|  0%| F|  |TAMS 0x00000000e5200000| PB 0x00000000e5200000| Untracked 
|  83|0x00000000e5300000, 0x00000000e5300000, 0x00000000e5400000|  0%| F|  |TAMS 0x00000000e5300000| PB 0x00000000e5300000| Untracked 
|  84|0x00000000e5400000, 0x00000000e5500000, 0x00000000e5500000|100%| S|CS|TAMS 0x00000000e5400000| PB 0x00000000e5400000| Complete 
|  85|0x00000000e5500000, 0x00000000e5600000, 0x00000000e5600000|100%| S|CS|TAMS 0x00000000e5500000| PB 0x00000000e5500000| Complete 
|  86|0x00000000e5600000, 0x00000000e5700000, 0x00000000e5700000|100%| S|CS|TAMS 0x00000000e5600000| PB 0x00000000e5600000| Complete 
|  87|0x00000000e5700000, 0x00000000e5800000, 0x00000000e5800000|100%| S|CS|TAMS 0x00000000e5700000| PB 0x00000000e5700000| Complete 
|  88|0x00000000e5800000, 0x00000000e5900000, 0x00000000e5900000|100%| S|CS|TAMS 0x00000000e5800000| PB 0x00000000e5800000| Complete 
|  89|0x00000000e5900000, 0x00000000e5a00000, 0x00000000e5a00000|100%| S|CS|TAMS 0x00000000e5900000| PB 0x00000000e5900000| Complete 
|  90|0x00000000e5a00000, 0x00000000e5b00000, 0x00000000e5b00000|100%| S|CS|TAMS 0x00000000e5a00000| PB 0x00000000e5a00000| Complete 
|  91|0x00000000e5b00000, 0x00000000e5c00000, 0x00000000e5c00000|100%| S|CS|TAMS 0x00000000e5b00000| PB 0x00000000e5b00000| Complete 
|  92|0x00000000e5c00000, 0x00000000e5d00000, 0x00000000e5d00000|100%| S|CS|TAMS 0x00000000e5c00000| PB 0x00000000e5c00000| Complete 
|  93|0x00000000e5d00000, 0x00000000e5e00000, 0x00000000e5e00000|100%| S|CS|TAMS 0x00000000e5d00000| PB 0x00000000e5d00000| Complete 
|  94|0x00000000e5e00000, 0x00000000e5f00000, 0x00000000e5f00000|100%| S|CS|TAMS 0x00000000e5e00000| PB 0x00000000e5e00000| Complete 
|  95|0x00000000e5f00000, 0x00000000e6000000, 0x00000000e6000000|100%| S|CS|TAMS 0x00000000e5f00000| PB 0x00000000e5f00000| Complete 
|  96|0x00000000e6000000, 0x00000000e6100000, 0x00000000e6100000|100%| S|CS|TAMS 0x00000000e6000000| PB 0x00000000e6000000| Complete 
|  97|0x00000000e6100000, 0x00000000e6200000, 0x00000000e6200000|100%| S|CS|TAMS 0x00000000e6100000| PB 0x00000000e6100000| Complete 
|  98|0x00000000e6200000, 0x00000000e6300000, 0x00000000e6300000|100%| S|CS|TAMS 0x00000000e6200000| PB 0x00000000e6200000| Complete 
|  99|0x00000000e6300000, 0x00000000e6400000, 0x00000000e6400000|100%| S|CS|TAMS 0x00000000e6300000| PB 0x00000000e6300000| Complete 
| 100|0x00000000e6400000, 0x00000000e6500000, 0x00000000e6500000|100%| S|CS|TAMS 0x00000000e6400000| PB 0x00000000e6400000| Complete 
| 101|0x00000000e6500000, 0x00000000e6600000, 0x00000000e6600000|100%| S|CS|TAMS 0x00000000e6500000| PB 0x00000000e6500000| Complete 
| 102|0x00000000e6600000, 0x00000000e6700000, 0x00000000e6700000|100%| S|CS|TAMS 0x00000000e6600000| PB 0x00000000e6600000| Complete 
| 103|0x00000000e6700000, 0x00000000e6700000, 0x00000000e6800000|  0%| F|  |TAMS 0x00000000e6700000| PB 0x00000000e6700000| Untracked 
| 104|0x00000000e6800000, 0x00000000e6800000, 0x00000000e6900000|  0%| F|  |TAMS 0x00000000e6800000| PB 0x00000000e6800000| Untracked 
| 105|0x00000000e6900000, 0x00000000e6900000, 0x00000000e6a00000|  0%| F|  |TAMS 0x00000000e6900000| PB 0x00000000e6900000| Untracked 
| 106|0x00000000e6a00000, 0x00000000e6a00000, 0x00000000e6b00000|  0%| F|  |TAMS 0x00000000e6a00000| PB 0x00000000e6a00000| Untracked 
| 107|0x00000000e6b00000, 0x00000000e6b00000, 0x00000000e6c00000|  0%| F|  |TAMS 0x00000000e6b00000| PB 0x00000000e6b00000| Untracked 
| 108|0x00000000e6c00000, 0x00000000e6c00000, 0x00000000e6d00000|  0%| F|  |TAMS 0x00000000e6c00000| PB 0x00000000e6c00000| Untracked 
| 109|0x00000000e6d00000, 0x00000000e6d00000, 0x00000000e6e00000|  0%| F|  |TAMS 0x00000000e6d00000| PB 0x00000000e6d00000| Untracked 
| 110|0x00000000e6e00000, 0x00000000e6e00000, 0x00000000e6f00000|  0%| F|  |TAMS 0x00000000e6e00000| PB 0x00000000e6e00000| Untracked 
| 111|0x00000000e6f00000, 0x00000000e6f00000, 0x00000000e7000000|  0%| F|  |TAMS 0x00000000e6f00000| PB 0x00000000e6f00000| Untracked 
| 112|0x00000000e7000000, 0x00000000e7000000, 0x00000000e7100000|  0%| F|  |TAMS 0x00000000e7000000| PB 0x00000000e7000000| Untracked 
| 113|0x00000000e7100000, 0x00000000e7100000, 0x00000000e7200000|  0%| F|  |TAMS 0x00000000e7100000| PB 0x00000000e7100000| Untracked 
| 114|0x00000000e7200000, 0x00000000e7200000, 0x00000000e7300000|  0%| F|  |TAMS 0x00000000e7200000| PB 0x00000000e7200000| Untracked 
| 115|0x00000000e7300000, 0x00000000e7300000, 0x00000000e7400000|  0%| F|  |TAMS 0x00000000e7300000| PB 0x00000000e7300000| Untracked 
| 116|0x00000000e7400000, 0x00000000e7400000, 0x00000000e7500000|  0%| F|  |TAMS 0x00000000e7400000| PB 0x00000000e7400000| Untracked 
| 117|0x00000000e7500000, 0x00000000e7500000, 0x00000000e7600000|  0%| F|  |TAMS 0x00000000e7500000| PB 0x00000000e7500000| Untracked 
| 118|0x00000000e7600000, 0x00000000e7600000, 0x00000000e7700000|  0%| F|  |TAMS 0x00000000e7600000| PB 0x00000000e7600000| Untracked 
| 119|0x00000000e7700000, 0x00000000e7700000, 0x00000000e7800000|  0%| F|  |TAMS 0x00000000e7700000| PB 0x00000000e7700000| Untracked 
| 120|0x00000000e7800000, 0x00000000e7800000, 0x00000000e7900000|  0%| F|  |TAMS 0x00000000e7800000| PB 0x00000000e7800000| Untracked 
| 121|0x00000000e7900000, 0x00000000e7900000, 0x00000000e7a00000|  0%| F|  |TAMS 0x00000000e7900000| PB 0x00000000e7900000| Untracked 
| 122|0x00000000e7a00000, 0x00000000e7a00000, 0x00000000e7b00000|  0%| F|  |TAMS 0x00000000e7a00000| PB 0x00000000e7a00000| Untracked 
| 123|0x00000000e7b00000, 0x00000000e7b00000, 0x00000000e7c00000|  0%| F|  |TAMS 0x00000000e7b00000| PB 0x00000000e7b00000| Untracked 
| 124|0x00000000e7c00000, 0x00000000e7c00000, 0x00000000e7d00000|  0%| F|  |TAMS 0x00000000e7c00000| PB 0x00000000e7c00000| Untracked 
| 125|0x00000000e7d00000, 0x00000000e7d00000, 0x00000000e7e00000|  0%| F|  |TAMS 0x00000000e7d00000| PB 0x00000000e7d00000| Untracked 
| 126|0x00000000e7e00000, 0x00000000e7e00000, 0x00000000e7f00000|  0%| F|  |TAMS 0x00000000e7e00000| PB 0x00000000e7e00000| Untracked 
| 127|0x00000000e7f00000, 0x00000000e7f00000, 0x00000000e8000000|  0%| F|  |TAMS 0x00000000e7f00000| PB 0x00000000e7f00000| Untracked 
| 128|0x00000000e8000000, 0x00000000e8000000, 0x00000000e8100000|  0%| F|  |TAMS 0x00000000e8000000| PB 0x00000000e8000000| Untracked 
| 129|0x00000000e8100000, 0x00000000e8100000, 0x00000000e8200000|  0%| F|  |TAMS 0x00000000e8100000| PB 0x00000000e8100000| Untracked 
| 130|0x00000000e8200000, 0x00000000e8200000, 0x00000000e8300000|  0%| F|  |TAMS 0x00000000e8200000| PB 0x00000000e8200000| Untracked 
| 131|0x00000000e8300000, 0x00000000e8300000, 0x00000000e8400000|  0%| F|  |TAMS 0x00000000e8300000| PB 0x00000000e8300000| Untracked 
| 132|0x00000000e8400000, 0x00000000e8400000, 0x00000000e8500000|  0%| F|  |TAMS 0x00000000e8400000| PB 0x00000000e8400000| Untracked 
| 133|0x00000000e8500000, 0x00000000e8500000, 0x00000000e8600000|  0%| F|  |TAMS 0x00000000e8500000| PB 0x00000000e8500000| Untracked 
| 134|0x00000000e8600000, 0x00000000e8600000, 0x00000000e8700000|  0%| F|  |TAMS 0x00000000e8600000| PB 0x00000000e8600000| Untracked 
| 135|0x00000000e8700000, 0x00000000e8700000, 0x00000000e8800000|  0%| F|  |TAMS 0x00000000e8700000| PB 0x00000000e8700000| Untracked 
| 136|0x00000000e8800000, 0x00000000e8800000, 0x00000000e8900000|  0%| F|  |TAMS 0x00000000e8800000| PB 0x00000000e8800000| Untracked 
| 137|0x00000000e8900000, 0x00000000e8900000, 0x00000000e8a00000|  0%| F|  |TAMS 0x00000000e8900000| PB 0x00000000e8900000| Untracked 
| 138|0x00000000e8a00000, 0x00000000e8a00000, 0x00000000e8b00000|  0%| F|  |TAMS 0x00000000e8a00000| PB 0x00000000e8a00000| Untracked 
| 139|0x00000000e8b00000, 0x00000000e8b00000, 0x00000000e8c00000|  0%| F|  |TAMS 0x00000000e8b00000| PB 0x00000000e8b00000| Untracked 
| 140|0x00000000e8c00000, 0x00000000e8c00000, 0x00000000e8d00000|  0%| F|  |TAMS 0x00000000e8c00000| PB 0x00000000e8c00000| Untracked 
| 141|0x00000000e8d00000, 0x00000000e8d00000, 0x00000000e8e00000|  0%| F|  |TAMS 0x00000000e8d00000| PB 0x00000000e8d00000| Untracked 
| 142|0x00000000e8e00000, 0x00000000e8e00000, 0x00000000e8f00000|  0%| F|  |TAMS 0x00000000e8e00000| PB 0x00000000e8e00000| Untracked 
| 143|0x00000000e8f00000, 0x00000000e8f00000, 0x00000000e9000000|  0%| F|  |TAMS 0x00000000e8f00000| PB 0x00000000e8f00000| Untracked 
| 144|0x00000000e9000000, 0x00000000e9000000, 0x00000000e9100000|  0%| F|  |TAMS 0x00000000e9000000| PB 0x00000000e9000000| Untracked 
| 145|0x00000000e9100000, 0x00000000e9100000, 0x00000000e9200000|  0%| F|  |TAMS 0x00000000e9100000| PB 0x00000000e9100000| Untracked 
| 146|0x00000000e9200000, 0x00000000e9200000, 0x00000000e9300000|  0%| F|  |TAMS 0x00000000e9200000| PB 0x00000000e9200000| Untracked 
| 147|0x00000000e9300000, 0x00000000e9300000, 0x00000000e9400000|  0%| F|  |TAMS 0x00000000e9300000| PB 0x00000000e9300000| Untracked 
| 148|0x00000000e9400000, 0x00000000e9400000, 0x00000000e9500000|  0%| F|  |TAMS 0x00000000e9400000| PB 0x00000000e9400000| Untracked 
| 149|0x00000000e9500000, 0x00000000e9500000, 0x00000000e9600000|  0%| F|  |TAMS 0x00000000e9500000| PB 0x00000000e9500000| Untracked 
| 150|0x00000000e9600000, 0x00000000e9600000, 0x00000000e9700000|  0%| F|  |TAMS 0x00000000e9600000| PB 0x00000000e9600000| Untracked 
| 151|0x00000000e9700000, 0x00000000e9700000, 0x00000000e9800000|  0%| F|  |TAMS 0x00000000e9700000| PB 0x00000000e9700000| Untracked 
| 152|0x00000000e9800000, 0x00000000e9800000, 0x00000000e9900000|  0%| F|  |TAMS 0x00000000e9800000| PB 0x00000000e9800000| Untracked 
| 153|0x00000000e9900000, 0x00000000e9900000, 0x00000000e9a00000|  0%| F|  |TAMS 0x00000000e9900000| PB 0x00000000e9900000| Untracked 
| 154|0x00000000e9a00000, 0x00000000e9a00000, 0x00000000e9b00000|  0%| F|  |TAMS 0x00000000e9a00000| PB 0x00000000e9a00000| Untracked 
| 155|0x00000000e9b00000, 0x00000000e9b00000, 0x00000000e9c00000|  0%| F|  |TAMS 0x00000000e9b00000| PB 0x00000000e9b00000| Untracked 
| 156|0x00000000e9c00000, 0x00000000e9c00000, 0x00000000e9d00000|  0%| F|  |TAMS 0x00000000e9c00000| PB 0x00000000e9c00000| Untracked 
| 157|0x00000000e9d00000, 0x00000000e9d00000, 0x00000000e9e00000|  0%| F|  |TAMS 0x00000000e9d00000| PB 0x00000000e9d00000| Untracked 
| 158|0x00000000e9e00000, 0x00000000e9e00000, 0x00000000e9f00000|  0%| F|  |TAMS 0x00000000e9e00000| PB 0x00000000e9e00000| Untracked 
| 159|0x00000000e9f00000, 0x00000000e9f00000, 0x00000000ea000000|  0%| F|  |TAMS 0x00000000e9f00000| PB 0x00000000e9f00000| Untracked 
| 160|0x00000000ea000000, 0x00000000ea000000, 0x00000000ea100000|  0%| F|  |TAMS 0x00000000ea000000| PB 0x00000000ea000000| Untracked 
| 161|0x00000000ea100000, 0x00000000ea100000, 0x00000000ea200000|  0%| F|  |TAMS 0x00000000ea100000| PB 0x00000000ea100000| Untracked 
| 162|0x00000000ea200000, 0x00000000ea200000, 0x00000000ea300000|  0%| F|  |TAMS 0x00000000ea200000| PB 0x00000000ea200000| Untracked 
| 163|0x00000000ea300000, 0x00000000ea300000, 0x00000000ea400000|  0%| F|  |TAMS 0x00000000ea300000| PB 0x00000000ea300000| Untracked 
| 164|0x00000000ea400000, 0x00000000ea400000, 0x00000000ea500000|  0%| F|  |TAMS 0x00000000ea400000| PB 0x00000000ea400000| Untracked 
| 165|0x00000000ea500000, 0x00000000ea500000, 0x00000000ea600000|  0%| F|  |TAMS 0x00000000ea500000| PB 0x00000000ea500000| Untracked 
| 166|0x00000000ea600000, 0x00000000ea600000, 0x00000000ea700000|  0%| F|  |TAMS 0x00000000ea600000| PB 0x00000000ea600000| Untracked 
| 167|0x00000000ea700000, 0x00000000ea700000, 0x00000000ea800000|  0%| F|  |TAMS 0x00000000ea700000| PB 0x00000000ea700000| Untracked 
| 168|0x00000000ea800000, 0x00000000ea800000, 0x00000000ea900000|  0%| F|  |TAMS 0x00000000ea800000| PB 0x00000000ea800000| Untracked 
| 169|0x00000000ea900000, 0x00000000ea900000, 0x00000000eaa00000|  0%| F|  |TAMS 0x00000000ea900000| PB 0x00000000ea900000| Untracked 
| 170|0x00000000eaa00000, 0x00000000eaa00000, 0x00000000eab00000|  0%| F|  |TAMS 0x00000000eaa00000| PB 0x00000000eaa00000| Untracked 
| 171|0x00000000eab00000, 0x00000000eab00000, 0x00000000eac00000|  0%| F|  |TAMS 0x00000000eab00000| PB 0x00000000eab00000| Untracked 
| 172|0x00000000eac00000, 0x00000000eac00000, 0x00000000ead00000|  0%| F|  |TAMS 0x00000000eac00000| PB 0x00000000eac00000| Untracked 
| 173|0x00000000ead00000, 0x00000000ead00000, 0x00000000eae00000|  0%| F|  |TAMS 0x00000000ead00000| PB 0x00000000ead00000| Untracked 
| 174|0x00000000eae00000, 0x00000000eae00000, 0x00000000eaf00000|  0%| F|  |TAMS 0x00000000eae00000| PB 0x00000000eae00000| Untracked 
| 175|0x00000000eaf00000, 0x00000000eaf00000, 0x00000000eb000000|  0%| F|  |TAMS 0x00000000eaf00000| PB 0x00000000eaf00000| Untracked 
| 176|0x00000000eb000000, 0x00000000eb000000, 0x00000000eb100000|  0%| F|  |TAMS 0x00000000eb000000| PB 0x00000000eb000000| Untracked 
| 177|0x00000000eb100000, 0x00000000eb100000, 0x00000000eb200000|  0%| F|  |TAMS 0x00000000eb100000| PB 0x00000000eb100000| Untracked 
| 178|0x00000000eb200000, 0x00000000eb200000, 0x00000000eb300000|  0%| F|  |TAMS 0x00000000eb200000| PB 0x00000000eb200000| Untracked 
| 179|0x00000000eb300000, 0x00000000eb300000, 0x00000000eb400000|  0%| F|  |TAMS 0x00000000eb300000| PB 0x00000000eb300000| Untracked 
| 180|0x00000000eb400000, 0x00000000eb400000, 0x00000000eb500000|  0%| F|  |TAMS 0x00000000eb400000| PB 0x00000000eb400000| Untracked 
| 181|0x00000000eb500000, 0x00000000eb500000, 0x00000000eb600000|  0%| F|  |TAMS 0x00000000eb500000| PB 0x00000000eb500000| Untracked 
| 182|0x00000000eb600000, 0x00000000eb600000, 0x00000000eb700000|  0%| F|  |TAMS 0x00000000eb600000| PB 0x00000000eb600000| Untracked 
| 183|0x00000000eb700000, 0x00000000eb700000, 0x00000000eb800000|  0%| F|  |TAMS 0x00000000eb700000| PB 0x00000000eb700000| Untracked 
| 184|0x00000000eb800000, 0x00000000eb800000, 0x00000000eb900000|  0%| F|  |TAMS 0x00000000eb800000| PB 0x00000000eb800000| Untracked 
| 185|0x00000000eb900000, 0x00000000eb900000, 0x00000000eba00000|  0%| F|  |TAMS 0x00000000eb900000| PB 0x00000000eb900000| Untracked 
| 186|0x00000000eba00000, 0x00000000eba00000, 0x00000000ebb00000|  0%| F|  |TAMS 0x00000000eba00000| PB 0x00000000eba00000| Untracked 
| 187|0x00000000ebb00000, 0x00000000ebb00000, 0x00000000ebc00000|  0%| F|  |TAMS 0x00000000ebb00000| PB 0x00000000ebb00000| Untracked 
| 188|0x00000000ebc00000, 0x00000000ebc00000, 0x00000000ebd00000|  0%| F|  |TAMS 0x00000000ebc00000| PB 0x00000000ebc00000| Untracked 
| 189|0x00000000ebd00000, 0x00000000ebd00000, 0x00000000ebe00000|  0%| F|  |TAMS 0x00000000ebd00000| PB 0x00000000ebd00000| Untracked 
| 190|0x00000000ebe00000, 0x00000000ebe00000, 0x00000000ebf00000|  0%| F|  |TAMS 0x00000000ebe00000| PB 0x00000000ebe00000| Untracked 
| 191|0x00000000ebf00000, 0x00000000ebf00000, 0x00000000ec000000|  0%| F|  |TAMS 0x00000000ebf00000| PB 0x00000000ebf00000| Untracked 
| 192|0x00000000ec000000, 0x00000000ec000000, 0x00000000ec100000|  0%| F|  |TAMS 0x00000000ec000000| PB 0x00000000ec000000| Untracked 
| 193|0x00000000ec100000, 0x00000000ec100000, 0x00000000ec200000|  0%| F|  |TAMS 0x00000000ec100000| PB 0x00000000ec100000| Untracked 
| 194|0x00000000ec200000, 0x00000000ec200000, 0x00000000ec300000|  0%| F|  |TAMS 0x00000000ec200000| PB 0x00000000ec200000| Untracked 
| 195|0x00000000ec300000, 0x00000000ec300000, 0x00000000ec400000|  0%| F|  |TAMS 0x00000000ec300000| PB 0x00000000ec300000| Untracked 
| 196|0x00000000ec400000, 0x00000000ec441a90, 0x00000000ec500000| 25%| E|  |TAMS 0x00000000ec400000| PB 0x00000000ec400000| Complete 
| 197|0x00000000ec500000, 0x00000000ec600000, 0x00000000ec600000|100%| E|CS|TAMS 0x00000000ec500000| PB 0x00000000ec500000| Complete 
| 198|0x00000000ec600000, 0x00000000ec700000, 0x00000000ec700000|100%| E|CS|TAMS 0x00000000ec600000| PB 0x00000000ec600000| Complete 
| 199|0x00000000ec700000, 0x00000000ec800000, 0x00000000ec800000|100%| E|CS|TAMS 0x00000000ec700000| PB 0x00000000ec700000| Complete 
| 200|0x00000000ec800000, 0x00000000ec900000, 0x00000000ec900000|100%| E|CS|TAMS 0x00000000ec800000| PB 0x00000000ec800000| Complete 
| 201|0x00000000ec900000, 0x00000000eca00000, 0x00000000eca00000|100%| E|CS|TAMS 0x00000000ec900000| PB 0x00000000ec900000| Complete 
| 202|0x00000000eca00000, 0x00000000ecb00000, 0x00000000ecb00000|100%| E|CS|TAMS 0x00000000eca00000| PB 0x00000000eca00000| Complete 
| 203|0x00000000ecb00000, 0x00000000ecc00000, 0x00000000ecc00000|100%| E|CS|TAMS 0x00000000ecb00000| PB 0x00000000ecb00000| Complete 
| 204|0x00000000ecc00000, 0x00000000ecd00000, 0x00000000ecd00000|100%| E|CS|TAMS 0x00000000ecc00000| PB 0x00000000ecc00000| Complete 
| 205|0x00000000ecd00000, 0x00000000ece00000, 0x00000000ece00000|100%| E|CS|TAMS 0x00000000ecd00000| PB 0x00000000ecd00000| Complete 
| 206|0x00000000ece00000, 0x00000000ecf00000, 0x00000000ecf00000|100%| E|CS|TAMS 0x00000000ece00000| PB 0x00000000ece00000| Complete 
| 207|0x00000000ecf00000, 0x00000000ed000000, 0x00000000ed000000|100%| E|CS|TAMS 0x00000000ecf00000| PB 0x00000000ecf00000| Complete 
| 208|0x00000000ed000000, 0x00000000ed100000, 0x00000000ed100000|100%| E|CS|TAMS 0x00000000ed000000| PB 0x00000000ed000000| Complete 
| 209|0x00000000ed100000, 0x00000000ed200000, 0x00000000ed200000|100%| E|CS|TAMS 0x00000000ed100000| PB 0x00000000ed100000| Complete 
| 210|0x00000000ed200000, 0x00000000ed300000, 0x00000000ed300000|100%| E|CS|TAMS 0x00000000ed200000| PB 0x00000000ed200000| Complete 
| 211|0x00000000ed300000, 0x00000000ed400000, 0x00000000ed400000|100%| E|CS|TAMS 0x00000000ed300000| PB 0x00000000ed300000| Complete 
| 212|0x00000000ed400000, 0x00000000ed500000, 0x00000000ed500000|100%| E|CS|TAMS 0x00000000ed400000| PB 0x00000000ed400000| Complete 
| 213|0x00000000ed500000, 0x00000000ed600000, 0x00000000ed600000|100%| E|CS|TAMS 0x00000000ed500000| PB 0x00000000ed500000| Complete 
| 214|0x00000000ed600000, 0x00000000ed700000, 0x00000000ed700000|100%| E|CS|TAMS 0x00000000ed600000| PB 0x00000000ed600000| Complete 
| 215|0x00000000ed700000, 0x00000000ed800000, 0x00000000ed800000|100%| E|CS|TAMS 0x00000000ed700000| PB 0x00000000ed700000| Complete 
| 216|0x00000000ed800000, 0x00000000ed900000, 0x00000000ed900000|100%| E|CS|TAMS 0x00000000ed800000| PB 0x00000000ed800000| Complete 
| 217|0x00000000ed900000, 0x00000000eda00000, 0x00000000eda00000|100%| E|CS|TAMS 0x00000000ed900000| PB 0x00000000ed900000| Complete 
| 218|0x00000000eda00000, 0x00000000edb00000, 0x00000000edb00000|100%| E|CS|TAMS 0x00000000eda00000| PB 0x00000000eda00000| Complete 
| 219|0x00000000edb00000, 0x00000000edc00000, 0x00000000edc00000|100%| E|CS|TAMS 0x00000000edb00000| PB 0x00000000edb00000| Complete 
| 220|0x00000000edc00000, 0x00000000edd00000, 0x00000000edd00000|100%| E|CS|TAMS 0x00000000edc00000| PB 0x00000000edc00000| Complete 
| 221|0x00000000edd00000, 0x00000000ede00000, 0x00000000ede00000|100%| E|CS|TAMS 0x00000000edd00000| PB 0x00000000edd00000| Complete 
| 222|0x00000000ede00000, 0x00000000edf00000, 0x00000000edf00000|100%| E|CS|TAMS 0x00000000ede00000| PB 0x00000000ede00000| Complete 
| 223|0x00000000edf00000, 0x00000000ee000000, 0x00000000ee000000|100%| E|CS|TAMS 0x00000000edf00000| PB 0x00000000edf00000| Complete 
| 224|0x00000000ee000000, 0x00000000ee100000, 0x00000000ee100000|100%| E|CS|TAMS 0x00000000ee000000| PB 0x00000000ee000000| Complete 
| 225|0x00000000ee100000, 0x00000000ee200000, 0x00000000ee200000|100%| E|CS|TAMS 0x00000000ee100000| PB 0x00000000ee100000| Complete 
| 226|0x00000000ee200000, 0x00000000ee300000, 0x00000000ee300000|100%| E|CS|TAMS 0x00000000ee200000| PB 0x00000000ee200000| Complete 
| 227|0x00000000ee300000, 0x00000000ee400000, 0x00000000ee400000|100%| E|CS|TAMS 0x00000000ee300000| PB 0x00000000ee300000| Complete 
| 228|0x00000000ee400000, 0x00000000ee500000, 0x00000000ee500000|100%| E|CS|TAMS 0x00000000ee400000| PB 0x00000000ee400000| Complete 
| 229|0x00000000ee500000, 0x00000000ee600000, 0x00000000ee600000|100%| E|CS|TAMS 0x00000000ee500000| PB 0x00000000ee500000| Complete 
| 230|0x00000000ee600000, 0x00000000ee700000, 0x00000000ee700000|100%| E|CS|TAMS 0x00000000ee600000| PB 0x00000000ee600000| Complete 
| 231|0x00000000ee700000, 0x00000000ee800000, 0x00000000ee800000|100%| E|CS|TAMS 0x00000000ee700000| PB 0x00000000ee700000| Complete 
| 232|0x00000000ee800000, 0x00000000ee900000, 0x00000000ee900000|100%| E|CS|TAMS 0x00000000ee800000| PB 0x00000000ee800000| Complete 
| 233|0x00000000ee900000, 0x00000000eea00000, 0x00000000eea00000|100%| E|CS|TAMS 0x00000000ee900000| PB 0x00000000ee900000| Complete 
| 234|0x00000000eea00000, 0x00000000eeb00000, 0x00000000eeb00000|100%| E|CS|TAMS 0x00000000eea00000| PB 0x00000000eea00000| Complete 
| 235|0x00000000eeb00000, 0x00000000eec00000, 0x00000000eec00000|100%| E|CS|TAMS 0x00000000eeb00000| PB 0x00000000eeb00000| Complete 
| 236|0x00000000eec00000, 0x00000000eed00000, 0x00000000eed00000|100%| E|CS|TAMS 0x00000000eec00000| PB 0x00000000eec00000| Complete 
| 237|0x00000000eed00000, 0x00000000eee00000, 0x00000000eee00000|100%| E|CS|TAMS 0x00000000eed00000| PB 0x00000000eed00000| Complete 
| 238|0x00000000eee00000, 0x00000000eef00000, 0x00000000eef00000|100%| E|CS|TAMS 0x00000000eee00000| PB 0x00000000eee00000| Complete 
| 239|0x00000000eef00000, 0x00000000ef000000, 0x00000000ef000000|100%| E|CS|TAMS 0x00000000eef00000| PB 0x00000000eef00000| Complete 
| 240|0x00000000ef000000, 0x00000000ef100000, 0x00000000ef100000|100%| E|CS|TAMS 0x00000000ef000000| PB 0x00000000ef000000| Complete 
| 241|0x00000000ef100000, 0x00000000ef200000, 0x00000000ef200000|100%| E|CS|TAMS 0x00000000ef100000| PB 0x00000000ef100000| Complete 
| 242|0x00000000ef200000, 0x00000000ef300000, 0x00000000ef300000|100%| E|CS|TAMS 0x00000000ef200000| PB 0x00000000ef200000| Complete 
| 243|0x00000000ef300000, 0x00000000ef400000, 0x00000000ef400000|100%| E|CS|TAMS 0x00000000ef300000| PB 0x00000000ef300000| Complete 
| 244|0x00000000ef400000, 0x00000000ef500000, 0x00000000ef500000|100%| E|CS|TAMS 0x00000000ef400000| PB 0x00000000ef400000| Complete 
| 245|0x00000000ef500000, 0x00000000ef600000, 0x00000000ef600000|100%| E|CS|TAMS 0x00000000ef500000| PB 0x00000000ef500000| Complete 
| 246|0x00000000ef600000, 0x00000000ef700000, 0x00000000ef700000|100%| E|CS|TAMS 0x00000000ef600000| PB 0x00000000ef600000| Complete 
| 247|0x00000000ef700000, 0x00000000ef800000, 0x00000000ef800000|100%| E|CS|TAMS 0x00000000ef700000| PB 0x00000000ef700000| Complete 
| 248|0x00000000ef800000, 0x00000000ef900000, 0x00000000ef900000|100%| E|CS|TAMS 0x00000000ef800000| PB 0x00000000ef800000| Complete 
| 249|0x00000000ef900000, 0x00000000efa00000, 0x00000000efa00000|100%| E|CS|TAMS 0x00000000ef900000| PB 0x00000000ef900000| Complete 
| 250|0x00000000efa00000, 0x00000000efb00000, 0x00000000efb00000|100%| E|CS|TAMS 0x00000000efa00000| PB 0x00000000efa00000| Complete 
| 251|0x00000000efb00000, 0x00000000efc00000, 0x00000000efc00000|100%| E|CS|TAMS 0x00000000efb00000| PB 0x00000000efb00000| Complete 
| 252|0x00000000efc00000, 0x00000000efd00000, 0x00000000efd00000|100%| E|CS|TAMS 0x00000000efc00000| PB 0x00000000efc00000| Complete 
| 253|0x00000000efd00000, 0x00000000efe00000, 0x00000000efe00000|100%| E|CS|TAMS 0x00000000efd00000| PB 0x00000000efd00000| Complete 
| 254|0x00000000efe00000, 0x00000000eff00000, 0x00000000eff00000|100%| E|CS|TAMS 0x00000000efe00000| PB 0x00000000efe00000| Complete 
| 255|0x00000000eff00000, 0x00000000f0000000, 0x00000000f0000000|100%| E|CS|TAMS 0x00000000eff00000| PB 0x00000000eff00000| Complete 

Card table byte_map: [0x0000020552e80000,0x0000020552f80000] _byte_map_base: 0x0000020552780000

Marking Bits: (CMBitMap*) 0x00000205406603f0
 Bits: [0x0000020552f80000, 0x0000020553780000)

Polling page: 0x000002053e4f0000

Metaspace:

Usage:
  Non-class:     48.77 MB used.
      Class:      8.38 MB used.
       Both:     57.15 MB used.

Virtual space:
  Non-class space:       64.00 MB reserved,      49.75 MB ( 78%) committed,  1 nodes.
      Class space:      320.00 MB reserved,       9.38 MB (  3%) committed,  1 nodes.
             Both:      384.00 MB reserved,      59.12 MB ( 15%) committed. 

Chunk freelists:
   Non-Class:  14.17 MB
       Class:  6.59 MB
        Both:  20.77 MB

MaxMetaspaceSize: 384.00 MB
CompressedClassSpaceSize: 320.00 MB
Initial GC threshold: 21.00 MB
Current GC threshold: 59.69 MB
CDS: on
 - commit_granule_bytes: 65536.
 - commit_granule_words: 8192.
 - virtual_space_node_default_size: 8388608.
 - enlarge_chunks_in_place: 1.
 - use_allocation_guard: 0.


Internal statistics:

num_allocs_failed_limit: 12.
num_arena_births: 3648.
num_arena_deaths: 0.
num_vsnodes_births: 2.
num_vsnodes_deaths: 0.
num_space_committed: 946.
num_space_uncommitted: 0.
num_chunks_returned_to_freelist: 12.
num_chunks_taken_from_freelist: 6452.
num_chunk_merges: 9.
num_chunk_splits: 4127.
num_chunks_enlarged: 2436.
num_inconsistent_stats: 0.

CodeHeap 'non-profiled nmethods': size=120000Kb used=3793Kb max_used=3793Kb free=116206Kb
 bounds [0x000002054b300000, 0x000002054b6c0000, 0x0000020552830000]
CodeHeap 'profiled nmethods': size=120000Kb used=13011Kb max_used=13011Kb free=106988Kb
 bounds [0x0000020543830000, 0x00000205444f0000, 0x000002054ad60000]
CodeHeap 'non-nmethods': size=5760Kb used=1968Kb max_used=2011Kb free=3791Kb
 bounds [0x000002054ad60000, 0x000002054afd0000, 0x000002054b300000]
CodeCache: size=245760Kb, used=18772Kb, max_used=18815Kb, free=226985Kb
 total_blobs=7752, nmethods=6926, adapters=729, full_count=0
Compilation: enabled, stopped_count=0, restarted_count=0

Compilation events (20 events):
Event: 40.835 Thread 0x000002055645ab10 7356       4       java.util.concurrent.locks.AbstractQueuedSynchronizer$Node::setStatusRelaxed (12 bytes)
Event: 40.835 Thread 0x000002055645ab10 nmethod 7356 0x000002054b6b3a90 code [0x000002054b6b3c20, 0x000002054b6b3cb0]
Event: 41.537 Thread 0x000002055645ab10 7357       4       org.gradle.internal.serialize.InputStreamBackedDecoder::readLong (8 bytes)
Event: 41.542 Thread 0x000002055645ab10 nmethod 7357 0x000002054b6b3d90 code [0x000002054b6b3f40, 0x000002054b6b4158]
Event: 41.546 Thread 0x0000020556465970 7358       3       java.util.regex.Pattern::expr (142 bytes)
Event: 41.547 Thread 0x0000020556465970 nmethod 7358 0x00000205444def10 code [0x00000205444df180, 0x00000205444dfc20]
Event: 41.547 Thread 0x0000020556465970 7359       3       java.util.Formatter$Flags::contains (13 bytes)
Event: 41.548 Thread 0x0000020556465970 nmethod 7359 0x00000205444e0010 code [0x00000205444e01a0, 0x00000205444e02e0]
Event: 41.548 Thread 0x0000020556465970 7360       1       java.util.Formatter$FormatSpecifier::index (5 bytes)
Event: 41.548 Thread 0x0000020556465970 nmethod 7360 0x000002054b6b4490 code [0x000002054b6b4620, 0x000002054b6b46e8]
Event: 41.553 Thread 0x0000020556465970 7361       3       org.gradle.internal.serialize.InputStreamBackedDecoder::readBoolean (8 bytes)
Event: 41.553 Thread 0x0000020556465970 nmethod 7361 0x00000205444e0390 code [0x00000205444e0580, 0x00000205444e0978]
Event: 41.735 Thread 0x0000020556465970 7362       3       javax.management.ObjectName::<init> (15 bytes)
Event: 41.736 Thread 0x0000020556465970 nmethod 7362 0x00000205444e0b10 code [0x00000205444e0cc0, 0x00000205444e0e60]
Event: 41.736 Thread 0x0000020556465970 7365       3       java.util.stream.Collectors$$Lambda/0x00000205580775e0::accept (14 bytes)
Event: 41.736 Thread 0x0000020556465970 nmethod 7365 0x00000205444e0f10 code [0x00000205444e1100, 0x00000205444e1698]
Event: 41.736 Thread 0x0000020556465970 7363       3       sun.management.Util::newObjectName (11 bytes)
Event: 41.739 Thread 0x0000020556465970 nmethod 7363 0x00000205444e1910 code [0x00000205444e1d20, 0x00000205444e3d38]
Event: 41.739 Thread 0x0000020556465970 7364   !   3       sun.management.Util::newObjectName (15 bytes)
Event: 41.739 Thread 0x0000020556465970 nmethod 7364 0x00000205444e4890 code [0x00000205444e4a60, 0x00000205444e4df0]

GC Heap History (16 events):
Event: 9.137 GC heap before
{Heap before GC invocations=0 (full 0):
 garbage-first heap   total 262144K, used 26624K [0x00000000e0000000, 0x0000000100000000)
  region size 1024K, 23 young (23552K), 0 survivors (0K)
 Metaspace       used 2947K, committed 3136K, reserved 393216K
  class space    used 352K, committed 448K, reserved 327680K
}
Event: 9.147 GC heap after
{Heap after GC invocations=1 (full 0):
 garbage-first heap   total 262144K, used 11450K [0x00000000e0000000, 0x0000000100000000)
  region size 1024K, 3 young (3072K), 3 survivors (3072K)
 Metaspace       used 2947K, committed 3136K, reserved 393216K
  class space    used 352K, committed 448K, reserved 327680K
}
Event: 9.960 GC heap before
{Heap before GC invocations=1 (full 0):
 garbage-first heap   total 262144K, used 42170K [0x00000000e0000000, 0x0000000100000000)
  region size 1024K, 31 young (31744K), 3 survivors (3072K)
 Metaspace       used 4625K, committed 4800K, reserved 393216K
  class space    used 591K, committed 704K, reserved 327680K
}
Event: 9.965 GC heap after
{Heap after GC invocations=2 (full 0):
 garbage-first heap   total 262144K, used 15150K [0x00000000e0000000, 0x0000000100000000)
  region size 1024K, 3 young (3072K), 3 survivors (3072K)
 Metaspace       used 4625K, committed 4800K, reserved 393216K
  class space    used 591K, committed 704K, reserved 327680K
}
Event: 13.101 GC heap before
{Heap before GC invocations=2 (full 0):
 garbage-first heap   total 262144K, used 103214K [0x00000000e0000000, 0x0000000100000000)
  region size 1024K, 89 young (91136K), 3 survivors (3072K)
 Metaspace       used 17835K, committed 18368K, reserved 393216K
  class space    used 2487K, committed 2752K, reserved 327680K
}
Event: 13.113 GC heap after
{Heap after GC invocations=3 (full 0):
 garbage-first heap   total 262144K, used 23076K [0x00000000e0000000, 0x0000000100000000)
  region size 1024K, 11 young (11264K), 11 survivors (11264K)
 Metaspace       used 17835K, committed 18368K, reserved 393216K
  class space    used 2487K, committed 2752K, reserved 327680K
}
Event: 13.979 GC heap before
{Heap before GC invocations=3 (full 0):
 garbage-first heap   total 262144K, used 46628K [0x00000000e0000000, 0x0000000100000000)
  region size 1024K, 35 young (35840K), 11 survivors (11264K)
 Metaspace       used 20820K, committed 21504K, reserved 393216K
  class space    used 3005K, committed 3392K, reserved 327680K
}
Event: 13.989 GC heap after
{Heap after GC invocations=4 (full 0):
 garbage-first heap   total 262144K, used 25268K [0x00000000e0000000, 0x0000000100000000)
  region size 1024K, 3 young (3072K), 3 survivors (3072K)
 Metaspace       used 20820K, committed 21504K, reserved 393216K
  class space    used 3005K, committed 3392K, reserved 327680K
}
Event: 16.542 GC heap before
{Heap before GC invocations=5 (full 0):
 garbage-first heap   total 262144K, used 124596K [0x00000000e0000000, 0x0000000100000000)
  region size 1024K, 102 young (104448K), 3 survivors (3072K)
 Metaspace       used 34585K, committed 35968K, reserved 393216K
  class space    used 5108K, committed 5824K, reserved 327680K
}
Event: 16.551 GC heap after
{Heap after GC invocations=6 (full 0):
 garbage-first heap   total 262144K, used 31321K [0x00000000e0000000, 0x0000000100000000)
  region size 1024K, 9 young (9216K), 9 survivors (9216K)
 Metaspace       used 34585K, committed 35968K, reserved 393216K
  class space    used 5108K, committed 5824K, reserved 327680K
}
Event: 16.610 GC heap before
{Heap before GC invocations=6 (full 0):
 garbage-first heap   total 262144K, used 32345K [0x00000000e0000000, 0x0000000100000000)
  region size 1024K, 11 young (11264K), 9 survivors (9216K)
 Metaspace       used 34970K, committed 36288K, reserved 393216K
  class space    used 5166K, committed 5824K, reserved 327680K
}
Event: 16.616 GC heap after
{Heap after GC invocations=7 (full 0):
 garbage-first heap   total 262144K, used 31519K [0x00000000e0000000, 0x0000000100000000)
  region size 1024K, 9 young (9216K), 9 survivors (9216K)
 Metaspace       used 34970K, committed 36288K, reserved 393216K
  class space    used 5166K, committed 5824K, reserved 327680K
}
Event: 16.703 GC heap before
{Heap before GC invocations=7 (full 0):
 garbage-first heap   total 262144K, used 34591K [0x00000000e0000000, 0x0000000100000000)
  region size 1024K, 13 young (13312K), 9 survivors (9216K)
 Metaspace       used 35230K, committed 36608K, reserved 393216K
  class space    used 5203K, committed 5888K, reserved 327680K
}
Event: 16.711 GC heap after
{Heap after GC invocations=8 (full 0):
 garbage-first heap   total 262144K, used 32186K [0x00000000e0000000, 0x0000000100000000)
  region size 1024K, 10 young (10240K), 10 survivors (10240K)
 Metaspace       used 35230K, committed 36608K, reserved 393216K
  class space    used 5203K, committed 5888K, reserved 327680K
}
Event: 27.492 GC heap before
{Heap before GC invocations=9 (full 0):
 garbage-first heap   total 262144K, used 179642K [0x00000000e0000000, 0x0000000100000000)
  region size 1024K, 153 young (156672K), 10 survivors (10240K)
 Metaspace       used 54224K, committed 56128K, reserved 393216K
  class space    used 7910K, committed 8832K, reserved 327680K
}
Event: 27.513 GC heap after
{Heap after GC invocations=10 (full 0):
 garbage-first heap   total 262144K, used 42120K [0x00000000e0000000, 0x0000000100000000)
  region size 1024K, 19 young (19456K), 19 survivors (19456K)
 Metaspace       used 54224K, committed 56128K, reserved 393216K
  class space    used 7910K, committed 8832K, reserved 327680K
}

Dll operation events (20 events):
Event: 0.193 Attempting to load shared library C:\Users\ACER\.vscode\extensions\redhat.java-1.56.0-win32-x64\jre\21.0.12.1-win32-x86_64\bin\nio.dll
Event: 0.194 Loaded shared library C:\Users\ACER\.vscode\extensions\redhat.java-1.56.0-win32-x64\jre\21.0.12.1-win32-x86_64\bin\nio.dll
Event: 0.199 Attempting to load shared library C:\Users\ACER\.vscode\extensions\redhat.java-1.56.0-win32-x64\jre\21.0.12.1-win32-x86_64\bin\zip.dll
Event: 0.199 Loaded shared library C:\Users\ACER\.vscode\extensions\redhat.java-1.56.0-win32-x64\jre\21.0.12.1-win32-x86_64\bin\zip.dll
Event: 8.485 Attempting to load shared library C:\Users\ACER\.vscode\extensions\redhat.java-1.56.0-win32-x64\jre\21.0.12.1-win32-x86_64\bin\jimage.dll
Event: 8.485 Loaded shared library C:\Users\ACER\.vscode\extensions\redhat.java-1.56.0-win32-x64\jre\21.0.12.1-win32-x86_64\bin\jimage.dll
Event: 8.855 Attempting to load shared library C:\Users\ACER\.vscode\extensions\redhat.java-1.56.0-win32-x64\jre\21.0.12.1-win32-x86_64\bin\verify.dll
Event: 8.856 Loaded shared library C:\Users\ACER\.vscode\extensions\redhat.java-1.56.0-win32-x64\jre\21.0.12.1-win32-x86_64\bin\verify.dll
Event: 8.920 Attempting to load shared library C:\Users\ACER\.gradle\native\660c5614fbf4a5f2a75b1949f50a0caf5cd603558e7d8a26e50b933a0cfb79d1\windows-amd64\native-platform.dll
Event: 8.922 Loaded shared library C:\Users\ACER\.gradle\native\660c5614fbf4a5f2a75b1949f50a0caf5cd603558e7d8a26e50b933a0cfb79d1\windows-amd64\native-platform.dll
Event: 8.946 Attempting to load shared library C:\Users\ACER\.gradle\native\0.2.8\x86_64-windows-gnu\gradle-fileevents.dll
Event: 8.948 Loaded shared library C:\Users\ACER\.gradle\native\0.2.8\x86_64-windows-gnu\gradle-fileevents.dll
Event: 10.674 Attempting to load shared library C:\Users\ACER\.vscode\extensions\redhat.java-1.56.0-win32-x64\jre\21.0.12.1-win32-x86_64\bin\management.dll
Event: 10.675 Loaded shared library C:\Users\ACER\.vscode\extensions\redhat.java-1.56.0-win32-x64\jre\21.0.12.1-win32-x86_64\bin\management.dll
Event: 10.679 Attempting to load shared library C:\Users\ACER\.vscode\extensions\redhat.java-1.56.0-win32-x64\jre\21.0.12.1-win32-x86_64\bin\management_ext.dll
Event: 10.681 Loaded shared library C:\Users\ACER\.vscode\extensions\redhat.java-1.56.0-win32-x64\jre\21.0.12.1-win32-x86_64\bin\management_ext.dll
Event: 11.017 Attempting to load shared library C:\Users\ACER\.vscode\extensions\redhat.java-1.56.0-win32-x64\jre\21.0.12.1-win32-x86_64\bin\extnet.dll
Event: 11.019 Loaded shared library C:\Users\ACER\.vscode\extensions\redhat.java-1.56.0-win32-x64\jre\21.0.12.1-win32-x86_64\bin\extnet.dll
Event: 11.497 Attempting to load shared library C:\Users\ACER\.vscode\extensions\redhat.java-1.56.0-win32-x64\jre\21.0.12.1-win32-x86_64\bin\sunmscapi.dll
Event: 11.504 Loaded shared library C:\Users\ACER\.vscode\extensions\redhat.java-1.56.0-win32-x64\jre\21.0.12.1-win32-x86_64\bin\sunmscapi.dll

Deoptimization events (20 events):
Event: 37.933 Thread 0x000002057021e970 Uncommon trap: trap_request=0xffffff76 fr.pc=0x000002054b58052c relative=0x000000000000026c
Event: 37.933 Thread 0x000002057021e970 Uncommon trap: reason=predicate action=maybe_recompile pc=0x000002054b58052c method=sun.instrument.TransformerManager.transform(Ljava/lang/Module;Ljava/lang/ClassLoader;Ljava/lang/String;Ljava/lang/Class;Ljava/security/ProtectionDomain;[B)[B @ 21 c2
Event: 37.933 Thread 0x000002057021e970 DEOPT PACKING pc=0x000002054b58052c sp=0x0000005c2d7f69a0
Event: 37.933 Thread 0x000002057021e970 DEOPT UNPACKING pc=0x000002054adb4422 sp=0x0000005c2d7f6870 mode 2
Event: 37.933 Thread 0x000002057021e970 Uncommon trap: trap_request=0xffffff45 fr.pc=0x000002054b580d08 relative=0x00000000000000e8
Event: 37.933 Thread 0x000002057021e970 Uncommon trap: reason=unstable_if action=reinterpret pc=0x000002054b580d08 method=org.gradle.internal.instrumentation.agent.DefaultClassFileTransformer.transform(Ljava/lang/ClassLoader;Ljava/lang/String;Ljava/lang/Class;Ljava/security/ProtectionDomain;[B)
Event: 37.933 Thread 0x000002057021e970 DEOPT PACKING pc=0x000002054b580d08 sp=0x0000005c2d7f6830
Event: 37.933 Thread 0x000002057021e970 DEOPT UNPACKING pc=0x000002054adb4422 sp=0x0000005c2d7f6748 mode 2
Event: 38.111 Thread 0x000002057021e970 Uncommon trap: trap_request=0xffffff76 fr.pc=0x000002054b57f760 relative=0x0000000000000220
Event: 38.111 Thread 0x000002057021e970 Uncommon trap: reason=predicate action=maybe_recompile pc=0x000002054b57f760 method=sun.instrument.TransformerManager.transform(Ljava/lang/Module;Ljava/lang/ClassLoader;Ljava/lang/String;Ljava/lang/Class;Ljava/security/ProtectionDomain;[B)[B @ 21 c2
Event: 38.111 Thread 0x000002057021e970 DEOPT PACKING pc=0x000002054b57f760 sp=0x0000005c2d7f4c10
Event: 38.111 Thread 0x000002057021e970 DEOPT UNPACKING pc=0x000002054adb4422 sp=0x0000005c2d7f4bb8 mode 2
Event: 38.111 Thread 0x000002057021e970 Uncommon trap: trap_request=0xffffff45 fr.pc=0x000002054b5810fc relative=0x00000000000000dc
Event: 38.111 Thread 0x000002057021e970 Uncommon trap: reason=unstable_if action=reinterpret pc=0x000002054b5810fc method=org.gradle.internal.instrumentation.agent.DefaultClassFileTransformer.transform(Ljava/lang/ClassLoader;Ljava/lang/String;Ljava/lang/Class;Ljava/security/ProtectionDomain;[B)
Event: 38.111 Thread 0x000002057021e970 DEOPT PACKING pc=0x000002054b5810fc sp=0x0000005c2d7f4af0
Event: 38.111 Thread 0x000002057021e970 DEOPT UNPACKING pc=0x000002054adb4422 sp=0x0000005c2d7f4a90 mode 2
Event: 41.544 Thread 0x0000020556770210 Uncommon trap: trap_request=0xffffff45 fr.pc=0x000002054b64c8bc relative=0x000000000000009c
Event: 41.544 Thread 0x0000020556770210 Uncommon trap: reason=unstable_if action=reinterpret pc=0x000002054b64c8bc method=java.io.DataInputStream.readBoolean()Z @ 4 c2
Event: 41.544 Thread 0x0000020556770210 DEOPT PACKING pc=0x000002054b64c8bc sp=0x0000005c2d3fe640
Event: 41.544 Thread 0x0000020556770210 DEOPT UNPACKING pc=0x000002054adb4422 sp=0x0000005c2d3fe570 mode 2

Classes loaded (20 events):
Event: 34.854 Loading class jdk/xml/internal/XMLSecurityManager$Processor
Event: 34.854 Loading class jdk/xml/internal/XMLSecurityManager$Processor done
Event: 34.855 Loading class jdk/xml/internal/XMLSecurityManager$NameMap
Event: 34.855 Loading class jdk/xml/internal/XMLSecurityManager$NameMap done
Event: 34.855 Loading class com/sun/org/apache/xerces/internal/utils/XMLSecurityPropertyManager
Event: 34.856 Loading class com/sun/org/apache/xerces/internal/utils/XMLSecurityPropertyManager done
Event: 34.856 Loading class com/sun/org/apache/xerces/internal/utils/XMLSecurityPropertyManager$State
Event: 34.856 Loading class com/sun/org/apache/xerces/internal/utils/XMLSecurityPropertyManager$State done
Event: 34.857 Loading class com/sun/org/apache/xerces/internal/utils/XMLSecurityPropertyManager$Property
Event: 34.857 Loading class com/sun/org/apache/xerces/internal/utils/XMLSecurityPropertyManager$Property done
Event: 34.857 Loading class javax/xml/parsers/DocumentBuilderFactory
Event: 34.858 Loading class javax/xml/parsers/DocumentBuilderFactory done
Event: 34.858 Loading class javax/xml/parsers/FactoryFinder
Event: 34.859 Loading class javax/xml/parsers/FactoryFinder done
Event: 34.860 Loading class javax/xml/parsers/FactoryFinder$1
Event: 34.860 Loading class javax/xml/parsers/FactoryFinder$1 done
Event: 34.863 Loading class com/sun/org/apache/xerces/internal/jaxp/DocumentBuilderFactoryImpl
Event: 34.864 Loading class com/sun/org/apache/xerces/internal/jaxp/DocumentBuilderFactoryImpl done
Event: 36.114 Loading class java/beans/PropertyChangeListener
Event: 36.115 Loading class java/beans/PropertyChangeListener done

Classes unloaded (0 events):
No events

Classes redefined (0 events):
No events

Internal exceptions (20 events):
Event: 19.113 Thread 0x000002057021e970 Exception <a 'java/lang/NoSuchMethodError'{0x00000000e96b9a88}: 'java.lang.Object java.lang.invoke.DirectMethodHandle$Holder.invokeSpecial(java.lang.Object, java.lang.Object, java.lang.Object, java.lang.Object, int)'> (0x00000000e96b9a88) 
thrown [s\src\hotspot\share\interpreter\linkResolver.cpp, line 773]
Event: 19.113 Thread 0x000002057021e970 Exception <a 'java/lang/NoSuchMethodError'{0x00000000e96bdf40}: 'java.lang.Object java.lang.invoke.Invokers$Holder.linkToTargetMethod(java.lang.Object, java.lang.Object, int, java.lang.Object)'> (0x00000000e96bdf40) 
thrown [s\src\hotspot\share\interpreter\linkResolver.cpp, line 773]
Event: 19.199 Thread 0x000002057021e970 Exception <a 'java/lang/NoSuchMethodError'{0x00000000e9322190}: 'int java.lang.invoke.DirectMethodHandle$Holder.invokeSpecialIFC(java.lang.Object, java.lang.Object, java.lang.Object)'> (0x00000000e9322190) 
thrown [s\src\hotspot\share\interpreter\linkResolver.cpp, line 773]
Event: 19.305 Thread 0x000002057021e970 Exception <a 'java/lang/NoSuchMethodError'{0x00000000e8f95588}: 'void java.lang.invoke.DirectMethodHandle$Holder.invokeStatic(java.lang.Object, java.lang.Object, java.lang.Object, int, java.lang.Object)'> (0x00000000e8f95588) 
thrown [s\src\hotspot\share\interpreter\linkResolver.cpp, line 773]
Event: 19.337 Thread 0x000002057021e970 Exception <a 'java/lang/NoSuchMethodError'{0x00000000e8d35ed8}: 'int java.lang.invoke.DirectMethodHandle$Holder.invokeInterface(java.lang.Object, java.lang.Object, java.lang.Object, java.lang.Object, java.lang.Object)'> (0x00000000e8d35ed8) 
thrown [s\src\hotspot\share\interpreter\linkResolver.cpp, line 773]
Event: 19.430 Thread 0x000002057021e970 Exception <a 'sun/nio/fs/WindowsException'{0x00000000e8b28960}> (0x00000000e8b28960) 
thrown [s\src\hotspot\share\prims\jni.cpp, line 520]
Event: 19.518 Thread 0x000002057021e970 Exception <a 'java/lang/NoSuchMethodError'{0x00000000e8837df8}: 'void java.lang.invoke.DirectMethodHandle$Holder.invokeVirtual(java.lang.Object, java.lang.Object)'> (0x00000000e8837df8) 
thrown [s\src\hotspot\share\interpreter\linkResolver.cpp, line 773]
Event: 21.356 Thread 0x000002057021e970 Implicit null exception at 0x000002054b34eea0 to 0x000002054b34f43c
Event: 24.783 Thread 0x000002057021e970 Exception <a 'java/lang/NoSuchMethodError'{0x00000000e70e4548}: 'java.lang.Object java.lang.invoke.DirectMethodHandle$Holder.invokeSpecial(java.lang.Object, java.lang.Object, long, java.lang.Object, java.lang.Object)'> (0x00000000e70e4548) 
thrown [s\src\hotspot\share\interpreter\linkResolver.cpp, line 773]
Event: 27.520 Thread 0x0000020556447fd0 Implicit null exception at 0x000002054b5d421c to 0x000002054b5d42dc
Event: 27.675 Thread 0x000002057021e970 Exception <a 'java/lang/NoSuchMethodError'{0x00000000efcd4438}: 'java.lang.Object java.lang.invoke.DirectMethodHandle$Holder.newInvokeSpecial(java.lang.Object, java.lang.Object, java.lang.Object, java.lang.Object, int, java.lang.Object)'> (0x00000000efcd4438) 
thrown [s\src\hotspot\share\interpreter\linkResolver.cpp, line 773]
Event: 27.676 Thread 0x000002057021e970 Exception <a 'java/lang/NoSuchMethodError'{0x00000000efcd99a8}: 'java.lang.Object java.lang.invoke.DirectMethodHandle$Holder.invokeSpecial(java.lang.Object, java.lang.Object, java.lang.Object, java.lang.Object, java.lang.Object, int, java.lang.Object)'> (0x00000000efcd99a8) 
thrown [s\src\hotspot\share\interpreter\linkResolver.cpp, line 773]
Event: 27.678 Thread 0x000002057021e970 Exception <a 'java/lang/NoSuchMethodError'{0x00000000efcde2f0}: 'java.lang.Object java.lang.invoke.Invokers$Holder.linkToTargetMethod(java.lang.Object, java.lang.Object, java.lang.Object, int, java.lang.Object, java.lang.Object)'> (0x00000000efcde2f0) 
thrown [s\src\hotspot\share\interpreter\linkResolver.cpp, line 773]
Event: 29.348 Thread 0x000002057021e970 Exception <a 'java/lang/NoSuchMethodError'{0x00000000ef469af0}: 'java.lang.Object java.lang.invoke.DirectMethodHandle$Holder.invokeSpecialIFC(java.lang.Object, java.lang.Object, java.lang.Object)'> (0x00000000ef469af0) 
thrown [s\src\hotspot\share\interpreter\linkResolver.cpp, line 773]
Event: 34.912 Thread 0x000002057021e970 Exception <a 'java/lang/NoSuchMethodError'{0x00000000edd39d58}: 'java.lang.Object java.lang.invoke.DirectMethodHandle$Holder.newInvokeSpecial(java.lang.Object, java.lang.Object, java.lang.Object, java.lang.Object, java.lang.Object, java.lang.Object, java.lang.Object, java.lang.Object, java.lang.Object, java.lang.Object, java.lang.Object, java.lang.Object, java.lang.Object, java.lang.Object, java.lang.Object, java.lang.Object)'> (0x00000000edd39d58) 
thrown [s\src\hotspot\share\interpreter\linkResolver.cpp,
Event: 34.914 Thread 0x000002057021e970 Exception <a 'java/lang/NoSuchMethodError'{0x00000000edd40b78}: 'java.lang.Object java.lang.invoke.DirectMethodHandle$Holder.invokeSpecial(java.lang.Object, java.lang.Object, java.lang.Object, java.lang.Object, java.lang.Object, java.lang.Object, java.lang.Object, java.lang.Object, java.lang.Object, java.lang.Object, java.lang.Object, java.lang.Object, java.lang.Object, java.lang.Object, java.lang.Object, java.lang.Object, java.lang.Object)'> (0x00000000edd40b78) 
thrown [s\src\hotspot\share\interpreter\li
Event: 34.915 Thread 0x000002057021e970 Exception <a 'java/lang/NoSuchMethodError'{0x00000000edd467c8}: 'java.lang.Object java.lang.invoke.DelegatingMethodHandle$Holder.reinvoke_L(java.lang.Object, java.lang.Object, java.lang.Object, java.lang.Object, java.lang.Object, java.lang.Object, java.lang.Object, java.lang.Object, java.lang.Object, java.lang.Object, java.lang.Object, java.lang.Object, java.lang.Object, java.lang.Object, java.lang.Object, java.lang.Object)'> (0x00000000edd467c8) 
thrown [s\src\hotspot\share\interpreter\linkResolver.cpp, l
Event: 36.703 Thread 0x000002057021e970 Exception <a 'java/lang/IncompatibleClassChangeError'{0x00000000eced2548}: Found class java.lang.Object, but interface was expected> (0x00000000eced2548) 
thrown [s\src\hotspot\share\interpreter\linkResolver.cpp, line 840]
Event: 36.709 Thread 0x000002057021e970 Exception <a 'java/lang/IncompatibleClassChangeError'{0x00000000ecef3810}: Found class java.lang.Object, but interface was expected> (0x00000000ecef3810) 
thrown [s\src\hotspot\share\interpreter\linkResolver.cpp, line 840]
Event: 36.711 Thread 0x000002057021e970 Exception <a 'java/lang/IncompatibleClassChangeError'{0x00000000ecef7748}: Found class java.lang.Object, but interface was expected> (0x00000000ecef7748) 
thrown [s\src\hotspot\share\interpreter\linkResolver.cpp, line 840]

ZGC Phase Switch (0 events):
No events

VM Operations (20 events):
Event: 32.274 Executing safepoint VM operation: Cleanup
Event: 32.274 Executing safepoint VM operation: Cleanup done
Event: 33.282 Executing safepoint VM operation: Cleanup
Event: 33.283 Executing safepoint VM operation: Cleanup done
Event: 34.284 Executing safepoint VM operation: Cleanup
Event: 34.299 Executing safepoint VM operation: Cleanup done
Event: 34.969 Executing non-safepoint VM operation: HandshakeAllThreads (Deoptimize)
Event: 34.969 Executing non-safepoint VM operation: HandshakeAllThreads (Deoptimize) done
Event: 35.977 Executing safepoint VM operation: Cleanup
Event: 36.040 Executing safepoint VM operation: Cleanup done
Event: 37.049 Executing safepoint VM operation: Cleanup
Event: 37.128 Executing safepoint VM operation: Cleanup done
Event: 38.138 Executing safepoint VM operation: Cleanup
Event: 38.153 Executing safepoint VM operation: Cleanup done
Event: 39.159 Executing safepoint VM operation: Cleanup
Event: 39.159 Executing safepoint VM operation: Cleanup done
Event: 40.164 Executing safepoint VM operation: Cleanup
Event: 40.164 Executing safepoint VM operation: Cleanup done
Event: 41.177 Executing safepoint VM operation: Cleanup
Event: 41.177 Executing safepoint VM operation: Cleanup done

Memory protections (0 events):
No events

Nmethod flushes (20 events):
Event: 16.728 Thread 0x000002055642d7d0 flushing  nmethod 0x0000020543922890
Event: 16.728 Thread 0x000002055642d7d0 flushing  nmethod 0x000002054392ea90
Event: 16.728 Thread 0x000002055642d7d0 flushing  nmethod 0x0000020543996510
Event: 16.728 Thread 0x000002055642d7d0 flushing  nmethod 0x00000205439a4a10
Event: 16.728 Thread 0x000002055642d7d0 flushing  nmethod 0x00000205439a8f10
Event: 16.728 Thread 0x000002055642d7d0 flushing  nmethod 0x00000205439d5910
Event: 16.728 Thread 0x000002055642d7d0 flushing  nmethod 0x0000020543b0a390
Event: 16.728 Thread 0x000002055642d7d0 flushing  nmethod 0x0000020543b0c210
Event: 16.728 Thread 0x000002055642d7d0 flushing  nmethod 0x0000020543b43890
Event: 16.728 Thread 0x000002055642d7d0 flushing  nmethod 0x0000020543b44290
Event: 16.728 Thread 0x000002055642d7d0 flushing  nmethod 0x0000020543b47b90
Event: 16.728 Thread 0x000002055642d7d0 flushing  nmethod 0x0000020543b7d590
Event: 16.728 Thread 0x000002055642d7d0 flushing  nmethod 0x0000020543b7e710
Event: 16.728 Thread 0x000002055642d7d0 flushing  nmethod 0x0000020543b86f90
Event: 16.728 Thread 0x000002055642d7d0 flushing  nmethod 0x0000020543c6e610
Event: 16.728 Thread 0x000002055642d7d0 flushing  nmethod 0x0000020543c6f990
Event: 16.728 Thread 0x000002055642d7d0 flushing  nmethod 0x0000020543c70c10
Event: 16.728 Thread 0x000002055642d7d0 flushing  nmethod 0x0000020543c73f90
Event: 16.728 Thread 0x000002055642d7d0 flushing  nmethod 0x0000020543cc0790
Event: 16.728 Thread 0x000002055642d7d0 flushing  nmethod 0x0000020543d1f790

Events (20 events):
Event: 14.918 Thread 0x000002057021e970 Thread added: 0x0000020572061a30
Event: 15.028 Thread 0x000002057021e970 Thread added: 0x0000020572062de0
Event: 15.479 Thread 0x000002057021e970 Thread added: 0x0000020572062750
Event: 15.602 Thread 0x000002057021e970 Thread added: 0x0000020572063470
Event: 16.013 Thread 0x000002057021e970 Thread added: 0x00000205720620c0
Event: 16.142 Thread 0x000002057021e970 Thread added: 0x0000020572063b00
Event: 27.315 Thread 0x000002057021e970 Thread added: 0x00000205725b6680
Event: 27.315 Thread 0x000002057021e970 Thread added: 0x00000205725baeb0
Event: 27.315 Thread 0x000002057021e970 Thread added: 0x00000205725bb540
Event: 27.315 Thread 0x000002057021e970 Thread added: 0x00000205725b73a0
Event: 27.316 Thread 0x000002057021e970 Thread added: 0x00000205725b80c0
Event: 27.317 Thread 0x000002057021e970 Thread added: 0x00000205725ba190
Event: 27.317 Thread 0x000002057021e970 Thread added: 0x00000205725ba820
Event: 27.318 Thread 0x000002057021e970 Thread added: 0x00000205725bbbd0
Event: 27.320 Thread 0x000002057021e970 Thread added: 0x00000205725b9b00
Event: 27.321 Thread 0x000002057021e970 Thread added: 0x00000205725b9470
Event: 27.321 Thread 0x000002057021e970 Thread added: 0x00000205725bcf80
Event: 27.788 Thread 0x000002057021e970 Thread added: 0x00000205725bc8f0
Event: 35.292 Thread 0x000002057021e970 Thread added: 0x00000205725b8de0
Event: 41.368 Thread 0x0000020571eac8b0 Thread added: 0x00000205725bd610


Dynamic libraries:
0x00007ff706180000 - 0x00007ff70618e000 	C:\Users\ACER\.vscode\extensions\redhat.java-1.56.0-win32-x64\jre\21.0.12.1-win32-x86_64\bin\java.exe
0x00007ffe5c330000 - 0x00007ffe5c548000 	C:\WINDOWS\SYSTEM32\ntdll.dll
0x00007ffe5a080000 - 0x00007ffe5a144000 	C:\WINDOWS\System32\KERNEL32.DLL
0x00007ffe59620000 - 0x00007ffe599f3000 	C:\WINDOWS\System32\KERNELBASE.dll
0x00007ffe59ba0000 - 0x00007ffe59cb1000 	C:\WINDOWS\System32\ucrtbase.dll
0x00007ffe16ae0000 - 0x00007ffe16af8000 	C:\Users\ACER\.vscode\extensions\redhat.java-1.56.0-win32-x64\jre\21.0.12.1-win32-x86_64\bin\jli.dll
0x00007ffe19430000 - 0x00007ffe1944e000 	C:\Users\ACER\.vscode\extensions\redhat.java-1.56.0-win32-x64\jre\21.0.12.1-win32-x86_64\bin\VCRUNTIME140.dll
0x00007ffe5a150000 - 0x00007ffe5a302000 	C:\WINDOWS\System32\USER32.dll
0x00007ffe59cc0000 - 0x00007ffe59ce6000 	C:\WINDOWS\System32\win32u.dll
0x00007ffe5b580000 - 0x00007ffe5b5a9000 	C:\WINDOWS\System32\GDI32.dll
0x00007ffe59cf0000 - 0x00007ffe59e0b000 	C:\WINDOWS\System32\gdi32full.dll
0x00007ffe45c40000 - 0x00007ffe45edc000 	C:\WINDOWS\WinSxS\amd64_microsoft.windows.common-controls_6595b64144ccf1df_6.0.22621.6060_none_2712eda17382d24b\COMCTL32.dll
0x00007ffe59440000 - 0x00007ffe594da000 	C:\WINDOWS\System32\msvcp_win.dll
0x00007ffe5b2b0000 - 0x00007ffe5b357000 	C:\WINDOWS\System32\msvcrt.dll
0x00007ffe5b420000 - 0x00007ffe5b451000 	C:\WINDOWS\System32\IMM32.DLL
0x00007ffe52480000 - 0x00007ffe5248c000 	C:\Users\ACER\.vscode\extensions\redhat.java-1.56.0-win32-x64\jre\21.0.12.1-win32-x86_64\bin\vcruntime140_1.dll
0x00007ffe0e260000 - 0x00007ffe0e2ed000 	C:\Users\ACER\.vscode\extensions\redhat.java-1.56.0-win32-x64\jre\21.0.12.1-win32-x86_64\bin\msvcp140.dll
0x00007ffdc7b70000 - 0x00007ffdc8912000 	C:\Users\ACER\.vscode\extensions\redhat.java-1.56.0-win32-x64\jre\21.0.12.1-win32-x86_64\bin\server\jvm.dll
0x00007ffe5b360000 - 0x00007ffe5b411000 	C:\WINDOWS\System32\ADVAPI32.dll
0x00007ffe59fd0000 - 0x00007ffe5a078000 	C:\WINDOWS\System32\sechost.dll
0x00007ffe59b70000 - 0x00007ffe59b98000 	C:\WINDOWS\System32\bcrypt.dll
0x00007ffe5b460000 - 0x00007ffe5b578000 	C:\WINDOWS\System32\RPCRT4.dll
0x00007ffe5add0000 - 0x00007ffe5ae41000 	C:\WINDOWS\System32\WS2_32.dll
0x00007ffe51640000 - 0x00007ffe51674000 	C:\WINDOWS\SYSTEM32\WINMM.dll
0x00007ffe59310000 - 0x00007ffe5935d000 	C:\WINDOWS\SYSTEM32\POWRPROF.dll
0x00007ffe507b0000 - 0x00007ffe507ba000 	C:\WINDOWS\SYSTEM32\VERSION.dll
0x00007ffe59240000 - 0x00007ffe59253000 	C:\WINDOWS\SYSTEM32\UMPDC.dll
0x00007ffe58380000 - 0x00007ffe58398000 	C:\WINDOWS\SYSTEM32\kernel.appcore.dll
0x00007ffe49270000 - 0x00007ffe4927a000 	C:\Users\ACER\.vscode\extensions\redhat.java-1.56.0-win32-x64\jre\21.0.12.1-win32-x86_64\bin\jimage.dll
0x00007ffe4eaa0000 - 0x00007ffe4ecd3000 	C:\WINDOWS\SYSTEM32\DBGHELP.DLL
0x00007ffe5aef0000 - 0x00007ffe5b281000 	C:\WINDOWS\System32\combase.dll
0x00007ffe5a970000 - 0x00007ffe5aa48000 	C:\WINDOWS\System32\OLEAUT32.dll
0x00007ffe43410000 - 0x00007ffe43442000 	C:\WINDOWS\SYSTEM32\dbgcore.DLL
0x00007ffe59f50000 - 0x00007ffe59fcb000 	C:\WINDOWS\System32\bcryptPrimitives.dll
0x00007ffe49250000 - 0x00007ffe4925f000 	C:\Users\ACER\.vscode\extensions\redhat.java-1.56.0-win32-x64\jre\21.0.12.1-win32-x86_64\bin\instrument.dll
0x00007ffe169a0000 - 0x00007ffe169c0000 	C:\Users\ACER\.vscode\extensions\redhat.java-1.56.0-win32-x64\jre\21.0.12.1-win32-x86_64\bin\java.dll
0x00007ffe5b710000 - 0x00007ffe5bfac000 	C:\WINDOWS\System32\SHELL32.dll
0x00007ffe59e10000 - 0x00007ffe59f4f000 	C:\WINDOWS\System32\wintypes.dll
0x00007ffe572f0000 - 0x00007ffe57c0a000 	C:\WINDOWS\SYSTEM32\windows.storage.dll
0x00007ffe5c020000 - 0x00007ffe5c124000 	C:\WINDOWS\System32\SHCORE.dll
0x00007ffe5ae80000 - 0x00007ffe5aee9000 	C:\WINDOWS\System32\shlwapi.dll
0x00007ffe59370000 - 0x00007ffe59395000 	C:\WINDOWS\SYSTEM32\profapi.dll
0x00007ffe162f0000 - 0x00007ffe16308000 	C:\Users\ACER\.vscode\extensions\redhat.java-1.56.0-win32-x64\jre\21.0.12.1-win32-x86_64\bin\zip.dll
0x00007ffe491d0000 - 0x00007ffe491e0000 	C:\Users\ACER\.vscode\extensions\redhat.java-1.56.0-win32-x64\jre\21.0.12.1-win32-x86_64\bin\net.dll
0x00007ffe54130000 - 0x00007ffe5425c000 	C:\WINDOWS\SYSTEM32\WINHTTP.dll
0x00007ffe588b0000 - 0x00007ffe58919000 	C:\WINDOWS\system32\mswsock.dll
0x00007ffe162b0000 - 0x00007ffe162c6000 	C:\Users\ACER\.vscode\extensions\redhat.java-1.56.0-win32-x64\jre\21.0.12.1-win32-x86_64\bin\nio.dll
0x00007ffe48fb0000 - 0x00007ffe48fc0000 	C:\Users\ACER\.vscode\extensions\redhat.java-1.56.0-win32-x64\jre\21.0.12.1-win32-x86_64\bin\verify.dll
0x00007ffe09cc0000 - 0x00007ffe09ce7000 	C:\Users\ACER\.gradle\native\660c5614fbf4a5f2a75b1949f50a0caf5cd603558e7d8a26e50b933a0cfb79d1\windows-amd64\native-platform.dll
0x00007ffe06510000 - 0x00007ffe06587000 	C:\Users\ACER\.gradle\native\0.2.8\x86_64-windows-gnu\gradle-fileevents.dll
0x00007ffe476b0000 - 0x00007ffe476ba000 	C:\Users\ACER\.vscode\extensions\redhat.java-1.56.0-win32-x64\jre\21.0.12.1-win32-x86_64\bin\management.dll
0x00007ffe465a0000 - 0x00007ffe465ac000 	C:\Users\ACER\.vscode\extensions\redhat.java-1.56.0-win32-x64\jre\21.0.12.1-win32-x86_64\bin\management_ext.dll
0x00007ffe5ae70000 - 0x00007ffe5ae78000 	C:\WINDOWS\System32\PSAPI.DLL
0x00007ffe57eb0000 - 0x00007ffe57edd000 	C:\WINDOWS\SYSTEM32\IPHLPAPI.DLL
0x00007ffe5ae60000 - 0x00007ffe5ae69000 	C:\WINDOWS\System32\NSI.dll
0x00007ffe46480000 - 0x00007ffe46489000 	C:\Users\ACER\.vscode\extensions\redhat.java-1.56.0-win32-x64\jre\21.0.12.1-win32-x86_64\bin\extnet.dll
0x00007ffe58b30000 - 0x00007ffe58b4b000 	C:\WINDOWS\SYSTEM32\CRYPTSP.dll
0x00007ffe58340000 - 0x00007ffe58377000 	C:\WINDOWS\system32\rsaenh.dll
0x00007ffe589d0000 - 0x00007ffe589f8000 	C:\WINDOWS\SYSTEM32\USERENV.dll
0x00007ffe58b50000 - 0x00007ffe58b5c000 	C:\WINDOWS\SYSTEM32\CRYPTBASE.dll
0x00007ffe45620000 - 0x00007ffe4562e000 	C:\Users\ACER\.vscode\extensions\redhat.java-1.56.0-win32-x64\jre\21.0.12.1-win32-x86_64\bin\sunmscapi.dll
0x00007ffe59a00000 - 0x00007ffe59b68000 	C:\WINDOWS\System32\CRYPT32.dll
0x00007ffe58cf0000 - 0x00007ffe58d1e000 	C:\WINDOWS\SYSTEM32\ncrypt.dll
0x00007ffe58cb0000 - 0x00007ffe58ce7000 	C:\WINDOWS\SYSTEM32\NTASN1.dll
0x00007ffe47a10000 - 0x00007ffe47a18000 	C:\WINDOWS\system32\wshunix.dll
0x00007ffe57f30000 - 0x00007ffe58028000 	C:\WINDOWS\SYSTEM32\DNSAPI.dll
0x00007ffe53b40000 - 0x00007ffe53b4a000 	C:\Windows\System32\rasadhlp.dll
0x00007ffe515b0000 - 0x00007ffe51634000 	C:\WINDOWS\System32\fwpuclnt.dll

JVMTI agents:
C:\Users\ACER\.gradle\wrapper\dists\gradle-9.5.1-bin\iq79hdu3mqx29lgffhp8bfmx\gradle-9.5.1\lib\agents\gradle-instrumentation-agent-9.5.1.jar path:C:\Users\ACER\.vscode\extensions\redhat.java-1.56.0-win32-x64\jre\21.0.12.1-win32-x86_64\bin\instrument.dll, loaded, initialized, instrumentlib options:none

dbghelp: loaded successfully - version: 4.0.5 - missing functions: none
symbol engine: initialized successfully - sym options: 0x614 - pdb path: .;C:\Users\ACER\.vscode\extensions\redhat.java-1.56.0-win32-x64\jre\21.0.12.1-win32-x86_64\bin;C:\WINDOWS\SYSTEM32;C:\WINDOWS\WinSxS\amd64_microsoft.windows.common-controls_6595b64144ccf1df_6.0.22621.6060_none_2712eda17382d24b;C:\Users\ACER\.vscode\extensions\redhat.java-1.56.0-win32-x64\jre\21.0.12.1-win32-x86_64\bin\server;C:\Users\ACER\.gradle\native\660c5614fbf4a5f2a75b1949f50a0caf5cd603558e7d8a26e50b933a0cfb79d1\windows-amd64;C:\Users\ACER\.gradle\native\0.2.8\x86_64-windows-gnu

VM Arguments:
jvm_args: --add-opens=java.base/java.lang=ALL-UNNAMED --add-opens=java.base/java.lang.invoke=ALL-UNNAMED --add-opens=java.base/java.util=ALL-UNNAMED --add-opens=java.prefs/java.util.prefs=ALL-UNNAMED --add-exports=jdk.compiler/com.sun.tools.javac.api=ALL-UNNAMED --add-exports=jdk.compiler/com.sun.tools.javac.util=ALL-UNNAMED --add-opens=java.base/java.nio.charset=ALL-UNNAMED --add-opens=java.base/java.net=ALL-UNNAMED --add-opens=java.base/java.util.concurrent=ALL-UNNAMED --add-opens=java.base/java.util.concurrent.atomic=ALL-UNNAMED --add-opens=java.xml/javax.xml.namespace=ALL-UNNAMED --add-opens=java.base/java.time=ALL-UNNAMED -XX:MaxMetaspaceSize=384m -XX:+HeapDumpOnOutOfMemoryError -Xms256m -Xmx512m -Dfile.encoding=UTF-8 -Duser.country=US -Duser.language=en -Duser.variant -javaagent:C:\Users\ACER\.gradle\wrapper\dists\gradle-9.5.1-bin\iq79hdu3mqx29lgffhp8bfmx\gradle-9.5.1\lib\agents\gradle-instrumentation-agent-9.5.1.jar 
java_command: org.gradle.launcher.daemon.bootstrap.GradleDaemon 9.5.1
java_class_path (initial): C:\Users\ACER\.gradle\wrapper\dists\gradle-9.5.1-bin\iq79hdu3mqx29lgffhp8bfmx\gradle-9.5.1\lib\gradle-daemon-main-9.5.1.jar
Launcher Type: SUN_STANDARD

[Global flags]
     intx CICompilerCount                          = 4                                         {product} {ergonomic}
   size_t CompressedClassSpaceSize                 = 335544320                                 {product} {ergonomic}
     uint ConcGCThreads                            = 3                                         {product} {ergonomic}
     uint G1ConcRefinementThreads                  = 10                                        {product} {ergonomic}
   size_t G1HeapRegionSize                         = 1048576                                   {product} {ergonomic}
    uintx GCDrainStackTargetSize                   = 64                                        {product} {ergonomic}
     bool HeapDumpOnOutOfMemoryError               = true                                   {manageable} {command line}
   size_t InitialHeapSize                          = 268435456                                 {product} {command line}
   size_t MarkStackSize                            = 4194304                                   {product} {ergonomic}
   size_t MaxHeapSize                              = 536870912                                 {product} {command line}
   size_t MaxMetaspaceSize                         = 402653184                                 {product} {command line}
   size_t MaxNewSize                               = 321912832                                 {product} {ergonomic}
   size_t MinHeapDeltaBytes                        = 1048576                                   {product} {ergonomic}
   size_t MinHeapSize                              = 268435456                                 {product} {command line}
    uintx NonNMethodCodeHeapSize                   = 5839372                                {pd product} {ergonomic}
    uintx NonProfiledCodeHeapSize                  = 122909434                              {pd product} {ergonomic}
    uintx ProfiledCodeHeapSize                     = 122909434                              {pd product} {ergonomic}
    uintx ReservedCodeCacheSize                    = 251658240                              {pd product} {ergonomic}
     bool SegmentedCodeCache                       = true                                      {product} {ergonomic}
   size_t SoftMaxHeapSize                          = 536870912                              {manageable} {ergonomic}
     bool UseCompressedOops                        = true                           {product lp64_product} {ergonomic}
     bool UseG1GC                                  = true                                      {product} {ergonomic}
     bool UseLargePagesIndividualAllocation        = false                                  {pd product} {ergonomic}

Logging:
Log output configuration:
 #0: stdout all=warning uptime,level,tags foldmultilines=false
 #1: stderr all=off uptime,level,tags foldmultilines=false

Release file:
JAVA_VERSION="21.0.12.1" 
MODULES="java.base java.compiler java.datatransfer java.xml java.prefs java.desktop java.instrument java.logging java.management java.security.sasl java.naming java.rmi java.management.rmi java.net.http java.scripting java.security.jgss java.transaction.xa java.sql java.sql.rowset java.xml.crypto java.se java.smartcardio jdk.accessibility jdk.internal.jvmstat jdk.attach jdk.charsets jdk.internal.opt jdk.zipfs jdk.compiler jdk.crypto.ec jdk.crypto.cryptoki jdk.crypto.mscapi jdk.dynalink jdk.internal.ed jdk.editpad jdk.hotspot.agent jdk.httpserver jdk.internal.le jdk.internal.vm.ci jdk.internal.vm.compiler jdk.internal.vm.compiler.management jdk.jartool jdk.javadoc jdk.jcmd jdk.management jdk.management.agent jdk.jconsole jdk.jdeps jdk.jdwp.agent jdk.jdi jdk.jfr jdk.jshell jdk.jsobject jdk.jstatd jdk.localedata jdk.management.jfr jdk.naming.dns jdk.naming.rmi jdk.net jdk.nio.mapmode jdk.random jdk.sctp jdk.security.auth jdk.security.jgss jdk.unsupported jdk.unsupported.desktop jdk.xml.dom" 

Environment Variables:
PATH=C:\Program Files\NVIDIA GPU Computing Toolkit\CUDA\v12.3\bin;C:\Program Files\NVIDIA GPU Computing Toolkit\CUDA\v12.3\libnvvp;C:\Windows\system32;C:\Windows;C:\Windows\System32\Wbem;C:\Windows\System32\WindowsPowerShell\v1.0\;C:\Windows\System32\OpenSSH\;C:\Program Files (x86)\NVIDIA Corporation\PhysX\Common;C:\Program Files\Azure Data Studio\bin;C:\Program Files (x86)\Microsoft SQL Server\160\Tools\Binn\;C:\Program Files\Microsoft SQL Server\160\Tools\Binn\;C:\Program Files\Microsoft SQL Server\Client SDK\ODBC\170\Tools\Binn\;C:\Program Files\Microsoft SQL Server\160\DTS\Binn\;C:\Program Files\MySQL\MySQL Server 8.0\bin;C:\WINDOWS\system32;C:\WINDOWS;C:\WINDOWS\System32\Wbem;C:\WINDOWS\System32\WindowsPowerShell\v1.0\;C:\WINDOWS\System32\OpenSSH\;C:\Program Files\Git\cmd;C:\msys64\ucrt64\bin;C:\xampp\php;C:\ProgramData\ComposerSetup\bin;C:\Users\ACER\AppData\Local\nvm;C:\nvm4w\nodejs;c:\Users\ACER\AppData\Local\Programs\cursor\resources\app\bin;%NVM_HOME%;C:\Program Files\nodejs;C:\Program Files\MongoDB\Server\7.0\bin;C:\Program Files (x86)\Windows Kits\10\Windows Performance Toolkit\;C:\Program Files\Microsoft SQL Server\150\Tools\Binn\;C:\mkcert;C:\Program Files\Docker\Docker\resources\bin;C:\Program Files (x86)\Microsoft SQL Server\170\Tools\Binn\;C:\Program Files\Microsoft SQL Server\170\Tools\Binn\;C:\Program Files\Microsoft SQL Server\Client SDK\ODBC\180\Tools\Binn\;C:\Program Files\Microsoft SQL Server\170\DTS\Binn\;C:\Program Files\Redis;C:\Program Files\NVIDIA Corporation\NVIDIA App\NvDLISR;C:\Program Files\NVIDIA Corporation\Nsight Compute 2023.3.0\;C:\Program Files\NVIDIA Corporation\NVIDIA NvDLISR;C:\Program Files\nodejs\;C:\Program Files\dotnet\;C:\Users\ACER\AppData\Local\pnpm\bin;C:\Users\ACER\.local\bin;C:\Program Files\MySQL\MySQL Shell 8.0\bin\;C:\Users\ACER\AppData\Local\Microsoft\WindowsApps;C:\Users\ACER\AppData\Local\Programs\Microsoft VS Code\bin;C:\Program Files\Azure Data Studio\bin;C:\msys64\mingw64\bin;C:\Program Files\JetBrains\IntelliJ IDEA 2023.3.2\bin;;C:\Users\ACER\AppData\Local\GitHubDesktop\bin;C:\Users\ACER\AppData\Roaming\Composer\vendor\bin;C:\Users\ACER\AppData\Local\nvm;C:\nvm4w\nodejs;C:\Users\ACER\AppData\Local\Programs\cursor\resources\app\bin;C:\Users\ACER\AppData\Local\Programs\mongosh\;C:\Users\ACER\.dotnet\tools;C:\Users\ACER\AppData\Local\Programs\Antigravity IDE\bin;C:\Users\ACER\AppData\Local\Python\bin;C:\Users\ACER\AppData\Local\Microsoft\WinGet\Packages\LiveKit.LiveKitCLI_Microsoft.Winget.Source_8wekyb3d8bbwe;C:\Users\ACER\AppData\Local\Programs\Ollama;C:\Users\ACER\AppData\Roaming\npm
USERNAME=ACER
OS=Windows_NT
PROCESSOR_IDENTIFIER=AMD64 Family 23 Model 104 Stepping 1, AuthenticAMD
TMP=C:\Users\ACER\AppData\Local\Temp
TEMP=C:\Users\ACER\AppData\Local\Temp




Periodic native trim disabled

---------------  S Y S T E M  ---------------

OS:
 Windows 11 , 64 bit Build 22621 (10.0.22621.5415)
OS uptime: 1 days 5:29 hours
Hyper-V role detected

CPU: total 12 (initial active 12) (12 cores per cpu, 2 threads per core) family 23 model 104 stepping 1 microcode 0x0, cx8, cmov, fxsr, ht, mmx, 3dnowpref, sse, sse2, sse3, ssse3, sse4a, sse4.1, sse4.2, popcnt, lzcnt, tsc, tscinvbit, avx, avx2, aes, clmul, bmi1, bmi2, adx, sha, fma, vzeroupper, clflush, clflushopt, hv, rdtscp, rdpid, f16c
Processor Information for the first 12 processors :
  Max Mhz: 2100, Current Mhz: 2100, Mhz Limit: 2100

Memory: 4k page, system-wide physical 7514M (386M free)
TotalPageFile size 31066M (AvailPageFile size 845M)
current process WorkingSet (physical memory assigned to process): 238M, peak: 366M
current process commit charge ("private bytes"): 480M, peak: 501M

vm_info: OpenJDK 64-Bit Server VM (21.0.12.1+1-LTS) for windows-amd64 JRE (21.0.12.1+1-LTS), built on 2026-08-18T00:00:00Z by "admin" with MS VC++ 17.12 (VS2022)

END.
