#
# There is insufficient memory for the Java Runtime Environment to continue.
# Native memory allocation (mmap) failed to map 65536 bytes. Error detail: Failed to commit metaspace.
# Possible reasons:
#   The system is out of physical RAM or swap space
#   This process is running with CompressedOops enabled, and the Java Heap may be blocking the growth of the native heap
# Possible solutions:
#   Reduce memory load on the system
#   Increase physical memory or swap space
#   Check if swap backing store is full
#   Decrease Java heap size (-Xmx/-Xms)
#   Decrease number of Java threads
#   Decrease Java thread stack sizes (-Xss)
#   Set larger code cache with -XX:ReservedCodeCacheSize=
#   JVM is running with Unscaled Compressed Oops mode in which the Java heap is
#     placed in the first 4GB address space. The Java Heap base address is the
#     maximum limit for the native heap growth. Please use -XX:HeapBaseMinAddress
#     to set the Java Heap base and to place the Java Heap above 4GB virtual address.
# This output file may be truncated or incomplete.
#
#  Out of Memory Error (virtualSpaceNode.cpp:113), pid=56952, tid=57132
#
# JRE version: OpenJDK Runtime Environment Temurin-21.0.12.1+1 (21.0.12.1+1) (build 21.0.12.1+1-LTS)
# Java VM: OpenJDK 64-Bit Server VM Temurin-21.0.12.1+1 (21.0.12.1+1-LTS, mixed mode, sharing, tiered, compressed oops, compressed class ptrs, g1 gc, windows-amd64)
# No core dump will be written. Minidumps are not enabled by default on client versions of Windows
#

---------------  S U M M A R Y ------------

Command Line: --add-opens=java.base/java.lang=ALL-UNNAMED --add-opens=java.base/java.lang.invoke=ALL-UNNAMED --add-opens=java.base/java.util=ALL-UNNAMED --add-opens=java.prefs/java.util.prefs=ALL-UNNAMED --add-exports=jdk.compiler/com.sun.tools.javac.api=ALL-UNNAMED --add-exports=jdk.compiler/com.sun.tools.javac.util=ALL-UNNAMED --add-opens=java.base/java.nio.charset=ALL-UNNAMED --add-opens=java.base/java.net=ALL-UNNAMED --add-opens=java.base/java.util.concurrent=ALL-UNNAMED --add-opens=java.base/java.util.concurrent.atomic=ALL-UNNAMED --add-opens=java.xml/javax.xml.namespace=ALL-UNNAMED --add-opens=java.base/java.time=ALL-UNNAMED -XX:MaxMetaspaceSize=384m -XX:+HeapDumpOnOutOfMemoryError -Xms256m -Xmx512m -Dfile.encoding=UTF-8 -Duser.country=US -Duser.language=en -Duser.variant -javaagent:C:\Users\ACER\.gradle\wrapper\dists\gradle-9.5.1-bin\iq79hdu3mqx29lgffhp8bfmx\gradle-9.5.1\lib\agents\gradle-instrumentation-agent-9.5.1.jar org.gradle.launcher.daemon.bootstrap.GradleDaemon 9.5.1

Host: AMD Ryzen 5 5500U with Radeon Graphics         , 12 cores, 7G,  Windows 11 , 64 bit Build 22621 (10.0.22621.5415)
Time: Thu Oct  1 20:32:33 2026 SE Asia Standard Time elapsed time: 19.689909 seconds (0d 0h 0m 19s)

---------------  T H R E A D  ---------------

Current thread (0x000002a052964100):  JavaThread "Daemon worker"        [_thread_in_vm, id=57132, stack(0x000000b779d00000,0x000000b779e00000) (1024K)]

Stack: [0x000000b779d00000,0x000000b779e00000]
Native frames: (J=compiled Java code, j=interpreted, Vv=VM code, C=native code)
V  [jvm.dll+0x6d83e9]
V  [jvm.dll+0x8b5736]
V  [jvm.dll+0x8b7cee]
V  [jvm.dll+0x8b83d3]
V  [jvm.dll+0x284596]
V  [jvm.dll+0x8b147e]
V  [jvm.dll+0x679ad4]
V  [jvm.dll+0x1e849b]
V  [jvm.dll+0x1e825e]
V  [jvm.dll+0x67c3d2]
V  [jvm.dll+0x67c202]
V  [jvm.dll+0x67a4ae]
V  [jvm.dll+0x26f816]
V  [jvm.dll+0x21a11f]
V  [jvm.dll+0x20f80e]
V  [jvm.dll+0x5b6a7f]
V  [jvm.dll+0x82f77d]
V  [jvm.dll+0x479a6e]
V  [jvm.dll+0x48cde6]
C  [java.dll+0x1657]

Java frames: (J=compiled Java code, j=interpreted, Vv=VM code)
J 1824  java.lang.ClassLoader.defineClass0(Ljava/lang/ClassLoader;Ljava/lang/Class;Ljava/lang/String;[BIILjava/security/ProtectionDomain;ZILjava/lang/Object;)Ljava/lang/Class; java.base@21.0.12.1 (0 bytes) @ 0x000002a04729b7bc [0x000002a04729b6c0+0x00000000000000fc]
j  java.lang.System$2.defineClass(Ljava/lang/ClassLoader;Ljava/lang/Class;Ljava/lang/String;[BLjava/security/ProtectionDomain;ZILjava/lang/Object;)Ljava/lang/Class;+17 java.base@21.0.12.1
J 2600 c1 java.lang.invoke.MethodHandles$Lookup$ClassDefiner.defineClass(ZLjava/lang/Object;)Ljava/lang/Class; java.base@21.0.12.1 (213 bytes) @ 0x000002a03fbd10fc [0x000002a03fbd0ba0+0x000000000000055c]
j  java.lang.invoke.InvokerBytecodeGenerator.loadMethod([B)Ljava/lang/invoke/MemberName;+22 java.base@21.0.12.1
J 2747 c1 java.lang.invoke.InvokerBytecodeGenerator.generateCustomizedCode(Ljava/lang/invoke/LambdaForm;Ljava/lang/invoke/MethodType;)Ljava/lang/invoke/MemberName; java.base@21.0.12.1 (34 bytes) @ 0x000002a03fc22db4 [0x000002a03fc22c00+0x00000000000001b4]
j  java.lang.invoke.LambdaForm.compileToBytecode()V+69 java.base@21.0.12.1
j  java.lang.invoke.DirectMethodHandle.makePreparedLambdaForm(Ljava/lang/invoke/MethodType;I)Ljava/lang/invoke/LambdaForm;+750 java.base@21.0.12.1
J 2104 c1 java.lang.invoke.DirectMethodHandle.preparedLambdaForm(Ljava/lang/invoke/MemberName;Z)Ljava/lang/invoke/LambdaForm; java.base@21.0.12.1 (244 bytes) @ 0x000002a03fb07ab4 [0x000002a03fb07100+0x00000000000009b4]
J 1897 c1 java.lang.invoke.DirectMethodHandle.make(BLjava/lang/Class;Ljava/lang/invoke/MemberName;Ljava/lang/Class;)Ljava/lang/invoke/DirectMethodHandle; java.base@21.0.12.1 (275 bytes) @ 0x000002a03fa8fcc4 [0x000002a03fa8efc0+0x0000000000000d04]
J 2761 c1 java.lang.invoke.MethodHandles$Lookup.getDirectMethodCommon(BLjava/lang/Class;Ljava/lang/invoke/MemberName;ZZLjava/lang/invoke/MethodHandles$Lookup;)Ljava/lang/invoke/MethodHandle; java.base@21.0.12.1 (300 bytes) @ 0x000002a03fc2a804 [0x000002a03fc29e00+0x0000000000000a04]
j  java.lang.invoke.MethodHandles$Lookup.getDirectMethodNoSecurityManager(BLjava/lang/Class;Ljava/lang/invoke/MemberName;Ljava/lang/invoke/MethodHandles$Lookup;)Ljava/lang/invoke/MethodHandle;+14 java.base@21.0.12.1
j  java.lang.invoke.MethodHandles$Lookup.getDirectMethodForConstant(BLjava/lang/Class;Ljava/lang/invoke/MemberName;)Ljava/lang/invoke/MethodHandle;+31 java.base@21.0.12.1
j  java.lang.invoke.MethodHandles$Lookup.linkMethodHandleConstant(BLjava/lang/Class;Ljava/lang/String;Ljava/lang/Object;)Ljava/lang/invoke/MethodHandle;+153 java.base@21.0.12.1
j  java.lang.invoke.MethodHandleNatives.linkMethodHandleConstant(Ljava/lang/Class;ILjava/lang/Class;Ljava/lang/String;Ljava/lang/Object;)Ljava/lang/invoke/MethodHandle;+38 java.base@21.0.12.1
v  ~StubRoutines::call_stub 0x000002a046c4100d
j  org.gradle.internal.service.scopes.WorkerSharedGlobalScopeServices.createDeleter(Lorg/gradle/internal/time/Clock;Lorg/gradle/internal/nativeintegration/filesystem/FileSystem;Lorg/gradle/internal/os/OperatingSystem;)Lorg/gradle/internal/file/Deleter;+10
j  java.lang.invoke.LambdaForm$DMH+0x000002a0540ed400.invokeVirtual(Ljava/lang/Object;Ljava/lang/Object;Ljava/lang/Object;Ljava/lang/Object;Ljava/lang/Object;)Ljava/lang/Object;+16 java.base@21.0.12.1
j  java.lang.invoke.LambdaForm$MH+0x000002a0541bf800.invoke(Ljava/lang/Object;Ljava/lang/Object;Ljava/lang/Object;Ljava/lang/Object;Ljava/lang/Object;)Ljava/lang/Object;+93 java.base@21.0.12.1
J 2063 c1 jdk.internal.reflect.DirectMethodHandleAccessor.invoke(Ljava/lang/Object;[Ljava/lang/Object;)Ljava/lang/Object; java.base@21.0.12.1 (92 bytes) @ 0x000002a03fadfbdc [0x000002a03fadecc0+0x0000000000000f1c]
J 2062 c1 java.lang.reflect.Method.invoke(Ljava/lang/Object;[Ljava/lang/Object;)Ljava/lang/Object; java.base@21.0.12.1 (108 bytes) @ 0x000002a03fade454 [0x000002a03faddf40+0x0000000000000514]
j  org.gradle.internal.reflect.JavaMethod.invoke(Ljava/lang/Object;[Ljava/lang/Object;)Ljava/lang/Object;+6
j  org.gradle.internal.service.ReflectionBasedServiceMethod.invoke(Ljava/lang/Object;[Ljava/lang/Object;)Ljava/lang/Object;+6
j  org.gradle.internal.service.DefaultServiceRegistry$FactoryMethodService.invokeMethod([Ljava/lang/Object;)Ljava/lang/Object;+28
j  org.gradle.internal.service.DefaultServiceRegistry$FactoryService.createServiceInstance()Ljava/lang/Object;+7
j  org.gradle.internal.service.DefaultServiceRegistry$FactoryMethodService.createServiceInstance()Ljava/lang/Object;+1
j  org.gradle.internal.service.DefaultServiceRegistry$ManagedObjectServiceProvider.getInstance()Ljava/lang/Object;+24
j  org.gradle.internal.service.DefaultServiceRegistry$SingletonService.get()Ljava/lang/Object;+1
j  org.gradle.internal.service.DefaultServiceRegistry.applyConfigureMethod(Lorg/gradle/internal/service/ServiceAccessToken;Lorg/gradle/internal/service/ServiceMethod;Ljava/lang/Object;)V+132
j  org.gradle.internal.service.DefaultServiceRegistry.findProviderMethods(Lorg/gradle/internal/service/ServiceRegistrationProvider;Lorg/gradle/internal/service/ServiceAccessToken;)V+215
j  org.gradle.internal.service.DefaultServiceRegistry.addProvider(Lorg/gradle/internal/service/ServiceRegistrationProvider;)Lorg/gradle/internal/service/DefaultServiceRegistry;+18
j  org.gradle.internal.service.DefaultServiceRegistry$1.addProvider(Lorg/gradle/internal/service/ServiceRegistrationProvider;)V+5
j  org.gradle.internal.service.scopes.GradleUserHomeScopeServices.configure(Lorg/gradle/internal/service/ServiceRegistration;)V+13
j  java.lang.invoke.DirectMethodHandle$Holder.invokeVirtual(Ljava/lang/Object;Ljava/lang/Object;Ljava/lang/Object;)V+11 java.base@21.0.12.1
j  java.lang.invoke.LambdaForm$MH+0x000002a05403a000.invoke(Ljava/lang/Object;Ljava/lang/Object;)Ljava/lang/Object;+39 java.base@21.0.12.1
j  java.lang.invoke.LambdaForm$MH+0x000002a054039800.invoke(Ljava/lang/Object;Ljava/lang/Object;Ljava/lang/Object;)Ljava/lang/Object;+45 java.base@21.0.12.1
j  java.lang.invoke.Invokers$Holder.invokeExact_MT(Ljava/lang/Object;Ljava/lang/Object;Ljava/lang/Object;Ljava/lang/Object;)Ljava/lang/Object;+20 java.base@21.0.12.1
j  java.lang.invoke.MethodHandle.invokeWithArguments([Ljava/lang/Object;)Ljava/lang/Object;+28 java.base@21.0.12.1
j  org.gradle.internal.service.MethodHandleBasedServiceMethod.invoke(Ljava/lang/Object;[Ljava/lang/Object;)Ljava/lang/Object;+9
j  org.gradle.internal.service.DefaultServiceRegistry.applyConfigureMethod(Lorg/gradle/internal/service/ServiceAccessToken;Lorg/gradle/internal/service/ServiceMethod;Ljava/lang/Object;)V+148
j  org.gradle.internal.service.DefaultServiceRegistry.findProviderMethods(Lorg/gradle/internal/service/ServiceRegistrationProvider;Lorg/gradle/internal/service/ServiceAccessToken;)V+215
j  org.gradle.internal.service.DefaultServiceRegistry.addProvider(Lorg/gradle/internal/service/ServiceRegistrationProvider;)Lorg/gradle/internal/service/DefaultServiceRegistry;+18
j  org.gradle.internal.service.ServiceRegistryBuilder.build()Lorg/gradle/internal/service/CloseableServiceRegistry;+93
j  org.gradle.internal.service.scopes.DefaultGradleUserHomeScopeServiceRegistry.getServicesFor(Ljava/io/File;)Lorg/gradle/internal/service/ServiceRegistry;+152
j  org.gradle.internal.session.BuildSessionState.<init>(Lorg/gradle/internal/service/scopes/GradleUserHomeScopeServiceRegistry;Lorg/gradle/internal/session/CrossBuildSessionState;Lorg/gradle/api/internal/StartParameterInternal;Lorg/gradle/initialization/BuildRequestMetaData;Lorg/gradle/internal/classpath/ClassPath;Lorg/gradle/initialization/BuildCancellationToken;Lorg/gradle/initialization/BuildClientMetaData;Lorg/gradle/initialization/BuildEventConsumer;)V+15
j  org.gradle.internal.buildprocess.execution.BuildSessionLifecycleBuildActionExecutor.execute(Lorg/gradle/internal/invocation/BuildAction;Lorg/gradle/launcher/exec/BuildActionParameters;Lorg/gradle/initialization/BuildRequestContext;)Lorg/gradle/launcher/exec/BuildActionResult;+96
j  org.gradle.internal.buildprocess.execution.BuildSessionLifecycleBuildActionExecutor.execute(Lorg/gradle/internal/invocation/BuildAction;Ljava/lang/Object;Ljava/lang/Object;)Lorg/gradle/launcher/exec/BuildActionResult;+10
j  org.gradle.internal.buildprocess.execution.StartParamsValidatingActionExecutor.execute(Lorg/gradle/internal/invocation/BuildAction;Lorg/gradle/launcher/exec/BuildActionParameters;Lorg/gradle/initialization/BuildRequestContext;)Lorg/gradle/launcher/exec/BuildActionResult;+142
j  org.gradle.internal.buildprocess.execution.StartParamsValidatingActionExecutor.execute(Lorg/gradle/internal/invocation/BuildAction;Ljava/lang/Object;Ljava/lang/Object;)Lorg/gradle/launcher/exec/BuildActionResult;+10
j  org.gradle.internal.buildprocess.execution.SessionFailureReportingActionExecutor.execute(Lorg/gradle/internal/invocation/BuildAction;Lorg/gradle/launcher/exec/BuildActionParameters;Lorg/gradle/initialization/BuildRequestContext;)Lorg/gradle/launcher/exec/BuildActionResult;+7
j  org.gradle.internal.buildprocess.execution.SessionFailureReportingActionExecutor.execute(Lorg/gradle/internal/invocation/BuildAction;Ljava/lang/Object;Ljava/lang/Object;)Lorg/gradle/launcher/exec/BuildActionResult;+10
j  org.gradle.internal.buildprocess.execution.SetupLoggingActionExecutor.execute(Lorg/gradle/internal/invocation/BuildAction;Lorg/gradle/launcher/exec/BuildActionParameters;Lorg/gradle/initialization/BuildRequestContext;)Lorg/gradle/launcher/exec/BuildActionResult;+50
j  org.gradle.internal.buildprocess.execution.SetupLoggingActionExecutor.execute(Lorg/gradle/internal/invocation/BuildAction;Ljava/lang/Object;Ljava/lang/Object;)Lorg/gradle/launcher/exec/BuildActionResult;+10
j  org.gradle.launcher.daemon.server.exec.ExecuteBuild.doBuild(Lorg/gradle/launcher/daemon/server/api/DaemonCommandExecution;Lorg/gradle/launcher/daemon/protocol/Build;)V+147
j  org.gradle.launcher.daemon.server.exec.BuildCommandOnly.execute(Lorg/gradle/launcher/daemon/server/api/DaemonCommandExecution;)V+49
j  org.gradle.launcher.daemon.server.api.DaemonCommandExecution.proceed()Z+23
j  org.gradle.launcher.daemon.server.exec.WatchForDisconnection.execute(Lorg/gradle/launcher/daemon/server/api/DaemonCommandExecution;)V+19
j  org.gradle.launcher.daemon.server.api.DaemonCommandExecution.proceed()Z+23
j  org.gradle.launcher.daemon.server.exec.ResetDeprecationLogger.execute(Lorg/gradle/launcher/daemon/server/api/DaemonCommandExecution;)V+7
j  org.gradle.launcher.daemon.server.api.DaemonCommandExecution.proceed()Z+23
j  org.gradle.launcher.daemon.server.exec.RequestStopIfSingleUsedDaemon.execute(Lorg/gradle/launcher/daemon/server/api/DaemonCommandExecution;)V+33
j  org.gradle.launcher.daemon.server.api.DaemonCommandExecution.proceed()Z+23
j  org.gradle.launcher.daemon.server.exec.ForwardClientInput.lambda$execute$0(Lorg/gradle/launcher/daemon/server/api/DaemonCommandExecution;Lorg/gradle/internal/daemon/clientinput/StdinHandler;)Ljava/lang/Object;+11
j  org.gradle.launcher.daemon.server.exec.ForwardClientInput$$Lambda+0x000002a054195208.apply(Ljava/lang/Object;)Ljava/lang/Object;+8
j  org.gradle.internal.daemon.clientinput.ClientInputForwarder.forwardInput(Ljava/util/function/Function;)Ljava/lang/Object;+46
j  org.gradle.launcher.daemon.server.exec.ForwardClientInput.execute(Lorg/gradle/launcher/daemon/server/api/DaemonCommandExecution;)V+10
j  org.gradle.launcher.daemon.server.api.DaemonCommandExecution.proceed()Z+23
j  org.gradle.launcher.daemon.server.exec.LogAndCheckHealth.execute(Lorg/gradle/launcher/daemon/server/api/DaemonCommandExecution;)V+51
j  org.gradle.launcher.daemon.server.api.DaemonCommandExecution.proceed()Z+23
j  org.gradle.launcher.daemon.server.exec.LogToClient.doBuild(Lorg/gradle/launcher/daemon/server/api/DaemonCommandExecution;Lorg/gradle/launcher/daemon/protocol/Build;)V+87
j  org.gradle.launcher.daemon.server.exec.BuildCommandOnly.execute(Lorg/gradle/launcher/daemon/server/api/DaemonCommandExecution;)V+49
j  org.gradle.launcher.daemon.server.api.DaemonCommandExecution.proceed()Z+23
j  org.gradle.launcher.daemon.server.exec.EstablishBuildEnvironment.doBuild(Lorg/gradle/launcher/daemon/server/api/DaemonCommandExecution;Lorg/gradle/launcher/daemon/protocol/Build;)V+356
j  org.gradle.launcher.daemon.server.exec.BuildCommandOnly.execute(Lorg/gradle/launcher/daemon/server/api/DaemonCommandExecution;)V+49
j  org.gradle.launcher.daemon.server.api.DaemonCommandExecution.proceed()Z+23
j  org.gradle.launcher.daemon.server.exec.StartBuildOrRespondWithBusy$1.run()V+44
j  org.gradle.launcher.daemon.server.DaemonStateCoordinator.lambda$runCommand$0(Ljava/lang/Runnable;)V+1
j  org.gradle.launcher.daemon.server.DaemonStateCoordinator$$Lambda+0x000002a054193d98.run()V+8
j  org.gradle.internal.concurrent.ExecutorPolicy$CatchAndRecordFailures.onExecute(Ljava/lang/Runnable;)V+1
j  org.gradle.internal.concurrent.AbstractManagedExecutor$1.run()V+25
j  java.util.concurrent.ThreadPoolExecutor.runWorker(Ljava/util/concurrent/ThreadPoolExecutor$Worker;)V+92 java.base@21.0.12.1
j  java.util.concurrent.ThreadPoolExecutor$Worker.run()V+5 java.base@21.0.12.1
j  java.lang.Thread.runWith(Ljava/lang/Object;Ljava/lang/Runnable;)V+5 java.base@21.0.12.1
j  java.lang.Thread.run()V+19 java.base@21.0.12.1
v  ~StubRoutines::call_stub 0x000002a046c4100d

Compiled method (n/a) 19795 1824     n 0       java.lang.ClassLoader::defineClass0 (native)
 total in heap  [0x000002a04729b510,0x000002a04729bad0] = 1472
 relocation     [0x000002a04729b670,0x000002a04729b6a8] = 56
 main code      [0x000002a04729b6c0,0x000002a04729bacc] = 1036
 stub code      [0x000002a04729bacc,0x000002a04729bad0] = 4

[Constant Pool (empty)]

[MachCode]
[Entry Point]
  # {method} {0x000002a053434610} 'defineClass0' '(Ljava/lang/ClassLoader;Ljava/lang/Class;Ljava/lang/String;[BIILjava/security/ProtectionDomain;ZILjava/lang/Object;)Ljava/lang/Class;' in 'java/lang/ClassLoader'
  # parm0:    rdx:rdx   = 'java/lang/ClassLoader'
  # parm1:    r8:r8     = 'java/lang/Class'
  # parm2:    r9:r9     = 'java/lang/String'
  # parm3:    rdi:rdi   = '[B'
  # parm4:    rsi       = int
  # parm5:    rcx       = int
  # parm6:    [sp+0xb0]   = 'java/security/ProtectionDomain'  (sp of caller)
  # parm7:    [sp+0xb8]   = boolean
  # parm8:    [sp+0xc0]   = int
  # parm9:    [sp+0xc8]   = 'java/lang/Object'
  0x000002a04729b6c0: 448b 5208 | 49bb 0000 | 0053 a002 | 0000 4d03 | d349 3bc2 | 0f84 0600 

  0x000002a04729b6d8: ;   {runtime_call ic_miss_stub}
  0x000002a04729b6d8: 0000 e9a1 | 309f ff90 
[Verified Entry Point]
  0x000002a04729b6e0: 8984 2400 | 80ff ff55 | 488b ec48 | 81ec a000 | 0000 6690 | 4181 7f20 | 0100 0000 

  0x000002a04729b6fc: ;   {runtime_call StubRoutines (final stubs)}
  0x000002a04729b6fc: 7405 e89d | ad9d ff48 | 837d 2800 | 488d 4528 | 480f 4445 | 2848 8944 | 2458 4863 | 4520 4889 
  0x000002a04729b71c: 4424 5048 | 6345 1848 | 8944 2448 | 4883 7d10 | 0048 8d45 | 1048 0f44 | 4510 4889 | 4424 4048 
  0x000002a04729b73c: 894c 2438 | 4889 7424 | 3048 897c | 2478 4883 | ff00 488d | 4424 7848 | 0f44 4424 | 7848 8944 
  0x000002a04729b75c: 2428 4c89 | 4c24 7049 | 83f9 0048 | 8d44 2470 | 480f 4444 | 2470 4889 | 4424 204c | 8944 2468 
  0x000002a04729b77c: 4983 f800 | 4c8d 4c24 | 684c 0f44 | 4c24 6848 | 8954 2460 | 4883 fa00 | 4c8d 4424 | 604c 0f44 
  0x000002a04729b79c: ;   {oop(a 'java/lang/Class'{0x00000000e0a19f98} = 'java/lang/ClassLoader')}
  0x000002a04729b79c: 4424 6049 | be98 9fa1 | e000 0000 | 004c 89b4 | 2490 0000 | 004c 8db4 | 2490 0000 | 0049 8bd6 
  0x000002a04729b7bc: ;   {internal_word}
  0x000002a04729b7bc: c5f8 7749 | babc b729 | 47a0 0200 | 004d 8997 | a803 0000 | 4989 a7a0 

  0x000002a04729b7d4: ;   {external_word}
  0x000002a04729b7d4: 0300 0049 | ba06 6d81 | c8fd 7f00 | 0041 803a | 000f 844e | 0000 0052 | 4150 4151 

  0x000002a04729b7f0: ;   {metadata({method} {0x000002a053434610} 'defineClass0' '(Ljava/lang/ClassLoader;Ljava/lang/Class;Ljava/lang/String;[BIILjava/security/ProtectionDomain;ZILjava/lang/Object;)Ljava/lang/Class;' in 'java/lang/ClassLoader')}
  0x000002a04729b7f0: 48ba 0846 | 4353 a002 | 0000 498b | cf48 83ec | 2040 f6c4 | 0f0f 8419 | 0000 0048 

  0x000002a04729b80c: ;   {runtime_call}
  0x000002a04729b80c: 83ec 0848 | b8e0 ea2a | c8fd 7f00 | 00ff d048 | 83c4 08e9 | 0c00 0000 

  0x000002a04729b824: ;   {runtime_call}
  0x000002a04729b824: 48b8 e0ea | 2ac8 fd7f | 0000 ffd0 | 4883 c420 | 4159 4158 | 5a49 8d8f | c003 0000 | 41c7 874c 
  0x000002a04729b844: 0400 0004 

  0x000002a04729b848: ;   {runtime_call}
  0x000002a04729b848: 0000 0048 | b81c 159a | 16fe 7f00 | 00ff d0c5 | f877 41c7 | 874c 0400 | 0005 0000 | 00f0 8344 
  0x000002a04729b868: 24c0 0049 | 3baf 5004 | 0000 0f87 | 0e00 0000 | 4183 bf48 | 0400 0000 | 0f84 2b00 | 0000 c5f8 
  0x000002a04729b888: 7748 8945 | f849 8bcf | 4c8b e448 | 83ec 2048 

  0x000002a04729b898: ;   {runtime_call}
  0x000002a04729b898: 83e4 f048 | b800 58f6 | c7fd 7f00 | 00ff d049 | 8be4 4d33 | e448 8b45 | f841 c787 | 4c04 0000 
  0x000002a04729b8b8: 0800 0000 | 4183 bfc8 | 0400 0002 | 0f84 d501 

  0x000002a04729b8c8: ;   {external_word}
  0x000002a04729b8c8: 0000 49ba | 066d 81c8 | fd7f 0000 | 4180 3a00 | 0f84 4c00 | 0000 4889 

  0x000002a04729b8e0: ;   {metadata({method} {0x000002a053434610} 'defineClass0' '(Ljava/lang/ClassLoader;Ljava/lang/Class;Ljava/lang/String;[BIILjava/security/ProtectionDomain;ZILjava/lang/Object;)Ljava/lang/Class;' in 'java/lang/ClassLoader')}
  0x000002a04729b8e0: 45f8 48ba | 0846 4353 | a002 0000 | 498b cf48 | 83ec 2040 | f6c4 0f0f | 8419 0000 | 0048 83ec 
  0x000002a04729b900: ;   {runtime_call}
  0x000002a04729b900: 0848 b8e0 | ea2a c8fd | 7f00 00ff | d048 83c4 | 08e9 0c00 

  0x000002a04729b914: ;   {runtime_call}
  0x000002a04729b914: 0000 48b8 | e0ea 2ac8 | fd7f 0000 | ffd0 4883 | c420 488b | 45f8 49c7 | 87a0 0300 | 0000 0000 
  0x000002a04729b934: 0049 c787 | a803 0000 | 0000 0000 | c5f8 7748 | 85c0 0f84 | 3001 0000 | a803 0f85 | 0800 0000 
  0x000002a04729b954: 488b 00e9 | 2001 0000 | a801 0f85 | 0900 0000 | 488b 40fe | e90f 0100 | 0048 8b40 | ff41 807f 
  0x000002a04729b974: 4000 0f84 | 0001 0000 | 4883 f800 | 0f84 f600 | 0000 498b | 4f28 4883 | f900 0f84 | 1400 0000 
  0x000002a04729b994: 4883 e908 | 4989 4f28 | 4903 4f38 | 4889 01e9 | d400 0000 | 4883 ec70 | 4889 0424 | 4889 4c24 
  0x000002a04729b9b4: 0848 8954 | 2410 4c89 | 4424 184c | 894c 2420 | 4c89 5424 | 284c 895c | 2430 c5fb | 1144 2440 
  0x000002a04729b9d4: c5fb 114c | 2448 c5fb | 1154 2450 | c5fb 115c | 2458 c5fb | 1164 2460 | c5fb 116c | 2468 498b 
  0x000002a04729b9f4: d748 8bc8 | 4883 ec20 | 40f6 c40f | 0f84 1900 | 0000 4883 

  0x000002a04729ba08: ;   {runtime_call}
  0x000002a04729ba08: ec08 48b8 | 20a4 e9c7 | fd7f 0000 | ffd0 4883 | c408 e90c 

  0x000002a04729ba1c: ;   {runtime_call}
  0x000002a04729ba1c: 0000 0048 | b820 a4e9 | c7fd 7f00 | 00ff d048 | 83c4 20c5 | fb10 6c24 | 68c5 fb10 | 6424 60c5 
  0x000002a04729ba3c: fb10 5c24 | 58c5 fb10 | 5424 50c5 | fb10 4c24 | 48c5 fb10 | 4424 404c | 8b5c 2430 | 4c8b 5424 
  0x000002a04729ba5c: 284c 8b4c | 2420 4c8b | 4424 1848 | 8b54 2410 | 488b 4c24 | 0848 8b04 | 2448 83c4 | 70c5 f877 
  0x000002a04729ba7c: 498b 8f30 | 0400 00c7 | 8100 0100 | 0000 0000 | 00c9 4983 | 7f08 000f | 8501 0000 

  0x000002a04729ba98: ;   {runtime_call StubRoutines (initial stubs)}
  0x000002a04729ba98: 00c3 e961 | 549a ffc5 | f877 4889 | 45f8 4c8b | e448 83ec | 2048 83e4 

  0x000002a04729bab0: ;   {runtime_call}
  0x000002a04729bab0: f048 b830 | 222b c8fd | 7f00 00ff | d049 8be4 | 4d33 e448 | 8b45 f8e9 | fefd ffff 
[Stub Code]
  0x000002a04729bacc: f4f4 f4f4 
[/MachCode]


Compiled method (c1) 20029 2600   !   3       java.lang.invoke.MethodHandles$Lookup$ClassDefiner::defineClass (213 bytes)
 total in heap  [0x000002a03fbd0910,0x000002a03fbd1b70] = 4704
 relocation     [0x000002a03fbd0a70,0x000002a03fbd0b90] = 288
 main code      [0x000002a03fbd0ba0,0x000002a03fbd1608] = 2664
 stub code      [0x000002a03fbd1608,0x000002a03fbd1680] = 120
 metadata       [0x000002a03fbd1680,0x000002a03fbd16f0] = 112
 scopes data    [0x000002a03fbd16f0,0x000002a03fbd1908] = 536
 scopes pcs     [0x000002a03fbd1908,0x000002a03fbd1ac8] = 448
 dependencies   [0x000002a03fbd1ac8,0x000002a03fbd1ae0] = 24
 handler table  [0x000002a03fbd1ae0,0x000002a03fbd1b28] = 72
 nul chk table  [0x000002a03fbd1b28,0x000002a03fbd1b70] = 72

[Constant Pool (empty)]

[MachCode]
[Entry Point]
  # {method} {0x000002a0531eae68} 'defineClass' '(ZLjava/lang/Object;)Ljava/lang/Class;' in 'java/lang/invoke/MethodHandles$Lookup$ClassDefiner'
  # this:     rdx:rdx   = 'java/lang/invoke/MethodHandles$Lookup$ClassDefiner'
  # parm0:    r8        = boolean
  # parm1:    r9:r9     = 'java/lang/Object'
  #           [sp+0xf0]  (sp of caller)
  0x000002a03fbd0ba0: 448b 5208 | 49bb 0000 | 0053 a002 | 0000 4d03 | d34c 3bd0 

  0x000002a03fbd0bb4: ;   {runtime_call ic_miss_stub}
  0x000002a03fbd0bb4: 0f85 c6db | 0b07 660f | 1f44 0000 
[Verified Entry Point]
  0x000002a03fbd0bc0: 8984 2400 | 80ff ff55 | 4881 ece0 | 0000 0090 | 4181 7f20 | 0100 0000 

  0x000002a03fbd0bd8: ;   {runtime_call StubRoutines (final stubs)}
  0x000002a03fbd0bd8: 7405 e8c1 | 580a 0748 | 8994 2498 | 0000 0044 | 8984 24b0 | 0000 004c | 898c 24b8 

  0x000002a03fbd0bf4: ;   {metadata(method data for {method} {0x000002a0531eae68} 'defineClass' '(ZLjava/lang/Object;)Ljava/lang/Class;' in 'java/lang/invoke/MethodHandles$Lookup$ClassDefiner')}
  0x000002a03fbd0bf4: 0000 0048 | be58 0f9d | 68a0 0200 | 008b becc | 0000 0083 | c702 89be | cc00 0000 | 81e7 fe07 
  0x000002a03fbd0c14: 0000 85ff | 0f84 6b07 | 0000 8b72 | 1048 89b4 | 2490 0000 | 0048 3b06 

  0x000002a03fbd0c2c: ;   {metadata(method data for {method} {0x000002a0531eae68} 'defineClass' '(ZLjava/lang/Object;)Ljava/lang/Class;' in 'java/lang/invoke/MethodHandles$Lookup$ClassDefiner')}
  0x000002a03fbd0c2c: 488b fe48 | bb58 0f9d | 68a0 0200 | 0048 8383 | 1001 0000 | 018b 7e10 | 4889 bc24 | a800 0000 
  0x000002a03fbd0c4c: ; implicit exception: dispatches to 0x000002a03fbd13af
  0x000002a03fbd0c4c: 483b 0748 

  0x000002a03fbd0c50: ;   {metadata(method data for {method} {0x000002a0531eae68} 'defineClass' '(ZLjava/lang/Object;)Ljava/lang/Class;' in 'java/lang/invoke/MethodHandles$Lookup$ClassDefiner')}
  0x000002a03fbd0c50: 8bdf 48b8 | 580f 9d68 | a002 0000 | 4883 8048 | 0100 0001 

  0x000002a03fbd0c64: ;   {metadata(method data for {method} {0x000002a053468e60} 'getClassLoader' '()Ljava/lang/ClassLoader;' in 'java/lang/Class')}
  0x000002a03fbd0c64: 48bb 700e | 0368 a002 | 0000 8b83 | cc00 0000 | 83c0 0289 | 83cc 0000 | 0025 feff | 1f00 85c0 
  0x000002a03fbd0c84: 0f84 2a07 | 0000 8b5f | 3448 85db 

  0x000002a03fbd0c90: ;   {metadata(method data for {method} {0x000002a053468e60} 'getClassLoader' '()Ljava/lang/ClassLoader;' in 'java/lang/Class')}
  0x000002a03fbd0c90: 48b8 700e | 0368 a002 | 0000 48c7 | c110 0100 | 0075 0748 | c7c1 2001 | 0000 4c8b | 1c08 4d8d 
  0x000002a03fbd0cb0: 5b01 4c89 | 1c08 0f85 | 0f00 0000 

  0x000002a03fbd0cbc: ;   {oop(nullptr)}
  0x000002a03fbd0cbc: 48bb 0000 | 0000 0000 | 0000 e9a2 

  0x000002a03fbd0cc8: ;   {metadata(method data for {method} {0x000002a053468e60} 'getClassLoader' '()Ljava/lang/ClassLoader;' in 'java/lang/Class')}
  0x000002a03fbd0cc8: 0000 0048 | b870 0e03 | 68a0 0200 | 0048 8380 | 3001 0000 

  0x000002a03fbd0cdc: ;   {metadata(method data for {method} {0x000002a05301b1d0} 'getSecurityManager' '()Ljava/lang/SecurityManager;' in 'java/lang/System')}
  0x000002a03fbd0cdc: 0148 b830 | 1003 68a0 | 0200 008b | 88cc 0000 | 0083 c102 | 8988 cc00 | 0000 81e1 | feff 1f00 
  0x000002a03fbd0cfc: 85c9 0f84 | d106 0000 

  0x000002a03fbd0d04: ;   {metadata(method data for {method} {0x000002a05301b1d0} 'getSecurityManager' '()Ljava/lang/SecurityManager;' in 'java/lang/System')}
  0x000002a03fbd0d04: 48b8 3010 | 0368 a002 | 0000 4883 | 8010 0100 

  0x000002a03fbd0d14: ;   {metadata(method data for {method} {0x000002a05301b2e8} 'allowSecurityManager' '()Z' in 'java/lang/System')}
  0x000002a03fbd0d14: 0001 48b8 | a811 0368 | a002 0000 | 8b88 cc00 | 0000 83c1 | 0289 88cc | 0000 0081 | e1fe ff1f 
  0x000002a03fbd0d34: 0085 c90f | 84b9 0600 

  0x000002a03fbd0d3c: ;   {metadata(method data for {method} {0x000002a05301b2e8} 'allowSecurityManager' '()Z' in 'java/lang/System')}
  0x000002a03fbd0d3c: 0048 b8a8 | 1103 68a0 | 0200 00ff | 8010 0100 

  0x000002a03fbd0d4c: ;   {metadata(method data for {method} {0x000002a05301b1d0} 'getSecurityManager' '()Ljava/lang/SecurityManager;' in 'java/lang/System')}
  0x000002a03fbd0d4c: 0048 b830 | 1003 68a0 | 0200 00ff | 8020 0100 

  0x000002a03fbd0d5c: ;   {metadata(method data for {method} {0x000002a053468e60} 'getClassLoader' '()Ljava/lang/ClassLoader;' in 'java/lang/Class')}
  0x000002a03fbd0d5c: 0048 b870 | 0e03 68a0 | 0200 00ff | 8040 0100 | 0048 85db 

  0x000002a03fbd0d70: ;   {metadata(method data for {method} {0x000002a0531eae68} 'defineClass' '(ZLjava/lang/Object;)Ljava/lang/Class;' in 'java/lang/invoke/MethodHandles$Lookup$ClassDefiner')}
  0x000002a03fbd0d70: 48b8 580f | 9d68 a002 | 0000 48c7 | c180 0100 | 0074 0748 | c7c1 9001 | 0000 4c8b | 1c08 4d8d 
  0x000002a03fbd0d90: 5b01 4c89 | 1c08 0f84 | 4b02 0000 

  0x000002a03fbd0d9c: ;   {metadata(method data for {method} {0x000002a0531eae68} 'defineClass' '(ZLjava/lang/Object;)Ljava/lang/Class;' in 'java/lang/invoke/MethodHandles$Lookup$ClassDefiner')}
  0x000002a03fbd0d9c: 488b c648 | b958 0f9d | 68a0 0200 | 0048 8381 | a001 0000 

  0x000002a03fbd0db0: ;   {metadata(method data for {method} {0x000002a0533e0578} 'lookupClassProtectionDomain' '()Ljava/security/ProtectionDomain;' in 'java/lang/invoke/MethodHandles$Lookup')}
  0x000002a03fbd0db0: 0148 b890 | 159d 68a0 | 0200 008b | 88cc 0000 | 0083 c102 | 8988 cc00 | 0000 81e1 | feff 1f00 
  0x000002a03fbd0dd0: 85c9 0f84 | 3f06 0000 | 8b46 1848 

  0x000002a03fbd0ddc: ;   {metadata(method data for {method} {0x000002a0533e0578} 'lookupClassProtectionDomain' '()Ljava/security/ProtectionDomain;' in 'java/lang/invoke/MethodHandles$Lookup')}
  0x000002a03fbd0ddc: 85c0 48b9 | 9015 9d68 | a002 0000 | 49c7 c310 | 0100 0075 | 0749 c7c3 | 2001 0000 | 4e8b 2c19 
  0x000002a03fbd0dfc: 4d8d 6d01 | 4e89 2c19 | 4889 9c24 | a000 0000 | 0f85 bf01 

  0x000002a03fbd0e10: ;   {metadata(method data for {method} {0x000002a0533e0578} 'lookupClassProtectionDomain' '()Ljava/security/ProtectionDomain;' in 'java/lang/invoke/MethodHandles$Lookup')}
  0x000002a03fbd0e10: 0000 48b8 | 9015 9d68 | a002 0000 | 4883 8030 | 0100 0001 

  0x000002a03fbd0e24: ;   {metadata(method data for {method} {0x000002a053473b88} 'getJavaLangAccess' '()Ljdk/internal/access/JavaLangAccess;' in 'jdk/internal/access/SharedSecrets')}
  0x000002a03fbd0e24: 48b8 4888 | 1868 a002 | 0000 8b88 | cc00 0000 | 83c1 0289 | 88cc 0000 | 0081 e1fe | ff1f 0085 
  0x000002a03fbd0e44: c90f 84ed 

  0x000002a03fbd0e48: ;   {oop(a 'java/lang/Class'{0x00000000e0a39c10} = 'jdk/internal/access/SharedSecrets')}
  0x000002a03fbd0e48: 0500 0048 | b810 9ca3 | e000 0000 | 008b 407c | 8b4e 1048 | 85c0 0f84 | 2a00 0000 

  0x000002a03fbd0e64: ;   {metadata('java/lang/System$2')}
  0x000002a03fbd0e64: 48be 6082 | 0153 a002 | 0000 448b | 7008 49ba | 0000 0053 | a002 0000 | 4d03 f249 | 3b76 380f 
  0x000002a03fbd0e84: 85d0 0500 | 00e9 0000 | 0000 4c8b | d848 3b00 

  0x000002a03fbd0e94: ;   {metadata(method data for {method} {0x000002a0533e0578} 'lookupClassProtectionDomain' '()Ljava/security/ProtectionDomain;' in 'java/lang/invoke/MethodHandles$Lookup')}
  0x000002a03fbd0e94: 48be 9015 | 9d68 a002 

  0x000002a03fbd0e9c: ;   {metadata('java/lang/System$2')}
  0x000002a03fbd0e9c: 0000 49ba | 6082 0153 | a002 0000 | 4c89 9650 | 0100 0048 | 8386 5801 

  0x000002a03fbd0eb4: ;   {metadata(method data for {method} {0x000002a0530192c8} 'protectionDomain' '(Ljava/lang/Class;)Ljava/security/ProtectionDomain;' in 'java/lang/System$2')}
  0x000002a03fbd0eb4: 0000 0148 | be48 179d | 68a0 0200 | 008b 86cc | 0000 0083 | c002 8986 | cc00 0000 | 25fe ff1f 
  0x000002a03fbd0ed4: 0085 c00f | 8486 0500 | 0048 3b01 

  0x000002a03fbd0ee0: ;   {metadata(method data for {method} {0x000002a0530192c8} 'protectionDomain' '(Ljava/lang/Class;)Ljava/security/ProtectionDomain;' in 'java/lang/System$2')}
  0x000002a03fbd0ee0: 488b f148 | b848 179d | 68a0 0200 | 0048 8380 | 1001 0000 

  0x000002a03fbd0ef4: ;   {metadata(method data for {method} {0x000002a053467bb8} 'protectionDomain' '()Ljava/security/ProtectionDomain;' in 'java/lang/Class')}
  0x000002a03fbd0ef4: 0148 bed8 | 189d 68a0 | 0200 008b | 86cc 0000 | 0083 c002 | 8986 cc00 | 0000 25fe | ff1f 0085 
  0x000002a03fbd0f14: c00f 846e | 0500 0048 

  0x000002a03fbd0f1c: ;   {metadata(method data for {method} {0x000002a053467bb8} 'protectionDomain' '()Ljava/security/ProtectionDomain;' in 'java/lang/Class')}
  0x000002a03fbd0f1c: 8bf1 48b8 | d818 9d68 | a002 0000 | 4883 8010 | 0100 0001 | 488b d10f 

  0x000002a03fbd0f34: ;   {optimized virtual_call}
  0x000002a03fbd0f34: 1f40 00e8 

  0x000002a03fbd0f38: ; ImmutableOopMap {[144]=Oop [152]=Oop [160]=Oop [168]=Oop [184]=Oop }
                      ;*invokevirtual getProtectionDomain0 {reexecute=0 rethrow=0 return_oop=0}
                      ; - java.lang.Class::protectionDomain@1
                      ; - java.lang.System$2::protectionDomain@1
                      ; - java.lang.invoke.MethodHandles$Lookup::lookupClassProtectionDomain@17
                      ; - java.lang.invoke.MethodHandles$Lookup$ClassDefiner::defineClass@23
  0x000002a03fbd0f38: e006 0000 

  0x000002a03fbd0f3c: ;   {other}
  0x000002a03fbd0f3c: 0f1f 8400 | 2c06 0000 

  0x000002a03fbd0f44: ;   {metadata(method data for {method} {0x000002a053467bb8} 'protectionDomain' '()Ljava/security/ProtectionDomain;' in 'java/lang/Class')}
  0x000002a03fbd0f44: 4885 c049 | b8d8 189d | 68a0 0200 | 0049 c7c1 | 4801 0000 | 7507 49c7 | c158 0100 | 004b 8b3c 
  0x000002a03fbd0f64: 0848 8d7f | 014b 893c | 080f 8521 | 0000 000f | 1f44 0000 

  0x000002a03fbd0f78: ;   {no_reloc}
  0x000002a03fbd0f78: e9a5 0500 | 0000 0000 | 0000 660f | 1f44 0000 

  0x000002a03fbd0f88: ; implicit exception: dispatches to 0x000002a03fbd152c
  0x000002a03fbd0f88: e9b0 0500 | 0090 90e9 | 0300 0000 | 4c8b c048 | 8bb4 2490 | 0000 0045 | 0fbe 4f40 | 4585 c90f 
  0x000002a03fbd0fa8: 859a 0500 | 004d 8bd0 | 4489 5618 | f083 4424 | c000 4c8b | ce4d 33c8 | 49c1 e914 | 4983 f900 
  0x000002a03fbd0fc8: 0f85 9505 | 0000 498b 

  0x000002a03fbd0fd0: ;   {metadata(method data for {method} {0x000002a0531eae68} 'defineClass' '(ZLjava/lang/Object;)Ljava/lang/Class;' in 'java/lang/invoke/MethodHandles$Lookup$ClassDefiner')}
  0x000002a03fbd0fd0: c049 b858 | 0f9d 68a0 | 0200 0041 | ff80 d801 | 0000 e912 | 0000 0048 | 899c 24a0 

  0x000002a03fbd0fec: ;   {oop(nullptr)}
  0x000002a03fbd0fec: 0000 0048 | b800 0000 | 0000 0000 | 0048 8b9c | 24a0 0000 | 0048 8bbc | 24a8 0000 | 0048 8b94 
  0x000002a03fbd100c: 2498 0000 

  0x000002a03fbd1010: ;   {metadata(method data for {method} {0x000002a0531eae68} 'defineClass' '(ZLjava/lang/Object;)Ljava/lang/Class;' in 'java/lang/invoke/MethodHandles$Lookup$ClassDefiner')}
  0x000002a03fbd1010: 0049 b858 | 0f9d 68a0 | 0200 0049 | 8380 f001 

  0x000002a03fbd1020: ;   {metadata(method data for {method} {0x000002a053473b88} 'getJavaLangAccess' '()Ljdk/internal/access/JavaLangAccess;' in 'jdk/internal/access/SharedSecrets')}
  0x000002a03fbd1020: 0000 0149 | b848 8818 | 68a0 0200 | 0045 8b88 | cc00 0000 | 4183 c102 | 4589 88cc | 0000 0041 
  0x000002a03fbd1040: 81e1 feff | 1f00 4585 | c90f 842c 

  0x000002a03fbd104c: ;   {oop(a 'java/lang/Class'{0x00000000e0a39c10} = 'jdk/internal/access/SharedSecrets')}
  0x000002a03fbd104c: 0500 0049 | b810 9ca3 | e000 0000 | 0045 8b70 | 7c8b 7214 | 8b4a 1844 | 8b4a 0c4d | 85f6 0f84 
  0x000002a03fbd106c: 2a00 0000 

  0x000002a03fbd1070: ;   {metadata('java/lang/System$2')}
  0x000002a03fbd1070: 49bb 6082 | 0153 a002 | 0000 458b | 6e08 49ba | 0000 0053 | a002 0000 | 4d03 ea4d | 3b5d 380f 
  0x000002a03fbd1090: 8507 0500 | 00e9 0000 | 0000 4d8b | c649 3b06 

  0x000002a03fbd10a0: ;   {metadata(method data for {method} {0x000002a0531eae68} 'defineClass' '(ZLjava/lang/Object;)Ljava/lang/Class;' in 'java/lang/invoke/MethodHandles$Lookup$ClassDefiner')}
  0x000002a03fbd10a0: 4d8b c648 | ba58 0f9d | 68a0 0200 

  0x000002a03fbd10ac: ;   {metadata('java/lang/System$2')}
  0x000002a03fbd10ac: 0049 ba60 | 8201 53a0 | 0200 004c | 8992 1002 | 0000 4883 | 8218 0200 | 0001 4c8b | c349 8bd1 
  0x000002a03fbd10cc: 4c8b cf48 | 8bfe 488b | f148 8bc8 | 8b84 24b0 | 0000 0089 | 0424 8954 | 2408 488b | 9424 b800 
  0x000002a03fbd10ec: 0000 4889 | 5424 1049 

  0x000002a03fbd10f4: ;   {optimized virtual_call}
  0x000002a03fbd10f4: 8bd6 90e8 

  0x000002a03fbd10f8: ; ImmutableOopMap {[152]=Oop [168]=Oop }
                      ;*invokeinterface defineClass {reexecute=0 rethrow=0 return_oop=0}
                      ; - java.lang.invoke.MethodHandles$Lookup$ClassDefiner::defineClass@57
  0x000002a03fbd10f8: 1105 0000 

  0x000002a03fbd10fc: ;   {other}
  0x000002a03fbd10fc: 0f1f 8400 | ec07 0001 

  0x000002a03fbd1104: ;   {metadata(method data for {method} {0x000002a0531eae68} 'defineClass' '(ZLjava/lang/Object;)Ljava/lang/Class;' in 'java/lang/invoke/MethodHandles$Lookup$ClassDefiner')}
  0x000002a03fbd1104: 49b8 580f | 9d68 a002 | 0000 41ff | 8038 0200 | 0048 8b94 | 2498 0000 | 008b 721c 

  0x000002a03fbd1120: ; implicit exception: dispatches to 0x000002a03fbd15a6
  0x000002a03fbd1120: 483b 064c 

  0x000002a03fbd1124: ;   {metadata(method data for {method} {0x000002a0531eae68} 'defineClass' '(ZLjava/lang/Object;)Ljava/lang/Class;' in 'java/lang/invoke/MethodHandles$Lookup$ClassDefiner')}
  0x000002a03fbd1124: 8bc6 49b9 | 580f 9d68 | a002 0000 | 4983 8150 | 0300 0001 | 440f be46 | 0c41 83e0 | 0145 85c0 
  0x000002a03fbd1144: ;   {metadata(method data for {method} {0x000002a0531eae68} 'defineClass' '(ZLjava/lang/Object;)Ljava/lang/Class;' in 'java/lang/invoke/MethodHandles$Lookup$ClassDefiner')}
  0x000002a03fbd1144: 49b8 580f | 9d68 a002 | 0000 49c7 | c188 0300 | 0074 0749 | c7c1 9803 | 0000 4b8b | 3c08 488d 
  0x000002a03fbd1164: 7f01 4b89 | 3c08 0f84 | c401 0000 

  0x000002a03fbd1170: ;   {metadata(method data for {method} {0x000002a0531eae68} 'defineClass' '(ZLjava/lang/Object;)Ljava/lang/Class;' in 'java/lang/invoke/MethodHandles$Lookup$ClassDefiner')}
  0x000002a03fbd1170: 4c8b c249 | b958 0f9d | 68a0 0200 

  0x000002a03fbd117c: ;   {metadata('java/lang/invoke/MethodHandles$Lookup$ClassDefiner')}
  0x000002a03fbd117c: 0049 ba28 | ac1e 53a0 | 0200 004d | 8991 b803 | 0000 4983 | 81c0 0300 | 0001 8b7a | 1448 85c0 
  0x000002a03fbd119c: ;   {metadata(method data for {method} {0x000002a0531eae68} 'defineClass' '(ZLjava/lang/Object;)Ljava/lang/Class;' in 'java/lang/invoke/MethodHandles$Lookup$ClassDefiner')}
  0x000002a03fbd119c: 49b8 580f | 9d68 a002 | 0000 49c7 | c1e0 0300 | 0074 0749 | c7c1 f003 | 0000 4b8b | 1c08 488d 
  0x000002a03fbd11bc: 5b01 4b89 | 1c08 0f84 | 2b01 0000 | e9bd 0000 | 0048 8b94 | 2498 0000 | 0049 8b87 | 0005 0000 
  0x000002a03fbd11dc: 4d33 d24d | 8997 0005 | 0000 4d33 | d24d 8997 | 0805 0000 | 8b72 1c48 | 3b06 4c8b 

  0x000002a03fbd11f8: ;   {metadata(method data for {method} {0x000002a0531eae68} 'defineClass' '(ZLjava/lang/Object;)Ljava/lang/Class;' in 'java/lang/invoke/MethodHandles$Lookup$ClassDefiner')}
  0x000002a03fbd11f8: c649 b958 | 0f9d 68a0 | 0200 0049 | 8381 8804 | 0000 0144 | 0fbe 460c | 4183 e001 

  0x000002a03fbd1214: ;   {metadata(method data for {method} {0x000002a0531eae68} 'defineClass' '(ZLjava/lang/Object;)Ljava/lang/Class;' in 'java/lang/invoke/MethodHandles$Lookup$ClassDefiner')}
  0x000002a03fbd1214: 4585 c049 | b858 0f9d | 68a0 0200 | 0049 c7c1 | c004 0000 | 7407 49c7 | c1d0 0400 | 004b 8b3c 
  0x000002a03fbd1234: 0848 8d7f | 014b 893c | 080f 8441 | 0100 004c 

  0x000002a03fbd1244: ;   {metadata(method data for {method} {0x000002a0531eae68} 'defineClass' '(ZLjava/lang/Object;)Ljava/lang/Class;' in 'java/lang/invoke/MethodHandles$Lookup$ClassDefiner')}
  0x000002a03fbd1244: 8bc2 49b9 | 580f 9d68 | a002 0000 

  0x000002a03fbd1250: ;   {metadata('java/lang/invoke/MethodHandles$Lookup$ClassDefiner')}
  0x000002a03fbd1250: 49ba 28ac | 1e53 a002 | 0000 4d89 | 91f0 0400 | 0049 8381 | f804 0000 | 018b 7a14 

  0x000002a03fbd126c: ;   {metadata(method data for {method} {0x000002a0531eae68} 'defineClass' '(ZLjava/lang/Object;)Ljava/lang/Class;' in 'java/lang/invoke/MethodHandles$Lookup$ClassDefiner')}
  0x000002a03fbd126c: 49b8 580f | 9d68 a002 | 0000 41ff | 8018 0500 | 0048 8984 | 24c8 0000 | 00e9 c000 | 0000 8b52 
  0x000002a03fbd128c: 184c 8bc6 

  0x000002a03fbd1290: ;   {metadata(method data for {method} {0x000002a0531eae68} 'defineClass' '(ZLjava/lang/Object;)Ljava/lang/Class;' in 'java/lang/invoke/MethodHandles$Lookup$ClassDefiner')}
  0x000002a03fbd1290: 49b9 580f | 9d68 a002 | 0000 4983 | 8100 0400 | 0001 4c8b | c74c 8bc8 | 488b fa48 | 8bd6 4889 
  0x000002a03fbd12b0: 8424 c000 

  0x000002a03fbd12b4: ;   {optimized virtual_call}
  0x000002a03fbd12b4: 0000 90e8 

  0x000002a03fbd12b8: ; ImmutableOopMap {[192]=Oop }
                      ;*invokevirtual dumpClass {reexecute=0 rethrow=0 return_oop=0}
                      ; - java.lang.invoke.MethodHandles$Lookup$ClassDefiner::defineClass@134
  0x000002a03fbd12b8: c4d7 0b07 

  0x000002a03fbd12bc: ;   {other}
  0x000002a03fbd12bc: 0f1f 8400 | ac09 0002 

  0x000002a03fbd12c4: ;   {metadata(method data for {method} {0x000002a0531eae68} 'defineClass' '(ZLjava/lang/Object;)Ljava/lang/Class;' in 'java/lang/invoke/MethodHandles$Lookup$ClassDefiner')}
  0x000002a03fbd12c4: 49b8 580f | 9d68 a002 | 0000 41ff | 8038 0400 | 0048 8b84 | 24c0 0000 | 0048 81c4 | e000 0000 
  0x000002a03fbd12e4: ;   {poll_return}
  0x000002a03fbd12e4: 5d49 3ba7 | 5004 0000 | 0f87 be02 | 0000 c348 | 8984 24c0 | 0000 0044 | 8b4a 184c 

  0x000002a03fbd1300: ;   {metadata(method data for {method} {0x000002a0531eae68} 'defineClass' '(ZLjava/lang/Object;)Ljava/lang/Class;' in 'java/lang/invoke/MethodHandles$Lookup$ClassDefiner')}
  0x000002a03fbd1300: 8bc6 48ba | 580f 9d68 | a002 0000 | 4883 8250 | 0400 0001 | 4c8b c748 | 8bd6 0f1f 

  0x000002a03fbd131c: ;   {optimized virtual_call}
  0x000002a03fbd131c: 4400 00e8 

  0x000002a03fbd1320: ; ImmutableOopMap {[192]=Oop }
                      ;*invokevirtual dumpFailedClass {reexecute=0 rethrow=0 return_oop=0}
                      ; - java.lang.invoke.MethodHandles$Lookup$ClassDefiner::defineClass@150
  0x000002a03fbd1320: 5cd7 0b07 

  0x000002a03fbd1324: ;   {other}
  0x000002a03fbd1324: 0f1f 8400 | 140a 0003 | 488b 8424 | c000 0000 | 4881 c4e0 | 0000 005d 

  0x000002a03fbd133c: ;   {poll_return}
  0x000002a03fbd133c: 493b a750 | 0400 000f | 877d 0200 | 00c3 448b | 4a18 4c8b 

  0x000002a03fbd1350: ;   {metadata(method data for {method} {0x000002a0531eae68} 'defineClass' '(ZLjava/lang/Object;)Ljava/lang/Class;' in 'java/lang/invoke/MethodHandles$Lookup$ClassDefiner')}
  0x000002a03fbd1350: c648 ba58 | 0f9d 68a0 | 0200 0048 | 8382 8805 | 0000 014c | 8bc7 488b | d666 0f1f 

  0x000002a03fbd136c: ;   {optimized virtual_call}
  0x000002a03fbd136c: 4400 00e8 

  0x000002a03fbd1370: ; ImmutableOopMap {[200]=Oop }
                      ;*invokevirtual dumpFailedClass {reexecute=0 rethrow=0 return_oop=0}
                      ; - java.lang.invoke.MethodHandles$Lookup$ClassDefiner::defineClass@207
  0x000002a03fbd1370: 0cd7 0b07 

  0x000002a03fbd1374: ;   {other}
  0x000002a03fbd1374: 0f1f 8400 | 640a 0004 | 488b 8424 | c800 0000 | e970 0200 

  0x000002a03fbd1388: ;   {metadata({method} {0x000002a0531eae68} 'defineClass' '(ZLjava/lang/Object;)Ljava/lang/Class;' in 'java/lang/invoke/MethodHandles$Lookup$ClassDefiner')}
  0x000002a03fbd1388: 0049 ba60 | ae1e 53a0 | 0200 004c | 8954 2408 | 48c7 0424 | ffff ffff 

  0x000002a03fbd13a0: ;   {runtime_call counter_overflow Runtime1 stub}
  0x000002a03fbd13a0: e8db 0519 

  0x000002a03fbd13a4: ; ImmutableOopMap {rdx=Oop r9=Oop [152]=Oop [184]=Oop }
                      ;*synchronization entry
                      ; - java.lang.invoke.MethodHandles$Lookup$ClassDefiner::defineClass@-1
  0x000002a03fbd13a4: 07e9 74f8 

  0x000002a03fbd13a8: ;   {runtime_call throw_null_pointer_exception Runtime1 stub}
  0x000002a03fbd13a8: ffff e851 

  0x000002a03fbd13ac: ; ImmutableOopMap {rdx=Oop r9=Oop rsi=Oop [144]=Oop [152]=Oop [184]=Oop }
                      ;*invokevirtual lookupClass {reexecute=0 rethrow=0 return_oop=0}
                      ; - java.lang.invoke.MethodHandles$Lookup$ClassDefiner::defineClass@4
                      ;   {runtime_call throw_null_pointer_exception Runtime1 stub}
  0x000002a03fbd13ac: cb0f 07e8 

  0x000002a03fbd13b0: ; ImmutableOopMap {rdx=Oop r9=Oop rsi=Oop rdi=Oop [144]=Oop [152]=Oop [168]=Oop [184]=Oop }
                      ;*invokevirtual getClassLoader {reexecute=0 rethrow=0 return_oop=0}
                      ; - java.lang.invoke.MethodHandles$Lookup$ClassDefiner::defineClass@9
  0x000002a03fbd13b0: 4ccb 0f07 

  0x000002a03fbd13b4: ;   {metadata({method} {0x000002a053468e60} 'getClassLoader' '()Ljava/lang/ClassLoader;' in 'java/lang/Class')}
  0x000002a03fbd13b4: 49ba 588e | 4653 a002 | 0000 4c89 | 5424 0848 | c704 24ff 

  0x000002a03fbd13c8: ;   {runtime_call counter_overflow Runtime1 stub}
  0x000002a03fbd13c8: ffff ffe8 

  0x000002a03fbd13cc: ; ImmutableOopMap {rdx=Oop r9=Oop rsi=Oop rdi=Oop [144]=Oop [152]=Oop [168]=Oop [184]=Oop }
                      ;*synchronization entry
                      ; - java.lang.Class::getClassLoader@-1
                      ; - java.lang.invoke.MethodHandles$Lookup$ClassDefiner::defineClass@9
  0x000002a03fbd13cc: b005 1907 | e9b5 f8ff 

  0x000002a03fbd13d4: ;   {metadata({method} {0x000002a05301b1d0} 'getSecurityManager' '()Ljava/lang/SecurityManager;' in 'java/lang/System')}
  0x000002a03fbd13d4: ff49 bac8 | b101 53a0 | 0200 004c | 8954 2408 | 48c7 0424 | ffff ffff 

  0x000002a03fbd13ec: ;   {runtime_call counter_overflow Runtime1 stub}
  0x000002a03fbd13ec: e88f 0519 

  0x000002a03fbd13f0: ; ImmutableOopMap {rdx=Oop r9=Oop rsi=Oop rdi=Oop rbx=Oop [144]=Oop [152]=Oop [168]=Oop [184]=Oop }
                      ;*synchronization entry
                      ; - java.lang.System::getSecurityManager@-1
                      ; - java.lang.Class::getClassLoader@11
                      ; - java.lang.invoke.MethodHandles$Lookup$ClassDefiner::defineClass@9
  0x000002a03fbd13f0: 07e9 0ef9 

  0x000002a03fbd13f4: ;   {metadata({method} {0x000002a05301b2e8} 'allowSecurityManager' '()Z' in 'java/lang/System')}
  0x000002a03fbd13f4: ffff 49ba | e0b2 0153 | a002 0000 | 4c89 5424 | 0848 c704 | 24ff ffff 

  0x000002a03fbd140c: ;   {runtime_call counter_overflow Runtime1 stub}
  0x000002a03fbd140c: ffe8 6e05 

  0x000002a03fbd1410: ; ImmutableOopMap {rdx=Oop r9=Oop rsi=Oop rdi=Oop rbx=Oop [144]=Oop [152]=Oop [168]=Oop [184]=Oop }
                      ;*synchronization entry
                      ; - java.lang.System::allowSecurityManager@-1
                      ; - java.lang.System::getSecurityManager@0
                      ; - java.lang.Class::getClassLoader@11
                      ; - java.lang.invoke.MethodHandles$Lookup$ClassDefiner::defineClass@9
  0x000002a03fbd1410: 1907 e926 

  0x000002a03fbd1414: ;   {metadata({method} {0x000002a0533e0578} 'lookupClassProtectionDomain' '()Ljava/security/ProtectionDomain;' in 'java/lang/invoke/MethodHandles$Lookup')}
  0x000002a03fbd1414: f9ff ff49 | ba70 053e | 53a0 0200 | 004c 8954 | 2408 48c7 | 0424 ffff 

  0x000002a03fbd142c: ;   {runtime_call counter_overflow Runtime1 stub}
  0x000002a03fbd142c: ffff e84d 

  0x000002a03fbd1430: ; ImmutableOopMap {rdx=Oop r9=Oop rsi=Oop rdi=Oop rbx=Oop [144]=Oop [152]=Oop [168]=Oop [184]=Oop }
                      ;*synchronization entry
                      ; - java.lang.invoke.MethodHandles$Lookup::lookupClassProtectionDomain@-1
                      ; - java.lang.invoke.MethodHandles$Lookup$ClassDefiner::defineClass@23
  0x000002a03fbd1430: 0519 07e9 | a0f9 ffff 

  0x000002a03fbd1438: ;   {metadata({method} {0x000002a053473b88} 'getJavaLangAccess' '()Ljdk/internal/access/JavaLangAccess;' in 'jdk/internal/access/SharedSecrets')}
  0x000002a03fbd1438: 49ba 803b | 4753 a002 | 0000 4c89 | 5424 0848 | c704 24ff 

  0x000002a03fbd144c: ;   {runtime_call counter_overflow Runtime1 stub}
  0x000002a03fbd144c: ffff ffe8 

  0x000002a03fbd1450: ; ImmutableOopMap {rsi=Oop [144]=Oop [152]=Oop [160]=Oop [168]=Oop [184]=Oop }
                      ;*synchronization entry
                      ; - jdk.internal.access.SharedSecrets::getJavaLangAccess@-1
                      ; - java.lang.invoke.MethodHandles$Lookup::lookupClassProtectionDomain@10
                      ; - java.lang.invoke.MethodHandles$Lookup$ClassDefiner::defineClass@23
  0x000002a03fbd1450: 2c05 1907 | e9f2 f9ff 

  0x000002a03fbd1458: ;   {runtime_call throw_incompatible_class_change_error Runtime1 stub}
  0x000002a03fbd1458: ffe8 22db 

  0x000002a03fbd145c: ; ImmutableOopMap {rax=Oop rcx=Oop [144]=Oop [152]=Oop [160]=Oop [168]=Oop [184]=Oop }
                      ;*invokeinterface protectionDomain {reexecute=0 rethrow=0 return_oop=0}
                      ; - java.lang.invoke.MethodHandles$Lookup::lookupClassProtectionDomain@17
                      ; - java.lang.invoke.MethodHandles$Lookup$ClassDefiner::defineClass@23
                      ;   {runtime_call throw_null_pointer_exception Runtime1 stub}
  0x000002a03fbd145c: 1807 e89d 

  0x000002a03fbd1460: ; ImmutableOopMap {rax=Oop rcx=Oop [144]=Oop [152]=Oop [160]=Oop [168]=Oop [184]=Oop }
                      ;*invokeinterface protectionDomain {reexecute=0 rethrow=0 return_oop=0}
                      ; - java.lang.invoke.MethodHandles$Lookup::lookupClassProtectionDomain@17
                      ; - java.lang.invoke.MethodHandles$Lookup$ClassDefiner::defineClass@23
                      ;   {metadata({method} {0x000002a0530192c8} 'protectionDomain' '(Ljava/lang/Class;)Ljava/security/ProtectionDomain;' in 'java/lang/System$2')}
  0x000002a03fbd1460: ca0f 0749 | bac0 9201 | 53a0 0200 | 004c 8954 | 2408 48c7 | 0424 ffff 

  0x000002a03fbd1478: ;   {runtime_call counter_overflow Runtime1 stub}
  0x000002a03fbd1478: ffff e801 

  0x000002a03fbd147c: ; ImmutableOopMap {rcx=Oop [144]=Oop [152]=Oop [160]=Oop [168]=Oop [184]=Oop }
                      ;*synchronization entry
                      ; - java.lang.System$2::protectionDomain@-1
                      ; - java.lang.invoke.MethodHandles$Lookup::lookupClassProtectionDomain@17
                      ; - java.lang.invoke.MethodHandles$Lookup$ClassDefiner::defineClass@23
  0x000002a03fbd147c: 0519 07e9 | 59fa ffff 

  0x000002a03fbd1484: ;   {runtime_call throw_null_pointer_exception Runtime1 stub}
  0x000002a03fbd1484: e877 ca0f 

  0x000002a03fbd1488: ; ImmutableOopMap {rcx=Oop [144]=Oop [152]=Oop [160]=Oop [168]=Oop [184]=Oop }
                      ;*invokevirtual protectionDomain {reexecute=0 rethrow=0 return_oop=0}
                      ; - java.lang.System$2::protectionDomain@1
                      ; - java.lang.invoke.MethodHandles$Lookup::lookupClassProtectionDomain@17
                      ; - java.lang.invoke.MethodHandles$Lookup$ClassDefiner::defineClass@23
                      ;   {metadata({method} {0x000002a053467bb8} 'protectionDomain' '()Ljava/security/ProtectionDomain;' in 'java/lang/Class')}
  0x000002a03fbd1488: 0749 bab0 | 7b46 53a0 | 0200 004c | 8954 2408 | 48c7 0424 | ffff ffff 

  0x000002a03fbd14a0: ;   {runtime_call counter_overflow Runtime1 stub}
  0x000002a03fbd14a0: e8db 0419 

  0x000002a03fbd14a4: ; ImmutableOopMap {rcx=Oop [144]=Oop [152]=Oop [160]=Oop [168]=Oop [184]=Oop }
                      ;*synchronization entry
                      ; - java.lang.Class::protectionDomain@-1
                      ; - java.lang.System$2::protectionDomain@1
                      ; - java.lang.invoke.MethodHandles$Lookup::lookupClassProtectionDomain@17
                      ; - java.lang.invoke.MethodHandles$Lookup$ClassDefiner::defineClass@23
  0x000002a03fbd14a4: 07e9 71fa 

  0x000002a03fbd14a8: ;   {oop(nullptr)}
  0x000002a03fbd14a8: ffff 49b8 | 0000 0000 | 0000 0000 | 5053 498b | 5810 5756 | 5251 4150 | 4151 4152 | 4153 4883 
  0x000002a03fbd14c8: ec20 40f6 | c40f 0f84 | 1900 0000 | 4883 ec08 

  0x000002a03fbd14d8: ;   {runtime_call}
  0x000002a03fbd14d8: 48b8 a0a0 | b7c7 fd7f | 0000 ffd0 | 4883 c408 | e90c 0000 

  0x000002a03fbd14ec: ;   {runtime_call}
  0x000002a03fbd14ec: 0048 b8a0 | a0b7 c7fd | 7f00 00ff | d048 83c4 | 2041 5b41 | 5a41 5941 | 5859 5a5e | 5f48 3b83 
  0x000002a03fbd150c: 3801 0000 | 5b58 0f85 | 0a00 0000 | e965 faff | ffb8 0078 

  0x000002a03fbd1520: ;   {runtime_call load_mirror_patching Runtime1 stub}
  0x000002a03fbd1520: 6e0a e859 

  0x000002a03fbd1524: ; ImmutableOopMap {[144]=Oop [152]=Oop [160]=Oop [168]=Oop [184]=Oop }
                      ;*getstatic allPermDomain {reexecute=1 rethrow=0 return_oop=0}
                      ; - (reexecute) java.lang.Class::protectionDomain@9
                      ; - java.lang.System$2::protectionDomain@1
                      ; - java.lang.invoke.MethodHandles$Lookup::lookupClassProtectionDomain@17
                      ; - java.lang.invoke.MethodHandles$Lookup$ClassDefiner::defineClass@23
  0x000002a03fbd1524: f818 07e9 | 4cfa ffff 

  0x000002a03fbd152c: ;   {runtime_call throw_null_pointer_exception Runtime1 stub}
  0x000002a03fbd152c: e8cf c90f 

  0x000002a03fbd1530: ; ImmutableOopMap {r8=Oop [144]=Oop [152]=Oop [160]=Oop [168]=Oop [184]=Oop }
                      ;*getstatic allPermDomain {reexecute=1 rethrow=0 return_oop=0}
                      ; - (reexecute) java.lang.Class::protectionDomain@9
                      ; - java.lang.System$2::protectionDomain@1
                      ; - java.lang.invoke.MethodHandles$Lookup::lookupClassProtectionDomain@17
                      ; - java.lang.invoke.MethodHandles$Lookup$ClassDefiner::defineClass@23
  0x000002a03fbd1530: 0745 8b80 | 0000 0000 | b800 0c05 

  0x000002a03fbd153c: ;   {runtime_call access_field_patching Runtime1 stub}
  0x000002a03fbd153c: 07e8 3eef 

  0x000002a03fbd1540: ; ImmutableOopMap {r8=Oop [144]=Oop [152]=Oop [160]=Oop [168]=Oop [184]=Oop }
                      ;*getstatic allPermDomain {reexecute=1 rethrow=0 return_oop=0}
                      ; - (reexecute) java.lang.Class::protectionDomain@9
                      ; - java.lang.System$2::protectionDomain@1
                      ; - java.lang.invoke.MethodHandles$Lookup::lookupClassProtectionDomain@17
                      ; - java.lang.invoke.MethodHandles$Lookup$ClassDefiner::defineClass@23
  0x000002a03fbd1540: 1807 e941 | faff ff44 | 8b4e 1849 | 83f9 000f | 8458 faff | ff4c 890c 

  0x000002a03fbd1558: ;   {runtime_call g1_pre_barrier_slow}
  0x000002a03fbd1558: 24e8 220a | 1907 e94a | faff ff49 | 83f8 000f | 8461 faff | ff48 8934 

  0x000002a03fbd1570: ;   {runtime_call g1_post_barrier_slow}
  0x000002a03fbd1570: 24e8 0a0d | 1907 e953 

  0x000002a03fbd1578: ;   {metadata({method} {0x000002a053473b88} 'getJavaLangAccess' '()Ljdk/internal/access/JavaLangAccess;' in 'jdk/internal/access/SharedSecrets')}
  0x000002a03fbd1578: faff ff49 | ba80 3b47 | 53a0 0200 | 004c 8954 | 2408 48c7 | 0424 ffff 

  0x000002a03fbd1590: ;   {runtime_call counter_overflow Runtime1 stub}
  0x000002a03fbd1590: ffff e8e9 

  0x000002a03fbd1594: ; ImmutableOopMap {rax=Oop rdi=Oop rbx=Oop rdx=Oop [152]=Oop [168]=Oop [184]=Oop }
                      ;*synchronization entry
                      ; - jdk.internal.access.SharedSecrets::getJavaLangAccess@-1
                      ; - java.lang.invoke.MethodHandles$Lookup$ClassDefiner::defineClass@35
  0x000002a03fbd1594: 0319 07e9 | b3fa ffff 

  0x000002a03fbd159c: ;   {runtime_call throw_incompatible_class_change_error Runtime1 stub}
  0x000002a03fbd159c: e8df d918 

  0x000002a03fbd15a0: ; ImmutableOopMap {rax=Oop rdi=Oop rbx=Oop r14=Oop rsi=Oop rcx=Oop [152]=Oop [168]=Oop [184]=Oop }
                      ;*invokeinterface defineClass {reexecute=0 rethrow=0 return_oop=0}
                      ; - java.lang.invoke.MethodHandles$Lookup$ClassDefiner::defineClass@57
                      ;   {runtime_call throw_null_pointer_exception Runtime1 stub}
  0x000002a03fbd15a0: 07e8 5ac9 

  0x000002a03fbd15a4: ; ImmutableOopMap {rax=Oop rdi=Oop rbx=Oop r14=Oop rsi=Oop rcx=Oop [152]=Oop [168]=Oop [184]=Oop }
                      ;*invokeinterface defineClass {reexecute=0 rethrow=0 return_oop=0}
                      ; - java.lang.invoke.MethodHandles$Lookup$ClassDefiner::defineClass@57
                      ;   {runtime_call throw_null_pointer_exception Runtime1 stub}
  0x000002a03fbd15a4: 0f07 e855 

  0x000002a03fbd15a8: ; ImmutableOopMap {rax=Oop rdx=Oop rsi=Oop [152]=Oop }
                      ;*invokevirtual isEnabled {reexecute=0 rethrow=0 return_oop=0}
                      ; - java.lang.invoke.MethodHandles$Lookup$ClassDefiner::defineClass@105
                      ;   {runtime_call throw_null_pointer_exception Runtime1 stub}
  0x000002a03fbd15a8: c90f 07e8 

  0x000002a03fbd15ac: ; ImmutableOopMap {rdx=Oop rax=Oop rsi=Oop [152]=Oop }
                      ;*invokevirtual isEnabled {reexecute=0 rethrow=0 return_oop=0}
                      ; - java.lang.invoke.MethodHandles$Lookup$ClassDefiner::defineClass@162
  0x000002a03fbd15ac: 50c9 0f07 

  0x000002a03fbd15b0: ;   {internal_word}
  0x000002a03fbd15b0: 49ba e512 | bd3f a002 | 0000 4d89 | 9768 0400 

  0x000002a03fbd15c0: ;   {runtime_call SafepointBlob}
  0x000002a03fbd15c0: 00e9 ba3e 

  0x000002a03fbd15c4: ;   {internal_word}
  0x000002a03fbd15c4: 0c07 49ba | 3c13 bd3f | a002 0000 | 4d89 9768 

  0x000002a03fbd15d4: ;   {runtime_call SafepointBlob}
  0x000002a03fbd15d4: 0400 00e9 | a43e 0c07 | 498b 8700 | 0500 0049 | c787 0005 | 0000 0000 | 0000 49c7 | 8708 0500 
  0x000002a03fbd15f4: 0000 0000 | 0048 81c4 | e000 0000 

  0x000002a03fbd1600: ;   {runtime_call unwind_exception Runtime1 stub}
  0x000002a03fbd1600: 5de9 7ada | 0f07 f4f4 
[Stub Code]
  0x000002a03fbd1608: ;   {no_reloc}
  0x000002a03fbd1608: 0f1f 4400 

  0x000002a03fbd160c: ;   {static_stub}
  0x000002a03fbd160c: 0048 bb80 | 9501 53a0 

  0x000002a03fbd1614: ;   {runtime_call I2C/C2I adapters}
  0x000002a03fbd1614: 0200 00e9 | fa95 0c07 

  0x000002a03fbd161c: ;   {static_stub}
  0x000002a03fbd161c: 48bb 487b | 4653 a002 

  0x000002a03fbd1624: ;   {runtime_call I2C/C2I adapters}
  0x000002a03fbd1624: 0000 e938 

  0x000002a03fbd1628: ;   {static_stub}
  0x000002a03fbd1628: 1e0c 0748 | bb00 0000 | 0000 0000 

  0x000002a03fbd1634: ;   {runtime_call nmethod}
  0x000002a03fbd1634: 00e9 fbff 

  0x000002a03fbd1638: ;   {static_stub}
  0x000002a03fbd1638: ffff 48bb | 0000 0000 | 0000 0000 

  0x000002a03fbd1644: ;   {runtime_call nmethod}
  0x000002a03fbd1644: e9fb ffff 

  0x000002a03fbd1648: ;   {runtime_call handle_exception_from_callee Runtime1 stub}
  0x000002a03fbd1648: ffe8 32d0 

  0x000002a03fbd164c: ;   {external_word}
  0x000002a03fbd164c: 1807 48b9 | 5063 57c8 | fd7f 0000 | 4883 e4f0 

  0x000002a03fbd165c: ;   {runtime_call}
  0x000002a03fbd165c: 48b8 c0c9 | 19c8 fd7f | 0000 ffd0 

  0x000002a03fbd1668: ;   {section_word}
  0x000002a03fbd1668: f449 ba69 | 16bd 3fa0 | 0200 0041 

  0x000002a03fbd1674: ;   {runtime_call DeoptimizationBlob}
  0x000002a03fbd1674: 52e9 a630 | 0c07 f4f4 | f4f4 f4f4 
[/MachCode]


Compiled method (c1) 20061 2747       3       java.lang.invoke.InvokerBytecodeGenerator::generateCustomizedCode (34 bytes)
 total in heap  [0x000002a03fc22a10,0x000002a03fc22fa8] = 1432
 relocation     [0x000002a03fc22b70,0x000002a03fc22bf0] = 128
 main code      [0x000002a03fc22c00,0x000002a03fc22e50] = 592
 stub code      [0x000002a03fc22e50,0x000002a03fc22ec0] = 112
 metadata       [0x000002a03fc22ec0,0x000002a03fc22ec8] = 8
 scopes data    [0x000002a03fc22ec8,0x000002a03fc22f20] = 88
 scopes pcs     [0x000002a03fc22f20,0x000002a03fc22fa0] = 128
 dependencies   [0x000002a03fc22fa0,0x000002a03fc22fa8] = 8

[Constant Pool (empty)]

[MachCode]
[Verified Entry Point]
  # {method} {0x000002a05314fb98} 'generateCustomizedCode' '(Ljava/lang/invoke/LambdaForm;Ljava/lang/invoke/MethodType;)Ljava/lang/invoke/MemberName;' in 'java/lang/invoke/InvokerBytecodeGenerator'
  # parm0:    rdx:rdx   = 'java/lang/invoke/LambdaForm'
  # parm1:    r8:r8     = 'java/lang/invoke/MethodType'
  #           [sp+0x60]  (sp of caller)
  0x000002a03fc22c00: 8984 2400 | 80ff ff55 | 4883 ec50 | 4181 7f20 | 0100 0000 

  0x000002a03fc22c14: ;   {runtime_call StubRoutines (final stubs)}
  0x000002a03fc22c14: 7405 e885 

  0x000002a03fc22c18: ;   {metadata(method data for {method} {0x000002a05314fb98} 'generateCustomizedCode' '(Ljava/lang/invoke/LambdaForm;Ljava/lang/invoke/MethodType;)Ljava/lang/invoke/MemberName;' in 'java/lang/invoke/InvokerBytecodeGenerator')}
  0x000002a03fc22c18: 3805 0748 | be18 9eb1 | 68a0 0200 | 008b becc | 0000 0083 | c702 89be | cc00 0000 | 81e7 fe07 
  0x000002a03fc22c38: 0000 85ff | 0f84 8d01 

  0x000002a03fc22c40: ;   {metadata(method data for {method} {0x000002a05314fb98} 'generateCustomizedCode' '(Ljava/lang/invoke/LambdaForm;Ljava/lang/invoke/MethodType;)Ljava/lang/invoke/MemberName;' in 'java/lang/invoke/InvokerBytecodeGenerator')}
  0x000002a03fc22c40: 0000 48be | 189e b168 | a002 0000 | 4883 8610 | 0100 0001 | 488b f248 | 8bd6 498b | f84c 8bc7 
  0x000002a03fc22c60: 4889 7c24 | 3848 8974 | 2430 0f1f 

  0x000002a03fc22c6c: ;   {static_call}
  0x000002a03fc22c6c: 4400 00e8 

  0x000002a03fc22c70: ; ImmutableOopMap {[48]=Oop [56]=Oop }
                      ;*invokestatic lookupPregenerated {reexecute=0 rethrow=0 return_oop=0}
                      ; - java.lang.invoke.InvokerBytecodeGenerator::generateCustomizedCode@2
  0x000002a03fc22c70: ac0c 0000 

  0x000002a03fc22c74: ;   {other}
  0x000002a03fc22c74: 0f1f 8400 | 6402 0000 

  0x000002a03fc22c7c: ;   {metadata(method data for {method} {0x000002a05314fb98} 'generateCustomizedCode' '(Ljava/lang/invoke/LambdaForm;Ljava/lang/invoke/MethodType;)Ljava/lang/invoke/MemberName;' in 'java/lang/invoke/InvokerBytecodeGenerator')}
  0x000002a03fc22c7c: 4885 c048 | ba18 9eb1 | 68a0 0200 | 0048 c7c6 | 2001 0000 | 7407 48c7 | c630 0100 | 0048 8b3c 
  0x000002a03fc22c9c: 3248 8d7f | 0148 893c | 320f 8413 | 0000 0048 | 83c4 505d 

  0x000002a03fc22cb0: ;   {poll_return}
  0x000002a03fc22cb0: 493b a750 | 0400 000f | 8733 0100 | 00c3 488b | 5c24 384c | 8b4c 2430 

  0x000002a03fc22cc8: ;   {metadata('java/lang/invoke/InvokerBytecodeGenerator')}
  0x000002a03fc22cc8: 48ba 00c1 | 1453 a002 | 0000 498b | 87b8 0100 | 0048 8d78 | 4049 3bbf | c801 0000 | 0f87 1c01 
  0x000002a03fc22ce8: 0000 4989 | bfb8 0100 | 0048 c700 | 0100 0000 | 488b ca49 | ba00 0000 | 53a0 0200 | 0049 2bca 
  0x000002a03fc22d08: 8948 0848 | 33c9 8948 | 0c48 33c9 | 48c7 c706 | 0000 0048 | 894c f808 | 48ff cf75 | f64c 8bc0 
  0x000002a03fc22d28: ;   {metadata(method data for {method} {0x000002a05314fb98} 'generateCustomizedCode' '(Ljava/lang/invoke/LambdaForm;Ljava/lang/invoke/MethodType;)Ljava/lang/invoke/MemberName;' in 'java/lang/invoke/InvokerBytecodeGenerator')}
  0x000002a03fc22d28: 48bf 189e | b168 a002 | 0000 4883 | 8740 0100 

  0x000002a03fc22d38: ;   {oop("MH"{0x00000000e0738630})}
  0x000002a03fc22d38: 0001 49b8 | 3086 73e0 | 0000 0000 | 488b fb48 | 8bd0 4889 

  0x000002a03fc22d4c: ;   {optimized virtual_call}
  0x000002a03fc22d4c: 4424 40e8 

  0x000002a03fc22d50: ; ImmutableOopMap {[64]=Oop }
                      ;*invokespecial <init> {reexecute=0 rethrow=0 return_oop=0}
                      ; - java.lang.invoke.InvokerBytecodeGenerator::generateCustomizedCode@21
  0x000002a03fc22d50: 0b01 0000 

  0x000002a03fc22d54: ;   {other}
  0x000002a03fc22d54: 0f1f 8400 | 4403 0001 | 488b 4424 

  0x000002a03fc22d60: ;   {metadata(method data for {method} {0x000002a05314fb98} 'generateCustomizedCode' '(Ljava/lang/invoke/LambdaForm;Ljava/lang/invoke/MethodType;)Ljava/lang/invoke/MemberName;' in 'java/lang/invoke/InvokerBytecodeGenerator')}
  0x000002a03fc22d60: 4048 ba18 | 9eb1 68a0 | 0200 0048 | 8382 5001 | 0000 0148 | 8b54 2440 | 0f1f 8000 

  0x000002a03fc22d7c: ;   {optimized virtual_call}
  0x000002a03fc22d7c: 0000 00e8 

  0x000002a03fc22d80: ; ImmutableOopMap {[64]=Oop }
                      ;*invokevirtual generateCustomizedCodeBytes {reexecute=0 rethrow=0 return_oop=0}
                      ; - java.lang.invoke.InvokerBytecodeGenerator::generateCustomizedCode@27
  0x000002a03fc22d80: ea00 0000 

  0x000002a03fc22d84: ;   {other}
  0x000002a03fc22d84: 0f1f 8400 | 7403 0002 | 4c8b 4424 

  0x000002a03fc22d90: ;   {metadata(method data for {method} {0x000002a05314fb98} 'generateCustomizedCode' '(Ljava/lang/invoke/LambdaForm;Ljava/lang/invoke/MethodType;)Ljava/lang/invoke/MemberName;' in 'java/lang/invoke/InvokerBytecodeGenerator')}
  0x000002a03fc22d90: 4048 ba18 | 9eb1 68a0 | 0200 0048 | 8382 8801 | 0000 014c | 8bc0 488b | 5424 400f 

  0x000002a03fc22dac: ;   {optimized virtual_call}
  0x000002a03fc22dac: 1f40 00e8 

  0x000002a03fc22db0: ; ImmutableOopMap {}
                      ;*invokevirtual loadMethod {reexecute=0 rethrow=0 return_oop=0}
                      ; - java.lang.invoke.InvokerBytecodeGenerator::generateCustomizedCode@30
  0x000002a03fc22db0: c900 0000 

  0x000002a03fc22db4: ;   {other}
  0x000002a03fc22db4: 0f1f 8400 | a403 0003 | 4883 c450 

  0x000002a03fc22dc0: ;   {poll_return}
  0x000002a03fc22dc0: 5d49 3ba7 | 5004 0000 | 0f87 4500 

  0x000002a03fc22dcc: ;   {metadata({method} {0x000002a05314fb98} 'generateCustomizedCode' '(Ljava/lang/invoke/LambdaForm;Ljava/lang/invoke/MethodType;)Ljava/lang/invoke/MemberName;' in 'java/lang/invoke/InvokerBytecodeGenerator')}
  0x000002a03fc22dcc: 0000 c349 | ba90 fb14 | 53a0 0200 | 004c 8954 | 2408 48c7 | 0424 ffff 

  0x000002a03fc22de4: ;   {runtime_call counter_overflow Runtime1 stub}
  0x000002a03fc22de4: ffff e895 

  0x000002a03fc22de8: ; ImmutableOopMap {rdx=Oop r8=Oop }
                      ;*synchronization entry
                      ; - java.lang.invoke.InvokerBytecodeGenerator::generateCustomizedCode@-1
  0x000002a03fc22de8: eb13 07e9 | 52fe ffff 

  0x000002a03fc22df0: ;   {internal_word}
  0x000002a03fc22df0: 49ba b02c | c23f a002 | 0000 4d89 | 9768 0400 

  0x000002a03fc22e00: ;   {runtime_call SafepointBlob}
  0x000002a03fc22e00: 00e9 7a26 | 0707 488b 

  0x000002a03fc22e08: ;   {runtime_call fast_new_instance Runtime1 stub}
  0x000002a03fc22e08: d2e8 f2e1 

  0x000002a03fc22e0c: ; ImmutableOopMap {r9=Oop rbx=Oop }
                      ;*new {reexecute=0 rethrow=0 return_oop=0}
                      ; - java.lang.invoke.InvokerBytecodeGenerator::generateCustomizedCode@12
  0x000002a03fc22e0c: 0a07 e912 

  0x000002a03fc22e10: ;   {internal_word}
  0x000002a03fc22e10: ffff ff49 | bac1 2dc2 | 3fa0 0200 | 004d 8997 | 6804 0000 

  0x000002a03fc22e24: ;   {runtime_call SafepointBlob}
  0x000002a03fc22e24: e957 2607 | 0749 8b87 | 0005 0000 | 49c7 8700 | 0500 0000 | 0000 0049 | c787 0805 | 0000 0000 
  0x000002a03fc22e44: 0000 4883 

  0x000002a03fc22e48: ;   {runtime_call unwind_exception Runtime1 stub}
  0x000002a03fc22e48: c450 5de9 | 30c2 0a07 
[Stub Code]
  0x000002a03fc22e50: ;   {no_reloc}
  0x000002a03fc22e50: 48bb 0000 | 0000 0000 

  0x000002a03fc22e58: ;   {runtime_call nmethod}
  0x000002a03fc22e58: 0000 e9fb 

  0x000002a03fc22e5c: ;   {static_stub}
  0x000002a03fc22e5c: ffff ff48 | bb78 f814 | 53a0 0200 

  0x000002a03fc22e68: ;   {runtime_call I2C/C2I adapters}
  0x000002a03fc22e68: 00e9 8103 

  0x000002a03fc22e6c: ;   {static_stub}
  0x000002a03fc22e6c: 0607 48bb | 7002 1553 | a002 0000 

  0x000002a03fc22e78: ;   {runtime_call I2C/C2I adapters}
  0x000002a03fc22e78: e9e6 0507 

  0x000002a03fc22e7c: ;   {static_stub}
  0x000002a03fc22e7c: 0748 bbc8 | 0215 53a0 

  0x000002a03fc22e84: ;   {runtime_call I2C/C2I adapters}
  0x000002a03fc22e84: 0200 00e9 | 5b11 0707 
[Exception Handler]
  0x000002a03fc22e8c: ;   {runtime_call handle_exception_from_callee Runtime1 stub}
  0x000002a03fc22e8c: e8ef b713 

  0x000002a03fc22e90: ;   {external_word}
  0x000002a03fc22e90: 0748 b950 | 6357 c8fd | 7f00 0048 

  0x000002a03fc22e9c: ;   {runtime_call}
  0x000002a03fc22e9c: 83e4 f048 | b8c0 c919 | c8fd 7f00 | 00ff d0f4 
[Deopt Handler Code]
  0x000002a03fc22eac: ;   {section_word}
  0x000002a03fc22eac: 49ba ac2e | c23f a002 | 0000 4152 

  0x000002a03fc22eb8: ;   {runtime_call DeoptimizationBlob}
  0x000002a03fc22eb8: e963 1807 | 07f4 f4f4 
[/MachCode]


---------------  P R O C E S S  ---------------

Threads class SMR info:
_java_thread_list=0x000002a06c8465a0, length=24, elements={
0x000002a03c5127f0, 0x000002a0523354a0, 0x000002a052336820, 0x000002a052339600,
0x000002a05233c070, 0x000002a05233cad0, 0x000002a05233d530, 0x000002a05233e2c0,
0x000002a052344090, 0x000002a0525b6d80, 0x000002a052610550, 0x000002a06c46f570,
0x000002a06d2ed240, 0x000002a06c32b200, 0x000002a06d2c1250, 0x000002a052964100,
0x000002a06d78a6e0, 0x000002a06d78a050, 0x000002a06d78ad70, 0x000002a06d789330,
0x000002a06d7899c0, 0x000002a06d78c120, 0x000002a06d2d3bd0, 0x000002a06d2ce680
}

Java Threads: ( => current thread )
  0x000002a03c5127f0 JavaThread "main"                              [_thread_blocked, id=58436, stack(0x000000b778000000,0x000000b778100000) (1024K)]
  0x000002a0523354a0 JavaThread "Reference Handler"          daemon [_thread_blocked, id=46328, stack(0x000000b778800000,0x000000b778900000) (1024K)]
  0x000002a052336820 JavaThread "Finalizer"                  daemon [_thread_blocked, id=54764, stack(0x000000b778900000,0x000000b778a00000) (1024K)]
  0x000002a052339600 JavaThread "Signal Dispatcher"          daemon [_thread_blocked, id=34340, stack(0x000000b778a00000,0x000000b778b00000) (1024K)]
  0x000002a05233c070 JavaThread "Attach Listener"            daemon [_thread_blocked, id=55644, stack(0x000000b778b00000,0x000000b778c00000) (1024K)]
  0x000002a05233cad0 JavaThread "Service Thread"             daemon [_thread_blocked, id=50284, stack(0x000000b778c00000,0x000000b778d00000) (1024K)]
  0x000002a05233d530 JavaThread "Monitor Deflation Thread"   daemon [_thread_blocked, id=53512, stack(0x000000b778d00000,0x000000b778e00000) (1024K)]
  0x000002a05233e2c0 JavaThread "C2 CompilerThread0"         daemon [_thread_blocked, id=52368, stack(0x000000b778e00000,0x000000b778f00000) (1024K)]
  0x000002a052344090 JavaThread "C1 CompilerThread0"         daemon [_thread_blocked, id=60256, stack(0x000000b778f00000,0x000000b779000000) (1024K)]
  0x000002a0525b6d80 JavaThread "Common-Cleaner"             daemon [_thread_blocked, id=59668, stack(0x000000b779000000,0x000000b779100000) (1024K)]
  0x000002a052610550 JavaThread "Notification Thread"        daemon [_thread_blocked, id=58144, stack(0x000000b779100000,0x000000b779200000) (1024K)]
  0x000002a06c46f570 JavaThread "Daemon health stats"               [_thread_blocked, id=59880, stack(0x000000b779700000,0x000000b779800000) (1024K)]
  0x000002a06d2ed240 JavaThread "Incoming local TCP Connector on port 50883"        [_thread_in_native, id=58112, stack(0x000000b779800000,0x000000b779900000) (1024K)]
  0x000002a06c32b200 JavaThread "Daemon periodic checks"            [_thread_blocked, id=53680, stack(0x000000b779900000,0x000000b779a00000) (1024K)]
  0x000002a06d2c1250 JavaThread "Daemon"                            [_thread_blocked, id=61044, stack(0x000000b779a00000,0x000000b779b00000) (1024K)]
=>0x000002a052964100 JavaThread "Daemon worker"                     [_thread_in_vm, id=57132, stack(0x000000b779d00000,0x000000b779e00000) (1024K)]
  0x000002a06d78a6e0 JavaThread "Handler for socket connection from /127.0.0.1:50883 to /127.0.0.1:50912"        [_thread_in_native, id=60352, stack(0x000000b779b00000,0x000000b779c00000) (1024K)]
  0x000002a06d78a050 JavaThread "Daemon Thread 2"                   [_thread_blocked, id=57112, stack(0x000000b779c00000,0x000000b779d00000) (1024K)]
  0x000002a06d78ad70 JavaThread "Daemon Thread 3"                   [_thread_blocked, id=52476, stack(0x000000b779e00000,0x000000b779f00000) (1024K)]
  0x000002a06d789330 JavaThread "Cancel handler"                    [_thread_blocked, id=60764, stack(0x000000b779f00000,0x000000b77a000000) (1024K)]
  0x000002a06d7899c0 JavaThread "Daemon Thread 4"                   [_thread_blocked, id=51972, stack(0x000000b77a000000,0x000000b77a100000) (1024K)]
  0x000002a06d78c120 JavaThread "Asynchronous log dispatcher for DefaultDaemonConnection: socket connection from /127.0.0.1:50883 to /127.0.0.1:50912"        [_thread_blocked, id=60008, stack(0x000000b77a400000,0x000000b77a500000) (1024K)]
  0x000002a06d2d3bd0 JavaThread "Stdin handler"                     [_thread_blocked, id=57412, stack(0x000000b77a500000,0x000000b77a600000) (1024K)]
  0x000002a06d2ce680 JavaThread "Daemon client event forwarder"        [_thread_blocked, id=60808, stack(0x000000b77a600000,0x000000b77a700000) (1024K)]
Total: 24

Other Threads:
  0x000002a05231f300 VMThread "VM Thread"                           [id=54108, stack(0x000000b778700000,0x000000b778800000) (1024K)]
  0x000002a05230e140 WatcherThread "VM Periodic Task Thread"        [id=55512, stack(0x000000b778600000,0x000000b778700000) (1024K)]
  0x000002a03c53e2d0 WorkerThread "GC Thread#0"                     [id=59840, stack(0x000000b778100000,0x000000b778200000) (1024K)]
  0x000002a06c022750 WorkerThread "GC Thread#1"                     [id=57712, stack(0x000000b779200000,0x000000b779300000) (1024K)]
  0x000002a06c022b00 WorkerThread "GC Thread#2"                     [id=58416, stack(0x000000b779300000,0x000000b779400000) (1024K)]
  0x000002a06c022eb0 WorkerThread "GC Thread#3"                     [id=57888, stack(0x000000b779400000,0x000000b779500000) (1024K)]
  0x000002a06c13a420 WorkerThread "GC Thread#4"                     [id=58516, stack(0x000000b779500000,0x000000b779600000) (1024K)]
  0x000002a06c13a7d0 WorkerThread "GC Thread#5"                     [id=55324, stack(0x000000b779600000,0x000000b779700000) (1024K)]
  0x000002a03c5456e0 ConcurrentGCThread "G1 Main Marker"            [id=59068, stack(0x000000b778200000,0x000000b778300000) (1024K)]
  0x000002a03c5463a0 WorkerThread "G1 Conc#0"                       [id=56024, stack(0x000000b778300000,0x000000b778400000) (1024K)]
  0x000002a03c5ce920 ConcurrentGCThread "G1 Refine#0"               [id=57628, stack(0x000000b778400000,0x000000b778500000) (1024K)]
  0x000002a0521e07a0 ConcurrentGCThread "G1 Service"                [id=59988, stack(0x000000b778500000,0x000000b778600000) (1024K)]
Total: 12

Threads with active compile tasks:
Total: 0

VM state: not at safepoint (normal execution)

VM Mutex/Monitor currently owned by a thread:  ([mutex/lock_event])
[0x00007ffdc882d530] Metaspace_lock - owner thread: 0x000002a052964100

Heap address: 0x00000000e0000000, size: 512 MB, Compressed Oops mode: 32-bit

CDS archive(s) mapped at: [0x000002a053000000-0x000002a053ba0000-0x000002a053ba0000), size 12189696, SharedBaseAddress: 0x000002a053000000, ArchiveRelocationMode: 1.
Compressed class space mapped at: 0x000002a054000000-0x000002a068000000, reserved size: 335544320
Narrow klass base: 0x000002a053000000, Narrow klass shift: 0, Narrow klass range: 0x100000000

GC Precious Log:
 CardTable entry size: 512
 Card Set container configuration: InlinePtr #cards 5 size 8 Array Of Cards #cards 12 size 40 Howl #buckets 4 coarsen threshold 1843 Howl Bitmap #cards 512 size 80 coarsen threshold 460 Card regions per heap region 1 cards per card region 2048
 CPUs: 12 total, 12 available
 Memory: 7514M
 Large Page Support: Disabled
 NUMA Support: Disabled
 Compressed Oops: Enabled (32-bit)
 Heap Region Size: 1M
 Heap Min Capacity: 256M
 Heap Initial Capacity: 256M
 Heap Max Capacity: 512M
 Pre-touch: Disabled
 Parallel Workers: 10
 Concurrent Workers: 3
 Concurrent Refinement Workers: 10
 Periodic GC: Disabled

Heap:
 garbage-first heap   total 262144K, used 77593K [0x00000000e0000000, 0x0000000100000000)
  region size 1024K, 65 young (66560K), 3 survivors (3072K)
 Metaspace       used 12630K, committed 13056K, reserved 393216K
  class space    used 1684K, committed 1920K, reserved 327680K

Heap Regions: E=young(eden), S=young(survivor), O=old, HS=humongous(starts), HC=humongous(continues), CS=collection set, F=free, TAMS=top-at-mark-start, PB=parsable bottom
|   0|0x00000000e0000000, 0x00000000e0100000, 0x00000000e0100000|100%|HS|  |TAMS 0x00000000e0000000| PB 0x00000000e0000000| Complete 
|   1|0x00000000e0100000, 0x00000000e0200000, 0x00000000e0200000|100%|HC|  |TAMS 0x00000000e0100000| PB 0x00000000e0100000| Complete 
|   2|0x00000000e0200000, 0x00000000e0300000, 0x00000000e0300000|100%|HC|  |TAMS 0x00000000e0200000| PB 0x00000000e0200000| Complete 
|   3|0x00000000e0300000, 0x00000000e0400000, 0x00000000e0400000|100%|HC|  |TAMS 0x00000000e0300000| PB 0x00000000e0300000| Complete 
|   4|0x00000000e0400000, 0x00000000e0500000, 0x00000000e0500000|100%| O|  |TAMS 0x00000000e0400000| PB 0x00000000e0400000| Untracked 
|   5|0x00000000e0500000, 0x00000000e0600000, 0x00000000e0600000|100%| O|  |TAMS 0x00000000e0500000| PB 0x00000000e0500000| Untracked 
|   6|0x00000000e0600000, 0x00000000e0700000, 0x00000000e0700000|100%| O|  |TAMS 0x00000000e0600000| PB 0x00000000e0600000| Untracked 
|   7|0x00000000e0700000, 0x00000000e0800000, 0x00000000e0800000|100%| O|  |TAMS 0x00000000e0700000| PB 0x00000000e0700000| Untracked 
|   8|0x00000000e0800000, 0x00000000e0900000, 0x00000000e0900000|100%|HS|  |TAMS 0x00000000e0800000| PB 0x00000000e0800000| Complete 
|   9|0x00000000e0900000, 0x00000000e0900000, 0x00000000e0a00000|  0%| F|  |TAMS 0x00000000e0900000| PB 0x00000000e0900000| Untracked 
|  10|0x00000000e0a00000, 0x00000000e0b00000, 0x00000000e0b00000|100%| O|  |TAMS 0x00000000e0a00000| PB 0x00000000e0a00000| Untracked 
|  11|0x00000000e0b00000, 0x00000000e0c00000, 0x00000000e0c00000|100%| O|  |TAMS 0x00000000e0b00000| PB 0x00000000e0b00000| Untracked 
|  12|0x00000000e0c00000, 0x00000000e0ccaf40, 0x00000000e0d00000| 79%| O|  |TAMS 0x00000000e0c00000| PB 0x00000000e0c00000| Untracked 
|  13|0x00000000e0d00000, 0x00000000e0d00000, 0x00000000e0e00000|  0%| F|  |TAMS 0x00000000e0d00000| PB 0x00000000e0d00000| Untracked 
|  14|0x00000000e0e00000, 0x00000000e0e00000, 0x00000000e0f00000|  0%| F|  |TAMS 0x00000000e0e00000| PB 0x00000000e0e00000| Untracked 
|  15|0x00000000e0f00000, 0x00000000e0f00000, 0x00000000e1000000|  0%| F|  |TAMS 0x00000000e0f00000| PB 0x00000000e0f00000| Untracked 
|  16|0x00000000e1000000, 0x00000000e1000000, 0x00000000e1100000|  0%| F|  |TAMS 0x00000000e1000000| PB 0x00000000e1000000| Untracked 
|  17|0x00000000e1100000, 0x00000000e1100000, 0x00000000e1200000|  0%| F|  |TAMS 0x00000000e1100000| PB 0x00000000e1100000| Untracked 
|  18|0x00000000e1200000, 0x00000000e1200000, 0x00000000e1300000|  0%| F|  |TAMS 0x00000000e1200000| PB 0x00000000e1200000| Untracked 
|  19|0x00000000e1300000, 0x00000000e1300000, 0x00000000e1400000|  0%| F|  |TAMS 0x00000000e1300000| PB 0x00000000e1300000| Untracked 
|  20|0x00000000e1400000, 0x00000000e1400000, 0x00000000e1500000|  0%| F|  |TAMS 0x00000000e1400000| PB 0x00000000e1400000| Untracked 
|  21|0x00000000e1500000, 0x00000000e1500000, 0x00000000e1600000|  0%| F|  |TAMS 0x00000000e1500000| PB 0x00000000e1500000| Untracked 
|  22|0x00000000e1600000, 0x00000000e1600000, 0x00000000e1700000|  0%| F|  |TAMS 0x00000000e1600000| PB 0x00000000e1600000| Untracked 
|  23|0x00000000e1700000, 0x00000000e1700000, 0x00000000e1800000|  0%| F|  |TAMS 0x00000000e1700000| PB 0x00000000e1700000| Untracked 
|  24|0x00000000e1800000, 0x00000000e1800000, 0x00000000e1900000|  0%| F|  |TAMS 0x00000000e1800000| PB 0x00000000e1800000| Untracked 
|  25|0x00000000e1900000, 0x00000000e1900000, 0x00000000e1a00000|  0%| F|  |TAMS 0x00000000e1900000| PB 0x00000000e1900000| Untracked 
|  26|0x00000000e1a00000, 0x00000000e1a00000, 0x00000000e1b00000|  0%| F|  |TAMS 0x00000000e1a00000| PB 0x00000000e1a00000| Untracked 
|  27|0x00000000e1b00000, 0x00000000e1b00000, 0x00000000e1c00000|  0%| F|  |TAMS 0x00000000e1b00000| PB 0x00000000e1b00000| Untracked 
|  28|0x00000000e1c00000, 0x00000000e1c00000, 0x00000000e1d00000|  0%| F|  |TAMS 0x00000000e1c00000| PB 0x00000000e1c00000| Untracked 
|  29|0x00000000e1d00000, 0x00000000e1d00000, 0x00000000e1e00000|  0%| F|  |TAMS 0x00000000e1d00000| PB 0x00000000e1d00000| Untracked 
|  30|0x00000000e1e00000, 0x00000000e1e00000, 0x00000000e1f00000|  0%| F|  |TAMS 0x00000000e1e00000| PB 0x00000000e1e00000| Untracked 
|  31|0x00000000e1f00000, 0x00000000e1f00000, 0x00000000e2000000|  0%| F|  |TAMS 0x00000000e1f00000| PB 0x00000000e1f00000| Untracked 
|  32|0x00000000e2000000, 0x00000000e2000000, 0x00000000e2100000|  0%| F|  |TAMS 0x00000000e2000000| PB 0x00000000e2000000| Untracked 
|  33|0x00000000e2100000, 0x00000000e2100000, 0x00000000e2200000|  0%| F|  |TAMS 0x00000000e2100000| PB 0x00000000e2100000| Untracked 
|  34|0x00000000e2200000, 0x00000000e2200000, 0x00000000e2300000|  0%| F|  |TAMS 0x00000000e2200000| PB 0x00000000e2200000| Untracked 
|  35|0x00000000e2300000, 0x00000000e2300000, 0x00000000e2400000|  0%| F|  |TAMS 0x00000000e2300000| PB 0x00000000e2300000| Untracked 
|  36|0x00000000e2400000, 0x00000000e2400000, 0x00000000e2500000|  0%| F|  |TAMS 0x00000000e2400000| PB 0x00000000e2400000| Untracked 
|  37|0x00000000e2500000, 0x00000000e2500000, 0x00000000e2600000|  0%| F|  |TAMS 0x00000000e2500000| PB 0x00000000e2500000| Untracked 
|  38|0x00000000e2600000, 0x00000000e2600000, 0x00000000e2700000|  0%| F|  |TAMS 0x00000000e2600000| PB 0x00000000e2600000| Untracked 
|  39|0x00000000e2700000, 0x00000000e2700000, 0x00000000e2800000|  0%| F|  |TAMS 0x00000000e2700000| PB 0x00000000e2700000| Untracked 
|  40|0x00000000e2800000, 0x00000000e2800000, 0x00000000e2900000|  0%| F|  |TAMS 0x00000000e2800000| PB 0x00000000e2800000| Untracked 
|  41|0x00000000e2900000, 0x00000000e2900000, 0x00000000e2a00000|  0%| F|  |TAMS 0x00000000e2900000| PB 0x00000000e2900000| Untracked 
|  42|0x00000000e2a00000, 0x00000000e2a00000, 0x00000000e2b00000|  0%| F|  |TAMS 0x00000000e2a00000| PB 0x00000000e2a00000| Untracked 
|  43|0x00000000e2b00000, 0x00000000e2b00000, 0x00000000e2c00000|  0%| F|  |TAMS 0x00000000e2b00000| PB 0x00000000e2b00000| Untracked 
|  44|0x00000000e2c00000, 0x00000000e2c00000, 0x00000000e2d00000|  0%| F|  |TAMS 0x00000000e2c00000| PB 0x00000000e2c00000| Untracked 
|  45|0x00000000e2d00000, 0x00000000e2d00000, 0x00000000e2e00000|  0%| F|  |TAMS 0x00000000e2d00000| PB 0x00000000e2d00000| Untracked 
|  46|0x00000000e2e00000, 0x00000000e2e00000, 0x00000000e2f00000|  0%| F|  |TAMS 0x00000000e2e00000| PB 0x00000000e2e00000| Untracked 
|  47|0x00000000e2f00000, 0x00000000e2f00000, 0x00000000e3000000|  0%| F|  |TAMS 0x00000000e2f00000| PB 0x00000000e2f00000| Untracked 
|  48|0x00000000e3000000, 0x00000000e3000000, 0x00000000e3100000|  0%| F|  |TAMS 0x00000000e3000000| PB 0x00000000e3000000| Untracked 
|  49|0x00000000e3100000, 0x00000000e3100000, 0x00000000e3200000|  0%| F|  |TAMS 0x00000000e3100000| PB 0x00000000e3100000| Untracked 
|  50|0x00000000e3200000, 0x00000000e3200000, 0x00000000e3300000|  0%| F|  |TAMS 0x00000000e3200000| PB 0x00000000e3200000| Untracked 
|  51|0x00000000e3300000, 0x00000000e3300000, 0x00000000e3400000|  0%| F|  |TAMS 0x00000000e3300000| PB 0x00000000e3300000| Untracked 
|  52|0x00000000e3400000, 0x00000000e3400000, 0x00000000e3500000|  0%| F|  |TAMS 0x00000000e3400000| PB 0x00000000e3400000| Untracked 
|  53|0x00000000e3500000, 0x00000000e3500000, 0x00000000e3600000|  0%| F|  |TAMS 0x00000000e3500000| PB 0x00000000e3500000| Untracked 
|  54|0x00000000e3600000, 0x00000000e3600000, 0x00000000e3700000|  0%| F|  |TAMS 0x00000000e3600000| PB 0x00000000e3600000| Untracked 
|  55|0x00000000e3700000, 0x00000000e3700000, 0x00000000e3800000|  0%| F|  |TAMS 0x00000000e3700000| PB 0x00000000e3700000| Untracked 
|  56|0x00000000e3800000, 0x00000000e3800000, 0x00000000e3900000|  0%| F|  |TAMS 0x00000000e3800000| PB 0x00000000e3800000| Untracked 
|  57|0x00000000e3900000, 0x00000000e3900000, 0x00000000e3a00000|  0%| F|  |TAMS 0x00000000e3900000| PB 0x00000000e3900000| Untracked 
|  58|0x00000000e3a00000, 0x00000000e3a00000, 0x00000000e3b00000|  0%| F|  |TAMS 0x00000000e3a00000| PB 0x00000000e3a00000| Untracked 
|  59|0x00000000e3b00000, 0x00000000e3b00000, 0x00000000e3c00000|  0%| F|  |TAMS 0x00000000e3b00000| PB 0x00000000e3b00000| Untracked 
|  60|0x00000000e3c00000, 0x00000000e3c00000, 0x00000000e3d00000|  0%| F|  |TAMS 0x00000000e3c00000| PB 0x00000000e3c00000| Untracked 
|  61|0x00000000e3d00000, 0x00000000e3d00000, 0x00000000e3e00000|  0%| F|  |TAMS 0x00000000e3d00000| PB 0x00000000e3d00000| Untracked 
|  62|0x00000000e3e00000, 0x00000000e3e00000, 0x00000000e3f00000|  0%| F|  |TAMS 0x00000000e3e00000| PB 0x00000000e3e00000| Untracked 
|  63|0x00000000e3f00000, 0x00000000e3f00000, 0x00000000e4000000|  0%| F|  |TAMS 0x00000000e3f00000| PB 0x00000000e3f00000| Untracked 
|  64|0x00000000e4000000, 0x00000000e4000000, 0x00000000e4100000|  0%| F|  |TAMS 0x00000000e4000000| PB 0x00000000e4000000| Untracked 
|  65|0x00000000e4100000, 0x00000000e4100000, 0x00000000e4200000|  0%| F|  |TAMS 0x00000000e4100000| PB 0x00000000e4100000| Untracked 
|  66|0x00000000e4200000, 0x00000000e4200000, 0x00000000e4300000|  0%| F|  |TAMS 0x00000000e4200000| PB 0x00000000e4200000| Untracked 
|  67|0x00000000e4300000, 0x00000000e4300000, 0x00000000e4400000|  0%| F|  |TAMS 0x00000000e4300000| PB 0x00000000e4300000| Untracked 
|  68|0x00000000e4400000, 0x00000000e4400000, 0x00000000e4500000|  0%| F|  |TAMS 0x00000000e4400000| PB 0x00000000e4400000| Untracked 
|  69|0x00000000e4500000, 0x00000000e4500000, 0x00000000e4600000|  0%| F|  |TAMS 0x00000000e4500000| PB 0x00000000e4500000| Untracked 
|  70|0x00000000e4600000, 0x00000000e4600000, 0x00000000e4700000|  0%| F|  |TAMS 0x00000000e4600000| PB 0x00000000e4600000| Untracked 
|  71|0x00000000e4700000, 0x00000000e4700000, 0x00000000e4800000|  0%| F|  |TAMS 0x00000000e4700000| PB 0x00000000e4700000| Untracked 
|  72|0x00000000e4800000, 0x00000000e4800000, 0x00000000e4900000|  0%| F|  |TAMS 0x00000000e4800000| PB 0x00000000e4800000| Untracked 
|  73|0x00000000e4900000, 0x00000000e4900000, 0x00000000e4a00000|  0%| F|  |TAMS 0x00000000e4900000| PB 0x00000000e4900000| Untracked 
|  74|0x00000000e4a00000, 0x00000000e4a00000, 0x00000000e4b00000|  0%| F|  |TAMS 0x00000000e4a00000| PB 0x00000000e4a00000| Untracked 
|  75|0x00000000e4b00000, 0x00000000e4b00000, 0x00000000e4c00000|  0%| F|  |TAMS 0x00000000e4b00000| PB 0x00000000e4b00000| Untracked 
|  76|0x00000000e4c00000, 0x00000000e4c00000, 0x00000000e4d00000|  0%| F|  |TAMS 0x00000000e4c00000| PB 0x00000000e4c00000| Untracked 
|  77|0x00000000e4d00000, 0x00000000e4d00000, 0x00000000e4e00000|  0%| F|  |TAMS 0x00000000e4d00000| PB 0x00000000e4d00000| Untracked 
|  78|0x00000000e4e00000, 0x00000000e4e00000, 0x00000000e4f00000|  0%| F|  |TAMS 0x00000000e4e00000| PB 0x00000000e4e00000| Untracked 
|  79|0x00000000e4f00000, 0x00000000e4f00000, 0x00000000e5000000|  0%| F|  |TAMS 0x00000000e4f00000| PB 0x00000000e4f00000| Untracked 
|  80|0x00000000e5000000, 0x00000000e5000000, 0x00000000e5100000|  0%| F|  |TAMS 0x00000000e5000000| PB 0x00000000e5000000| Untracked 
|  81|0x00000000e5100000, 0x00000000e5100000, 0x00000000e5200000|  0%| F|  |TAMS 0x00000000e5100000| PB 0x00000000e5100000| Untracked 
|  82|0x00000000e5200000, 0x00000000e5200000, 0x00000000e5300000|  0%| F|  |TAMS 0x00000000e5200000| PB 0x00000000e5200000| Untracked 
|  83|0x00000000e5300000, 0x00000000e5300000, 0x00000000e5400000|  0%| F|  |TAMS 0x00000000e5300000| PB 0x00000000e5300000| Untracked 
|  84|0x00000000e5400000, 0x00000000e5400000, 0x00000000e5500000|  0%| F|  |TAMS 0x00000000e5400000| PB 0x00000000e5400000| Untracked 
|  85|0x00000000e5500000, 0x00000000e5500000, 0x00000000e5600000|  0%| F|  |TAMS 0x00000000e5500000| PB 0x00000000e5500000| Untracked 
|  86|0x00000000e5600000, 0x00000000e5600000, 0x00000000e5700000|  0%| F|  |TAMS 0x00000000e5600000| PB 0x00000000e5600000| Untracked 
|  87|0x00000000e5700000, 0x00000000e5700000, 0x00000000e5800000|  0%| F|  |TAMS 0x00000000e5700000| PB 0x00000000e5700000| Untracked 
|  88|0x00000000e5800000, 0x00000000e5800000, 0x00000000e5900000|  0%| F|  |TAMS 0x00000000e5800000| PB 0x00000000e5800000| Untracked 
|  89|0x00000000e5900000, 0x00000000e5900000, 0x00000000e5a00000|  0%| F|  |TAMS 0x00000000e5900000| PB 0x00000000e5900000| Untracked 
|  90|0x00000000e5a00000, 0x00000000e5a00000, 0x00000000e5b00000|  0%| F|  |TAMS 0x00000000e5a00000| PB 0x00000000e5a00000| Untracked 
|  91|0x00000000e5b00000, 0x00000000e5b00000, 0x00000000e5c00000|  0%| F|  |TAMS 0x00000000e5b00000| PB 0x00000000e5b00000| Untracked 
|  92|0x00000000e5c00000, 0x00000000e5c00000, 0x00000000e5d00000|  0%| F|  |TAMS 0x00000000e5c00000| PB 0x00000000e5c00000| Untracked 
|  93|0x00000000e5d00000, 0x00000000e5d00000, 0x00000000e5e00000|  0%| F|  |TAMS 0x00000000e5d00000| PB 0x00000000e5d00000| Untracked 
|  94|0x00000000e5e00000, 0x00000000e5e00000, 0x00000000e5f00000|  0%| F|  |TAMS 0x00000000e5e00000| PB 0x00000000e5e00000| Untracked 
|  95|0x00000000e5f00000, 0x00000000e5f00000, 0x00000000e6000000|  0%| F|  |TAMS 0x00000000e5f00000| PB 0x00000000e5f00000| Untracked 
|  96|0x00000000e6000000, 0x00000000e6000000, 0x00000000e6100000|  0%| F|  |TAMS 0x00000000e6000000| PB 0x00000000e6000000| Untracked 
|  97|0x00000000e6100000, 0x00000000e6100000, 0x00000000e6200000|  0%| F|  |TAMS 0x00000000e6100000| PB 0x00000000e6100000| Untracked 
|  98|0x00000000e6200000, 0x00000000e6200000, 0x00000000e6300000|  0%| F|  |TAMS 0x00000000e6200000| PB 0x00000000e6200000| Untracked 
|  99|0x00000000e6300000, 0x00000000e6300000, 0x00000000e6400000|  0%| F|  |TAMS 0x00000000e6300000| PB 0x00000000e6300000| Untracked 
| 100|0x00000000e6400000, 0x00000000e6400000, 0x00000000e6500000|  0%| F|  |TAMS 0x00000000e6400000| PB 0x00000000e6400000| Untracked 
| 101|0x00000000e6500000, 0x00000000e6500000, 0x00000000e6600000|  0%| F|  |TAMS 0x00000000e6500000| PB 0x00000000e6500000| Untracked 
| 102|0x00000000e6600000, 0x00000000e6600000, 0x00000000e6700000|  0%| F|  |TAMS 0x00000000e6600000| PB 0x00000000e6600000| Untracked 
| 103|0x00000000e6700000, 0x00000000e6700000, 0x00000000e6800000|  0%| F|  |TAMS 0x00000000e6700000| PB 0x00000000e6700000| Untracked 
| 104|0x00000000e6800000, 0x00000000e6800000, 0x00000000e6900000|  0%| F|  |TAMS 0x00000000e6800000| PB 0x00000000e6800000| Untracked 
| 105|0x00000000e6900000, 0x00000000e6900000, 0x00000000e6a00000|  0%| F|  |TAMS 0x00000000e6900000| PB 0x00000000e6900000| Untracked 
| 106|0x00000000e6a00000, 0x00000000e6a00000, 0x00000000e6b00000|  0%| F|  |TAMS 0x00000000e6a00000| PB 0x00000000e6a00000| Untracked 
| 107|0x00000000e6b00000, 0x00000000e6b00000, 0x00000000e6c00000|  0%| F|  |TAMS 0x00000000e6b00000| PB 0x00000000e6b00000| Untracked 
| 108|0x00000000e6c00000, 0x00000000e6c00000, 0x00000000e6d00000|  0%| F|  |TAMS 0x00000000e6c00000| PB 0x00000000e6c00000| Untracked 
| 109|0x00000000e6d00000, 0x00000000e6d00000, 0x00000000e6e00000|  0%| F|  |TAMS 0x00000000e6d00000| PB 0x00000000e6d00000| Untracked 
| 110|0x00000000e6e00000, 0x00000000e6e00000, 0x00000000e6f00000|  0%| F|  |TAMS 0x00000000e6e00000| PB 0x00000000e6e00000| Untracked 
| 111|0x00000000e6f00000, 0x00000000e6f00000, 0x00000000e7000000|  0%| F|  |TAMS 0x00000000e6f00000| PB 0x00000000e6f00000| Untracked 
| 112|0x00000000e7000000, 0x00000000e7000000, 0x00000000e7100000|  0%| F|  |TAMS 0x00000000e7000000| PB 0x00000000e7000000| Untracked 
| 113|0x00000000e7100000, 0x00000000e7100000, 0x00000000e7200000|  0%| F|  |TAMS 0x00000000e7100000| PB 0x00000000e7100000| Untracked 
| 114|0x00000000e7200000, 0x00000000e7200000, 0x00000000e7300000|  0%| F|  |TAMS 0x00000000e7200000| PB 0x00000000e7200000| Untracked 
| 115|0x00000000e7300000, 0x00000000e7300000, 0x00000000e7400000|  0%| F|  |TAMS 0x00000000e7300000| PB 0x00000000e7300000| Untracked 
| 116|0x00000000e7400000, 0x00000000e7400000, 0x00000000e7500000|  0%| F|  |TAMS 0x00000000e7400000| PB 0x00000000e7400000| Untracked 
| 117|0x00000000e7500000, 0x00000000e7500000, 0x00000000e7600000|  0%| F|  |TAMS 0x00000000e7500000| PB 0x00000000e7500000| Untracked 
| 118|0x00000000e7600000, 0x00000000e7600000, 0x00000000e7700000|  0%| F|  |TAMS 0x00000000e7600000| PB 0x00000000e7600000| Untracked 
| 119|0x00000000e7700000, 0x00000000e7700000, 0x00000000e7800000|  0%| F|  |TAMS 0x00000000e7700000| PB 0x00000000e7700000| Untracked 
| 120|0x00000000e7800000, 0x00000000e7800000, 0x00000000e7900000|  0%| F|  |TAMS 0x00000000e7800000| PB 0x00000000e7800000| Untracked 
| 121|0x00000000e7900000, 0x00000000e7900000, 0x00000000e7a00000|  0%| F|  |TAMS 0x00000000e7900000| PB 0x00000000e7900000| Untracked 
| 122|0x00000000e7a00000, 0x00000000e7a00000, 0x00000000e7b00000|  0%| F|  |TAMS 0x00000000e7a00000| PB 0x00000000e7a00000| Untracked 
| 123|0x00000000e7b00000, 0x00000000e7b00000, 0x00000000e7c00000|  0%| F|  |TAMS 0x00000000e7b00000| PB 0x00000000e7b00000| Untracked 
| 124|0x00000000e7c00000, 0x00000000e7c00000, 0x00000000e7d00000|  0%| F|  |TAMS 0x00000000e7c00000| PB 0x00000000e7c00000| Untracked 
| 125|0x00000000e7d00000, 0x00000000e7d00000, 0x00000000e7e00000|  0%| F|  |TAMS 0x00000000e7d00000| PB 0x00000000e7d00000| Untracked 
| 126|0x00000000e7e00000, 0x00000000e7e00000, 0x00000000e7f00000|  0%| F|  |TAMS 0x00000000e7e00000| PB 0x00000000e7e00000| Untracked 
| 127|0x00000000e7f00000, 0x00000000e7f00000, 0x00000000e8000000|  0%| F|  |TAMS 0x00000000e7f00000| PB 0x00000000e7f00000| Untracked 
| 128|0x00000000e8000000, 0x00000000e8000000, 0x00000000e8100000|  0%| F|  |TAMS 0x00000000e8000000| PB 0x00000000e8000000| Untracked 
| 129|0x00000000e8100000, 0x00000000e8100000, 0x00000000e8200000|  0%| F|  |TAMS 0x00000000e8100000| PB 0x00000000e8100000| Untracked 
| 130|0x00000000e8200000, 0x00000000e8200000, 0x00000000e8300000|  0%| F|  |TAMS 0x00000000e8200000| PB 0x00000000e8200000| Untracked 
| 131|0x00000000e8300000, 0x00000000e8300000, 0x00000000e8400000|  0%| F|  |TAMS 0x00000000e8300000| PB 0x00000000e8300000| Untracked 
| 132|0x00000000e8400000, 0x00000000e8400000, 0x00000000e8500000|  0%| F|  |TAMS 0x00000000e8400000| PB 0x00000000e8400000| Untracked 
| 133|0x00000000e8500000, 0x00000000e8500000, 0x00000000e8600000|  0%| F|  |TAMS 0x00000000e8500000| PB 0x00000000e8500000| Untracked 
| 134|0x00000000e8600000, 0x00000000e8600000, 0x00000000e8700000|  0%| F|  |TAMS 0x00000000e8600000| PB 0x00000000e8600000| Untracked 
| 135|0x00000000e8700000, 0x00000000e8700000, 0x00000000e8800000|  0%| F|  |TAMS 0x00000000e8700000| PB 0x00000000e8700000| Untracked 
| 136|0x00000000e8800000, 0x00000000e8800000, 0x00000000e8900000|  0%| F|  |TAMS 0x00000000e8800000| PB 0x00000000e8800000| Untracked 
| 137|0x00000000e8900000, 0x00000000e8900000, 0x00000000e8a00000|  0%| F|  |TAMS 0x00000000e8900000| PB 0x00000000e8900000| Untracked 
| 138|0x00000000e8a00000, 0x00000000e8a00000, 0x00000000e8b00000|  0%| F|  |TAMS 0x00000000e8a00000| PB 0x00000000e8a00000| Untracked 
| 139|0x00000000e8b00000, 0x00000000e8b00000, 0x00000000e8c00000|  0%| F|  |TAMS 0x00000000e8b00000| PB 0x00000000e8b00000| Untracked 
| 140|0x00000000e8c00000, 0x00000000e8c00000, 0x00000000e8d00000|  0%| F|  |TAMS 0x00000000e8c00000| PB 0x00000000e8c00000| Untracked 
| 141|0x00000000e8d00000, 0x00000000e8d00000, 0x00000000e8e00000|  0%| F|  |TAMS 0x00000000e8d00000| PB 0x00000000e8d00000| Untracked 
| 142|0x00000000e8e00000, 0x00000000e8e00000, 0x00000000e8f00000|  0%| F|  |TAMS 0x00000000e8e00000| PB 0x00000000e8e00000| Untracked 
| 143|0x00000000e8f00000, 0x00000000e8f00000, 0x00000000e9000000|  0%| F|  |TAMS 0x00000000e8f00000| PB 0x00000000e8f00000| Untracked 
| 144|0x00000000e9000000, 0x00000000e9000000, 0x00000000e9100000|  0%| F|  |TAMS 0x00000000e9000000| PB 0x00000000e9000000| Untracked 
| 145|0x00000000e9100000, 0x00000000e9100000, 0x00000000e9200000|  0%| F|  |TAMS 0x00000000e9100000| PB 0x00000000e9100000| Untracked 
| 146|0x00000000e9200000, 0x00000000e9200000, 0x00000000e9300000|  0%| F|  |TAMS 0x00000000e9200000| PB 0x00000000e9200000| Untracked 
| 147|0x00000000e9300000, 0x00000000e9300000, 0x00000000e9400000|  0%| F|  |TAMS 0x00000000e9300000| PB 0x00000000e9300000| Untracked 
| 148|0x00000000e9400000, 0x00000000e9400000, 0x00000000e9500000|  0%| F|  |TAMS 0x00000000e9400000| PB 0x00000000e9400000| Untracked 
| 149|0x00000000e9500000, 0x00000000e9500000, 0x00000000e9600000|  0%| F|  |TAMS 0x00000000e9500000| PB 0x00000000e9500000| Untracked 
| 150|0x00000000e9600000, 0x00000000e9600000, 0x00000000e9700000|  0%| F|  |TAMS 0x00000000e9600000| PB 0x00000000e9600000| Untracked 
| 151|0x00000000e9700000, 0x00000000e9700000, 0x00000000e9800000|  0%| F|  |TAMS 0x00000000e9700000| PB 0x00000000e9700000| Untracked 
| 152|0x00000000e9800000, 0x00000000e9800000, 0x00000000e9900000|  0%| F|  |TAMS 0x00000000e9800000| PB 0x00000000e9800000| Untracked 
| 153|0x00000000e9900000, 0x00000000e9900000, 0x00000000e9a00000|  0%| F|  |TAMS 0x00000000e9900000| PB 0x00000000e9900000| Untracked 
| 154|0x00000000e9a00000, 0x00000000e9a00000, 0x00000000e9b00000|  0%| F|  |TAMS 0x00000000e9a00000| PB 0x00000000e9a00000| Untracked 
| 155|0x00000000e9b00000, 0x00000000e9b00000, 0x00000000e9c00000|  0%| F|  |TAMS 0x00000000e9b00000| PB 0x00000000e9b00000| Untracked 
| 156|0x00000000e9c00000, 0x00000000e9c00000, 0x00000000e9d00000|  0%| F|  |TAMS 0x00000000e9c00000| PB 0x00000000e9c00000| Untracked 
| 157|0x00000000e9d00000, 0x00000000e9d00000, 0x00000000e9e00000|  0%| F|  |TAMS 0x00000000e9d00000| PB 0x00000000e9d00000| Untracked 
| 158|0x00000000e9e00000, 0x00000000e9e00000, 0x00000000e9f00000|  0%| F|  |TAMS 0x00000000e9e00000| PB 0x00000000e9e00000| Untracked 
| 159|0x00000000e9f00000, 0x00000000e9f00000, 0x00000000ea000000|  0%| F|  |TAMS 0x00000000e9f00000| PB 0x00000000e9f00000| Untracked 
| 160|0x00000000ea000000, 0x00000000ea000000, 0x00000000ea100000|  0%| F|  |TAMS 0x00000000ea000000| PB 0x00000000ea000000| Untracked 
| 161|0x00000000ea100000, 0x00000000ea100000, 0x00000000ea200000|  0%| F|  |TAMS 0x00000000ea100000| PB 0x00000000ea100000| Untracked 
| 162|0x00000000ea200000, 0x00000000ea200000, 0x00000000ea300000|  0%| F|  |TAMS 0x00000000ea200000| PB 0x00000000ea200000| Untracked 
| 163|0x00000000ea300000, 0x00000000ea300000, 0x00000000ea400000|  0%| F|  |TAMS 0x00000000ea300000| PB 0x00000000ea300000| Untracked 
| 164|0x00000000ea400000, 0x00000000ea400000, 0x00000000ea500000|  0%| F|  |TAMS 0x00000000ea400000| PB 0x00000000ea400000| Untracked 
| 165|0x00000000ea500000, 0x00000000ea500000, 0x00000000ea600000|  0%| F|  |TAMS 0x00000000ea500000| PB 0x00000000ea500000| Untracked 
| 166|0x00000000ea600000, 0x00000000ea600000, 0x00000000ea700000|  0%| F|  |TAMS 0x00000000ea600000| PB 0x00000000ea600000| Untracked 
| 167|0x00000000ea700000, 0x00000000ea700000, 0x00000000ea800000|  0%| F|  |TAMS 0x00000000ea700000| PB 0x00000000ea700000| Untracked 
| 168|0x00000000ea800000, 0x00000000ea800000, 0x00000000ea900000|  0%| F|  |TAMS 0x00000000ea800000| PB 0x00000000ea800000| Untracked 
| 169|0x00000000ea900000, 0x00000000ea900000, 0x00000000eaa00000|  0%| F|  |TAMS 0x00000000ea900000| PB 0x00000000ea900000| Untracked 
| 170|0x00000000eaa00000, 0x00000000eaa00000, 0x00000000eab00000|  0%| F|  |TAMS 0x00000000eaa00000| PB 0x00000000eaa00000| Untracked 
| 171|0x00000000eab00000, 0x00000000eab00000, 0x00000000eac00000|  0%| F|  |TAMS 0x00000000eab00000| PB 0x00000000eab00000| Untracked 
| 172|0x00000000eac00000, 0x00000000eac00000, 0x00000000ead00000|  0%| F|  |TAMS 0x00000000eac00000| PB 0x00000000eac00000| Untracked 
| 173|0x00000000ead00000, 0x00000000ead00000, 0x00000000eae00000|  0%| F|  |TAMS 0x00000000ead00000| PB 0x00000000ead00000| Untracked 
| 174|0x00000000eae00000, 0x00000000eae00000, 0x00000000eaf00000|  0%| F|  |TAMS 0x00000000eae00000| PB 0x00000000eae00000| Untracked 
| 175|0x00000000eaf00000, 0x00000000eaf00000, 0x00000000eb000000|  0%| F|  |TAMS 0x00000000eaf00000| PB 0x00000000eaf00000| Untracked 
| 176|0x00000000eb000000, 0x00000000eb000000, 0x00000000eb100000|  0%| F|  |TAMS 0x00000000eb000000| PB 0x00000000eb000000| Untracked 
| 177|0x00000000eb100000, 0x00000000eb100000, 0x00000000eb200000|  0%| F|  |TAMS 0x00000000eb100000| PB 0x00000000eb100000| Untracked 
| 178|0x00000000eb200000, 0x00000000eb200000, 0x00000000eb300000|  0%| F|  |TAMS 0x00000000eb200000| PB 0x00000000eb200000| Untracked 
| 179|0x00000000eb300000, 0x00000000eb300000, 0x00000000eb400000|  0%| F|  |TAMS 0x00000000eb300000| PB 0x00000000eb300000| Untracked 
| 180|0x00000000eb400000, 0x00000000eb400000, 0x00000000eb500000|  0%| F|  |TAMS 0x00000000eb400000| PB 0x00000000eb400000| Untracked 
| 181|0x00000000eb500000, 0x00000000eb500000, 0x00000000eb600000|  0%| F|  |TAMS 0x00000000eb500000| PB 0x00000000eb500000| Untracked 
| 182|0x00000000eb600000, 0x00000000eb600000, 0x00000000eb700000|  0%| F|  |TAMS 0x00000000eb600000| PB 0x00000000eb600000| Untracked 
| 183|0x00000000eb700000, 0x00000000eb700000, 0x00000000eb800000|  0%| F|  |TAMS 0x00000000eb700000| PB 0x00000000eb700000| Untracked 
| 184|0x00000000eb800000, 0x00000000eb800000, 0x00000000eb900000|  0%| F|  |TAMS 0x00000000eb800000| PB 0x00000000eb800000| Untracked 
| 185|0x00000000eb900000, 0x00000000eb900000, 0x00000000eba00000|  0%| F|  |TAMS 0x00000000eb900000| PB 0x00000000eb900000| Untracked 
| 186|0x00000000eba00000, 0x00000000eba00000, 0x00000000ebb00000|  0%| F|  |TAMS 0x00000000eba00000| PB 0x00000000eba00000| Untracked 
| 187|0x00000000ebb00000, 0x00000000ebb00000, 0x00000000ebc00000|  0%| F|  |TAMS 0x00000000ebb00000| PB 0x00000000ebb00000| Untracked 
| 188|0x00000000ebc00000, 0x00000000ebc00000, 0x00000000ebd00000|  0%| F|  |TAMS 0x00000000ebc00000| PB 0x00000000ebc00000| Untracked 
| 189|0x00000000ebd00000, 0x00000000ebd00000, 0x00000000ebe00000|  0%| F|  |TAMS 0x00000000ebd00000| PB 0x00000000ebd00000| Untracked 
| 190|0x00000000ebe00000, 0x00000000ebe00000, 0x00000000ebf00000|  0%| F|  |TAMS 0x00000000ebe00000| PB 0x00000000ebe00000| Untracked 
| 191|0x00000000ebf00000, 0x00000000ec000000, 0x00000000ec000000|100%| E|  |TAMS 0x00000000ebf00000| PB 0x00000000ebf00000| Complete 
| 192|0x00000000ec000000, 0x00000000ec100000, 0x00000000ec100000|100%| E|CS|TAMS 0x00000000ec000000| PB 0x00000000ec000000| Complete 
| 193|0x00000000ec100000, 0x00000000ec200000, 0x00000000ec200000|100%| E|CS|TAMS 0x00000000ec100000| PB 0x00000000ec100000| Complete 
| 194|0x00000000ec200000, 0x00000000ec300000, 0x00000000ec300000|100%| E|CS|TAMS 0x00000000ec200000| PB 0x00000000ec200000| Complete 
| 195|0x00000000ec300000, 0x00000000ec400000, 0x00000000ec400000|100%| E|CS|TAMS 0x00000000ec300000| PB 0x00000000ec300000| Complete 
| 196|0x00000000ec400000, 0x00000000ec500000, 0x00000000ec500000|100%| E|CS|TAMS 0x00000000ec400000| PB 0x00000000ec400000| Complete 
| 197|0x00000000ec500000, 0x00000000ec600000, 0x00000000ec600000|100%| E|CS|TAMS 0x00000000ec500000| PB 0x00000000ec500000| Complete 
| 198|0x00000000ec600000, 0x00000000ec700000, 0x00000000ec700000|100%| E|CS|TAMS 0x00000000ec600000| PB 0x00000000ec600000| Complete 
| 199|0x00000000ec700000, 0x00000000ec800000, 0x00000000ec800000|100%| E|CS|TAMS 0x00000000ec700000| PB 0x00000000ec700000| Complete 
| 200|0x00000000ec800000, 0x00000000ec900000, 0x00000000ec900000|100%| E|CS|TAMS 0x00000000ec800000| PB 0x00000000ec800000| Complete 
| 201|0x00000000ec900000, 0x00000000eca00000, 0x00000000eca00000|100%| E|CS|TAMS 0x00000000ec900000| PB 0x00000000ec900000| Complete 
| 202|0x00000000eca00000, 0x00000000ecb00000, 0x00000000ecb00000|100%| E|CS|TAMS 0x00000000eca00000| PB 0x00000000eca00000| Complete 
| 203|0x00000000ecb00000, 0x00000000ecc00000, 0x00000000ecc00000|100%| E|CS|TAMS 0x00000000ecb00000| PB 0x00000000ecb00000| Complete 
| 204|0x00000000ecc00000, 0x00000000ecd00000, 0x00000000ecd00000|100%| E|CS|TAMS 0x00000000ecc00000| PB 0x00000000ecc00000| Complete 
| 205|0x00000000ecd00000, 0x00000000ece00000, 0x00000000ece00000|100%| E|CS|TAMS 0x00000000ecd00000| PB 0x00000000ecd00000| Complete 
| 206|0x00000000ece00000, 0x00000000ecf00000, 0x00000000ecf00000|100%| E|CS|TAMS 0x00000000ece00000| PB 0x00000000ece00000| Complete 
| 207|0x00000000ecf00000, 0x00000000ed000000, 0x00000000ed000000|100%| E|CS|TAMS 0x00000000ecf00000| PB 0x00000000ecf00000| Complete 
| 208|0x00000000ed000000, 0x00000000ed100000, 0x00000000ed100000|100%| E|CS|TAMS 0x00000000ed000000| PB 0x00000000ed000000| Complete 
| 209|0x00000000ed100000, 0x00000000ed200000, 0x00000000ed200000|100%| E|CS|TAMS 0x00000000ed100000| PB 0x00000000ed100000| Complete 
| 210|0x00000000ed200000, 0x00000000ed300000, 0x00000000ed300000|100%| E|CS|TAMS 0x00000000ed200000| PB 0x00000000ed200000| Complete 
| 211|0x00000000ed300000, 0x00000000ed400000, 0x00000000ed400000|100%| E|CS|TAMS 0x00000000ed300000| PB 0x00000000ed300000| Complete 
| 212|0x00000000ed400000, 0x00000000ed500000, 0x00000000ed500000|100%| E|CS|TAMS 0x00000000ed400000| PB 0x00000000ed400000| Complete 
| 213|0x00000000ed500000, 0x00000000ed600000, 0x00000000ed600000|100%| E|CS|TAMS 0x00000000ed500000| PB 0x00000000ed500000| Complete 
| 214|0x00000000ed600000, 0x00000000ed700000, 0x00000000ed700000|100%| E|CS|TAMS 0x00000000ed600000| PB 0x00000000ed600000| Complete 
| 215|0x00000000ed700000, 0x00000000ed800000, 0x00000000ed800000|100%| E|CS|TAMS 0x00000000ed700000| PB 0x00000000ed700000| Complete 
| 216|0x00000000ed800000, 0x00000000ed900000, 0x00000000ed900000|100%| E|CS|TAMS 0x00000000ed800000| PB 0x00000000ed800000| Complete 
| 217|0x00000000ed900000, 0x00000000eda00000, 0x00000000eda00000|100%| E|CS|TAMS 0x00000000ed900000| PB 0x00000000ed900000| Complete 
| 218|0x00000000eda00000, 0x00000000edb00000, 0x00000000edb00000|100%| E|CS|TAMS 0x00000000eda00000| PB 0x00000000eda00000| Complete 
| 219|0x00000000edb00000, 0x00000000edc00000, 0x00000000edc00000|100%| E|CS|TAMS 0x00000000edb00000| PB 0x00000000edb00000| Complete 
| 220|0x00000000edc00000, 0x00000000edd00000, 0x00000000edd00000|100%| E|CS|TAMS 0x00000000edc00000| PB 0x00000000edc00000| Complete 
| 221|0x00000000edd00000, 0x00000000ede00000, 0x00000000ede00000|100%| E|CS|TAMS 0x00000000edd00000| PB 0x00000000edd00000| Complete 
| 222|0x00000000ede00000, 0x00000000edefb630, 0x00000000edf00000| 98%| S|CS|TAMS 0x00000000ede00000| PB 0x00000000ede00000| Complete 
| 223|0x00000000edf00000, 0x00000000ee000000, 0x00000000ee000000|100%| S|CS|TAMS 0x00000000edf00000| PB 0x00000000edf00000| Complete 
| 224|0x00000000ee000000, 0x00000000ee100000, 0x00000000ee100000|100%| S|CS|TAMS 0x00000000ee000000| PB 0x00000000ee000000| Complete 
| 225|0x00000000ee100000, 0x00000000ee200000, 0x00000000ee200000|100%| E|CS|TAMS 0x00000000ee100000| PB 0x00000000ee100000| Complete 
| 226|0x00000000ee200000, 0x00000000ee300000, 0x00000000ee300000|100%| E|CS|TAMS 0x00000000ee200000| PB 0x00000000ee200000| Complete 
| 227|0x00000000ee300000, 0x00000000ee400000, 0x00000000ee400000|100%| E|CS|TAMS 0x00000000ee300000| PB 0x00000000ee300000| Complete 
| 228|0x00000000ee400000, 0x00000000ee500000, 0x00000000ee500000|100%| E|CS|TAMS 0x00000000ee400000| PB 0x00000000ee400000| Complete 
| 229|0x00000000ee500000, 0x00000000ee600000, 0x00000000ee600000|100%| E|CS|TAMS 0x00000000ee500000| PB 0x00000000ee500000| Complete 
| 230|0x00000000ee600000, 0x00000000ee700000, 0x00000000ee700000|100%| E|CS|TAMS 0x00000000ee600000| PB 0x00000000ee600000| Complete 
| 231|0x00000000ee700000, 0x00000000ee800000, 0x00000000ee800000|100%| E|CS|TAMS 0x00000000ee700000| PB 0x00000000ee700000| Complete 
| 232|0x00000000ee800000, 0x00000000ee900000, 0x00000000ee900000|100%| E|CS|TAMS 0x00000000ee800000| PB 0x00000000ee800000| Complete 
| 233|0x00000000ee900000, 0x00000000eea00000, 0x00000000eea00000|100%| E|CS|TAMS 0x00000000ee900000| PB 0x00000000ee900000| Complete 
| 234|0x00000000eea00000, 0x00000000eeb00000, 0x00000000eeb00000|100%| E|CS|TAMS 0x00000000eea00000| PB 0x00000000eea00000| Complete 
| 235|0x00000000eeb00000, 0x00000000eec00000, 0x00000000eec00000|100%| E|CS|TAMS 0x00000000eeb00000| PB 0x00000000eeb00000| Complete 
| 236|0x00000000eec00000, 0x00000000eed00000, 0x00000000eed00000|100%| E|CS|TAMS 0x00000000eec00000| PB 0x00000000eec00000| Complete 
| 237|0x00000000eed00000, 0x00000000eee00000, 0x00000000eee00000|100%| E|CS|TAMS 0x00000000eed00000| PB 0x00000000eed00000| Complete 
| 238|0x00000000eee00000, 0x00000000eef00000, 0x00000000eef00000|100%| E|CS|TAMS 0x00000000eee00000| PB 0x00000000eee00000| Complete 
| 239|0x00000000eef00000, 0x00000000ef000000, 0x00000000ef000000|100%| E|CS|TAMS 0x00000000eef00000| PB 0x00000000eef00000| Complete 
| 240|0x00000000ef000000, 0x00000000ef100000, 0x00000000ef100000|100%| E|CS|TAMS 0x00000000ef000000| PB 0x00000000ef000000| Complete 
| 241|0x00000000ef100000, 0x00000000ef200000, 0x00000000ef200000|100%| E|CS|TAMS 0x00000000ef100000| PB 0x00000000ef100000| Complete 
| 242|0x00000000ef200000, 0x00000000ef300000, 0x00000000ef300000|100%| E|CS|TAMS 0x00000000ef200000| PB 0x00000000ef200000| Complete 
| 243|0x00000000ef300000, 0x00000000ef400000, 0x00000000ef400000|100%| E|CS|TAMS 0x00000000ef300000| PB 0x00000000ef300000| Complete 
| 244|0x00000000ef400000, 0x00000000ef500000, 0x00000000ef500000|100%| E|CS|TAMS 0x00000000ef400000| PB 0x00000000ef400000| Complete 
| 245|0x00000000ef500000, 0x00000000ef600000, 0x00000000ef600000|100%| E|CS|TAMS 0x00000000ef500000| PB 0x00000000ef500000| Complete 
| 246|0x00000000ef600000, 0x00000000ef700000, 0x00000000ef700000|100%| E|CS|TAMS 0x00000000ef600000| PB 0x00000000ef600000| Complete 
| 247|0x00000000ef700000, 0x00000000ef800000, 0x00000000ef800000|100%| E|CS|TAMS 0x00000000ef700000| PB 0x00000000ef700000| Complete 
| 248|0x00000000ef800000, 0x00000000ef900000, 0x00000000ef900000|100%| E|CS|TAMS 0x00000000ef800000| PB 0x00000000ef800000| Complete 
| 249|0x00000000ef900000, 0x00000000efa00000, 0x00000000efa00000|100%| E|CS|TAMS 0x00000000ef900000| PB 0x00000000ef900000| Complete 
| 250|0x00000000efa00000, 0x00000000efb00000, 0x00000000efb00000|100%| E|CS|TAMS 0x00000000efa00000| PB 0x00000000efa00000| Complete 
| 251|0x00000000efb00000, 0x00000000efc00000, 0x00000000efc00000|100%| E|CS|TAMS 0x00000000efb00000| PB 0x00000000efb00000| Complete 
| 252|0x00000000efc00000, 0x00000000efd00000, 0x00000000efd00000|100%| E|CS|TAMS 0x00000000efc00000| PB 0x00000000efc00000| Complete 
| 253|0x00000000efd00000, 0x00000000efe00000, 0x00000000efe00000|100%| E|CS|TAMS 0x00000000efd00000| PB 0x00000000efd00000| Complete 
| 254|0x00000000efe00000, 0x00000000eff00000, 0x00000000eff00000|100%| E|CS|TAMS 0x00000000efe00000| PB 0x00000000efe00000| Complete 
| 255|0x00000000eff00000, 0x00000000f0000000, 0x00000000f0000000|100%| E|CS|TAMS 0x00000000eff00000| PB 0x00000000eff00000| Complete 

Card table byte_map: [0x000002a04ed60000,0x000002a04ee60000] _byte_map_base: 0x000002a04e660000

Marking Bits: (CMBitMap*) 0x000002a03c53e9e0
 Bits: [0x000002a04ee60000, 0x000002a04f660000)

Polling page: 0x000002a03a390000

Metaspace:

Usage:
  Non-class:     10.69 MB used.
      Class:      1.64 MB used.
       Both:     12.33 MB used.

Virtual space:
  Non-class space:       64.00 MB reserved,      10.88 MB ( 17%) committed,  1 nodes.
      Class space:      320.00 MB reserved,       1.88 MB ( <1%) committed,  1 nodes.
             Both:      384.00 MB reserved,      12.75 MB (  3%) committed. 

Chunk freelists:
   Non-Class:  4.31 MB
       Class:  13.98 MB
        Both:  18.30 MB

MaxMetaspaceSize: 384.00 MB
CompressedClassSpaceSize: 320.00 MB
Initial GC threshold: 21.00 MB
Current GC threshold: 21.00 MB
CDS: on
 - commit_granule_bytes: 65536.
 - commit_granule_words: 8192.
 - virtual_space_node_default_size: 8388608.
 - enlarge_chunks_in_place: 1.
 - use_allocation_guard: 0.


Internal statistics:

num_allocs_failed_limit: 0.
num_arena_births: 384.
num_arena_deaths: 0.
num_vsnodes_births: 2.
num_vsnodes_deaths: 0.
num_space_committed: 204.
num_space_uncommitted: 0.
num_chunks_returned_to_freelist: 0.
num_chunks_taken_from_freelist: 762.
num_chunk_merges: 0.
num_chunk_splits: 492.
num_chunks_enlarged: 337.
num_inconsistent_stats: 0.

CodeHeap 'non-profiled nmethods': size=120000Kb used=1231Kb max_used=1231Kb free=118768Kb
 bounds [0x000002a0471e0000, 0x000002a047450000, 0x000002a04e710000]
CodeHeap 'profiled nmethods': size=120000Kb used=5253Kb max_used=5253Kb free=114746Kb
 bounds [0x000002a03f710000, 0x000002a03fc40000, 0x000002a046c40000]
CodeHeap 'non-nmethods': size=5760Kb used=1381Kb max_used=1411Kb free=4379Kb
 bounds [0x000002a046c40000, 0x000002a046eb0000, 0x000002a0471e0000]
CodeCache: size=245760Kb, used=7865Kb, max_used=7895Kb, free=237893Kb
 total_blobs=3325, nmethods=2780, adapters=449, full_count=0
Compilation: enabled, stopped_count=0, restarted_count=0

Compilation events (20 events):
Event: 19.648 Thread 0x000002a052344090 2769       3       java.lang.invoke.LambdaFormEditor::bindArgumentForm (255 bytes)
Event: 19.649 Thread 0x000002a05233e2c0 nmethod 2767 0x000002a047311e10 code [0x000002a047311fa0, 0x000002a0473120b8]
Event: 19.649 Thread 0x000002a05233e2c0 2771       4       java.util.Arrays::copyOf (40 bytes)
Event: 19.650 Thread 0x000002a052344090 nmethod 2769 0x000002a03fc2c690 code [0x000002a03fc2ca40, 0x000002a03fc2de90]
Event: 19.650 Thread 0x000002a052344090 2770       3       java.lang.invoke.BoundMethodHandle::bindArgumentL (11 bytes)
Event: 19.650 Thread 0x000002a052344090 nmethod 2770 0x000002a03fc2e810 code [0x000002a03fc2ea00, 0x000002a03fc2eef0]
Event: 19.653 Thread 0x000002a05233e2c0 nmethod 2771 0x000002a047312190 code [0x000002a047312340, 0x000002a047312850]
Event: 19.656 Thread 0x000002a052344090 2773       3       java.lang.invoke.MethodHandle::bindTo (19 bytes)
Event: 19.657 Thread 0x000002a052344090 nmethod 2773 0x000002a03fc2f110 code [0x000002a03fc2f320, 0x000002a03fc2f938]
Event: 19.657 Thread 0x000002a052344090 2775       3       jdk.internal.org.objectweb.asm.FieldVisitor::<init> (78 bytes)
Event: 19.657 Thread 0x000002a05233e2c0 2776       4       java.lang.Class::getComponentType (14 bytes)
Event: 19.657 Thread 0x000002a052344090 nmethod 2775 0x000002a03fc2fb90 code [0x000002a03fc2fdc0, 0x000002a03fc30558]
Event: 19.658 Thread 0x000002a052344090 2774       3       java.lang.invoke.MethodType::leadingReferenceParameter (30 bytes)
Event: 19.658 Thread 0x000002a052344090 nmethod 2774 0x000002a03fc30810 code [0x000002a03fc309e0, 0x000002a03fc30cc0]
Event: 19.658 Thread 0x000002a05233e2c0 nmethod 2776 0x000002a047312d90 code [0x000002a047312f20, 0x000002a047312fd0]
Event: 19.658 Thread 0x000002a05233e2c0 2777       4       java.lang.invoke.LambdaForm$BasicType::basicType (187 bytes)
Event: 19.659 Thread 0x000002a05233e2c0 nmethod 2777 0x000002a047313090 code [0x000002a047313220, 0x000002a047313300]
Event: 19.670 Thread 0x000002a052344090 2778       3       org.gradle.internal.collect.ChampNode::nodeIndex (12 bytes)
Event: 19.670 Thread 0x000002a052344090 nmethod 2778 0x000002a03fc30e10 code [0x000002a03fc30fc0, 0x000002a03fc31200]
Event: 19.672 Thread 0x000002a05233e2c0 2780       4       jdk.internal.org.objectweb.asm.ByteVector::put12 (64 bytes)

GC Heap History (4 events):
Event: 2.997 GC heap before
{Heap before GC invocations=0 (full 0):
 garbage-first heap   total 262144K, used 26624K [0x00000000e0000000, 0x0000000100000000)
  region size 1024K, 23 young (23552K), 0 survivors (0K)
 Metaspace       used 3066K, committed 3264K, reserved 393216K
  class space    used 371K, committed 448K, reserved 327680K
}
Event: 3.198 GC heap after
{Heap after GC invocations=1 (full 0):
 garbage-first heap   total 262144K, used 10809K [0x00000000e0000000, 0x0000000100000000)
  region size 1024K, 3 young (3072K), 3 survivors (3072K)
 Metaspace       used 3066K, committed 3264K, reserved 393216K
  class space    used 371K, committed 448K, reserved 327680K
}
Event: 4.678 GC heap before
{Heap before GC invocations=1 (full 0):
 garbage-first heap   total 262144K, used 41529K [0x00000000e0000000, 0x0000000100000000)
  region size 1024K, 31 young (31744K), 3 survivors (3072K)
 Metaspace       used 4634K, committed 4864K, reserved 393216K
  class space    used 592K, committed 704K, reserved 327680K
}
Event: 4.687 GC heap after
{Heap after GC invocations=2 (full 0):
 garbage-first heap   total 262144K, used 15129K [0x00000000e0000000, 0x0000000100000000)
  region size 1024K, 3 young (3072K), 3 survivors (3072K)
 Metaspace       used 4634K, committed 4864K, reserved 393216K
  class space    used 592K, committed 704K, reserved 327680K
}

Dll operation events (20 events):
Event: 0.481 Attempting to load shared library C:\Users\ACER\.vscode\extensions\redhat.java-1.56.0-win32-x64\jre\21.0.12.1-win32-x86_64\bin\nio.dll
Event: 0.482 Loaded shared library C:\Users\ACER\.vscode\extensions\redhat.java-1.56.0-win32-x64\jre\21.0.12.1-win32-x86_64\bin\nio.dll
Event: 0.488 Attempting to load shared library C:\Users\ACER\.vscode\extensions\redhat.java-1.56.0-win32-x64\jre\21.0.12.1-win32-x86_64\bin\zip.dll
Event: 0.488 Loaded shared library C:\Users\ACER\.vscode\extensions\redhat.java-1.56.0-win32-x64\jre\21.0.12.1-win32-x86_64\bin\zip.dll
Event: 1.003 Attempting to load shared library C:\Users\ACER\.vscode\extensions\redhat.java-1.56.0-win32-x64\jre\21.0.12.1-win32-x86_64\bin\jimage.dll
Event: 1.003 Loaded shared library C:\Users\ACER\.vscode\extensions\redhat.java-1.56.0-win32-x64\jre\21.0.12.1-win32-x86_64\bin\jimage.dll
Event: 2.207 Attempting to load shared library C:\Users\ACER\.vscode\extensions\redhat.java-1.56.0-win32-x64\jre\21.0.12.1-win32-x86_64\bin\verify.dll
Event: 2.209 Loaded shared library C:\Users\ACER\.vscode\extensions\redhat.java-1.56.0-win32-x64\jre\21.0.12.1-win32-x86_64\bin\verify.dll
Event: 2.350 Attempting to load shared library C:\Users\ACER\.gradle\native\660c5614fbf4a5f2a75b1949f50a0caf5cd603558e7d8a26e50b933a0cfb79d1\windows-amd64\native-platform.dll
Event: 2.351 Loaded shared library C:\Users\ACER\.gradle\native\660c5614fbf4a5f2a75b1949f50a0caf5cd603558e7d8a26e50b933a0cfb79d1\windows-amd64\native-platform.dll
Event: 2.440 Attempting to load shared library C:\Users\ACER\.gradle\native\0.2.8\x86_64-windows-gnu\gradle-fileevents.dll
Event: 2.443 Loaded shared library C:\Users\ACER\.gradle\native\0.2.8\x86_64-windows-gnu\gradle-fileevents.dll
Event: 6.161 Attempting to load shared library C:\Users\ACER\.vscode\extensions\redhat.java-1.56.0-win32-x64\jre\21.0.12.1-win32-x86_64\bin\management.dll
Event: 6.162 Loaded shared library C:\Users\ACER\.vscode\extensions\redhat.java-1.56.0-win32-x64\jre\21.0.12.1-win32-x86_64\bin\management.dll
Event: 6.165 Attempting to load shared library C:\Users\ACER\.vscode\extensions\redhat.java-1.56.0-win32-x64\jre\21.0.12.1-win32-x86_64\bin\management_ext.dll
Event: 6.167 Loaded shared library C:\Users\ACER\.vscode\extensions\redhat.java-1.56.0-win32-x64\jre\21.0.12.1-win32-x86_64\bin\management_ext.dll
Event: 7.302 Attempting to load shared library C:\Users\ACER\.vscode\extensions\redhat.java-1.56.0-win32-x64\jre\21.0.12.1-win32-x86_64\bin\extnet.dll
Event: 7.305 Loaded shared library C:\Users\ACER\.vscode\extensions\redhat.java-1.56.0-win32-x64\jre\21.0.12.1-win32-x86_64\bin\extnet.dll
Event: 12.231 Attempting to load shared library C:\Users\ACER\.vscode\extensions\redhat.java-1.56.0-win32-x64\jre\21.0.12.1-win32-x86_64\bin\sunmscapi.dll
Event: 12.258 Loaded shared library C:\Users\ACER\.vscode\extensions\redhat.java-1.56.0-win32-x64\jre\21.0.12.1-win32-x86_64\bin\sunmscapi.dll

Deoptimization events (20 events):
Event: 16.797 Thread 0x000002a06d2c1250 DEOPT PACKING pc=0x000002a0472e0224 sp=0x000000b779afde70
Event: 16.797 Thread 0x000002a06d2c1250 DEOPT UNPACKING pc=0x000002a046c94422 sp=0x000000b779afddc0 mode 2
Event: 16.797 Thread 0x000002a06d2c1250 Uncommon trap: trap_request=0xffffffc6 fr.pc=0x000002a0472e0224 relative=0x0000000000001324
Event: 16.797 Thread 0x000002a06d2c1250 Uncommon trap: reason=bimorphic_or_optimized_type_check action=maybe_recompile pc=0x000002a0472e0224 method=java.io.DataOutputStream.write([BII)V @ 7 c2
Event: 16.797 Thread 0x000002a06d2c1250 DEOPT PACKING pc=0x000002a0472e0224 sp=0x000000b779afde70
Event: 16.797 Thread 0x000002a06d2c1250 DEOPT UNPACKING pc=0x000002a046c94422 sp=0x000000b779afddc0 mode 2
Event: 19.010 Thread 0x000002a06d2ed240 Uncommon trap: trap_request=0xffffff45 fr.pc=0x000002a0472cf7b0 relative=0x00000000000009b0
Event: 19.010 Thread 0x000002a06d2ed240 Uncommon trap: reason=unstable_if action=reinterpret pc=0x000002a0472cf7b0 method=java.lang.Integer.stringSize(I)I @ 19 c2
Event: 19.010 Thread 0x000002a06d2ed240 DEOPT PACKING pc=0x000002a0472cf7b0 sp=0x000000b7798fe620
Event: 19.011 Thread 0x000002a06d2ed240 DEOPT UNPACKING pc=0x000002a046c94422 sp=0x000000b7798fe530 mode 2
Event: 19.059 Thread 0x000002a06d2c1250 DEOPT PACKING pc=0x000002a03fba2674 sp=0x000000b779afde10
Event: 19.059 Thread 0x000002a06d2c1250 DEOPT UNPACKING pc=0x000002a046c94bc2 sp=0x000000b779afd2a8 mode 0
Event: 19.071 Thread 0x000002a06d2c1250 DEOPT PACKING pc=0x000002a03fba2674 sp=0x000000b779afde10
Event: 19.071 Thread 0x000002a06d2c1250 DEOPT UNPACKING pc=0x000002a046c94bc2 sp=0x000000b779afd2a8 mode 0
Event: 19.073 Thread 0x000002a06d2c1250 DEOPT PACKING pc=0x000002a03fba2674 sp=0x000000b779afde10
Event: 19.073 Thread 0x000002a06d2c1250 DEOPT UNPACKING pc=0x000002a046c94bc2 sp=0x000000b779afd2a8 mode 0
Event: 19.300 Thread 0x000002a052964100 Uncommon trap: trap_request=0xffffffcc fr.pc=0x000002a0472fc2fc relative=0x000000000000033c
Event: 19.300 Thread 0x000002a052964100 Uncommon trap: reason=intrinsic_or_type_checked_inlining action=make_not_entrant pc=0x000002a0472fc2fc method=java.util.Arrays.copyOf([Ljava/lang/Object;ILjava/lang/Class;)[Ljava/lang/Object; @ 35 c2
Event: 19.300 Thread 0x000002a052964100 DEOPT PACKING pc=0x000002a0472fc2fc sp=0x000000b779dfe2e0
Event: 19.300 Thread 0x000002a052964100 DEOPT UNPACKING pc=0x000002a046c94422 sp=0x000000b779dfe270 mode 2

Classes loaded (20 events):
Event: 16.811 Loading class java/io/SerialCallbackContext
Event: 16.811 Loading class java/io/SerialCallbackContext done
Event: 16.818 Loading class java/io/UnsupportedEncodingException
Event: 16.818 Loading class java/io/UnsupportedEncodingException done
Event: 16.818 Loading class java/nio/charset/CharacterCodingException
Event: 16.818 Loading class java/nio/charset/CharacterCodingException done
Event: 16.818 Loading class java/util/stream/IntStream
Event: 16.826 Loading class java/util/stream/IntStream done
Event: 16.826 Loading class java/io/ObjectStreamClass$ExceptionInfo
Event: 16.827 Loading class java/io/ObjectStreamClass$ExceptionInfo done
Event: 18.897 Loading class java/util/LinkedList$ListItr
Event: 18.897 Loading class java/util/LinkedList$ListItr done
Event: 19.097 Loading class jdk/internal/math/FormattedFPDecimal
Event: 19.097 Loading class jdk/internal/math/FormattedFPDecimal done
Event: 19.123 Loading class sun/net/ConnectionResetException
Event: 19.123 Loading class sun/net/ConnectionResetException done
Event: 19.301 Loading class sun/reflect/generics/tree/VoidDescriptor
Event: 19.301 Loading class sun/reflect/generics/tree/VoidDescriptor done
Event: 19.492 Loading class java/util/HashMap$EntrySpliterator
Event: 19.492 Loading class java/util/HashMap$EntrySpliterator done

Classes unloaded (0 events):
No events

Classes redefined (0 events):
No events

Internal exceptions (20 events):
Event: 6.743 Thread 0x000002a03c5127f0 Exception <a 'java/lang/NoSuchMethodError'{0x00000000ee11c308}: 'java.lang.Object java.lang.invoke.DirectMethodHandle$Holder.invokeStatic(java.lang.Object, java.lang.Object, java.lang.Object, java.lang.Object, java.lang.Object, java.lang.Object, java.lang.Object, java.lang.Object, java.lang.Object, java.lang.Object, java.lang.Object, java.lang.Object, java.lang.Object, java.lang.Object, java.lang.Object)'> (0x00000000ee11c308) 
thrown [s\src\hotspot\share\interpreter\linkResolver.cpp, line 773]
Event: 6.752 Thread 0x000002a03c5127f0 Exception <a 'java/lang/NoSuchMethodError'{0x00000000ee13eed8}: 'java.lang.Object java.lang.invoke.DirectMethodHandle$Holder.invokeStatic(java.lang.Object, java.lang.Object, java.lang.Object, java.lang.Object, java.lang.Object, java.lang.Object, java.lang.Object, java.lang.Object, java.lang.Object, java.lang.Object, java.lang.Object, java.lang.Object, java.lang.Object, java.lang.Object, java.lang.Object, java.lang.Object)'> (0x00000000ee13eed8) 
thrown [s\src\hotspot\share\interpreter\linkResolver.cpp, lin
Event: 7.432 Thread 0x000002a03c5127f0 Exception <a 'java/lang/NoSuchMethodError'{0x00000000eda104e8}: 'java.lang.Object java.lang.invoke.DirectMethodHandle$Holder.invokeVirtual(java.lang.Object, java.lang.Object, java.lang.Object, java.lang.Object, java.lang.Object, java.lang.Object, java.lang.Object, java.lang.Object, java.lang.Object)'> (0x00000000eda104e8) 
thrown [s\src\hotspot\share\interpreter\linkResolver.cpp, line 773]
Event: 7.617 Thread 0x000002a03c5127f0 Exception <a 'java/lang/NoSuchMethodError'{0x00000000ed98f868}: 'java.lang.Object java.lang.invoke.DirectMethodHandle$Holder.invokeStaticInit(java.lang.Object, int, int, int, int)'> (0x00000000ed98f868) 
thrown [s\src\hotspot\share\interpreter\linkResolver.cpp, line 773]
Event: 8.302 Thread 0x000002a03c5127f0 Exception <a 'java/lang/NoSuchMethodError'{0x00000000ed861ba8}: 'java.lang.Object java.lang.invoke.DirectMethodHandle$Holder.invokeStaticInit(java.lang.Object, java.lang.Object, int, int, int, int)'> (0x00000000ed861ba8) 
thrown [s\src\hotspot\share\interpreter\linkResolver.cpp, line 773]
Event: 8.821 Thread 0x000002a03c5127f0 Exception <a 'java/io/IOException'{0x00000000ed5a5e50}> (0x00000000ed5a5e50) 
thrown [s\src\hotspot\share\prims\jni.cpp, line 520]
Event: 8.835 Thread 0x000002a03c5127f0 Implicit null exception at 0x000002a0472270a0 to 0x000002a047227640
Event: 8.844 Thread 0x000002a03c5127f0 Exception <a 'java/lang/NoSuchMethodError'{0x00000000ed40dce8}: 'java.lang.Object java.lang.invoke.DirectMethodHandle$Holder.newInvokeSpecial(java.lang.Object, java.lang.Object, java.lang.Object, java.lang.Object, java.lang.Object)'> (0x00000000ed40dce8) 
thrown [s\src\hotspot\share\interpreter\linkResolver.cpp, line 773]
Event: 8.855 Thread 0x000002a03c5127f0 Exception <a 'java/lang/NoSuchMethodError'{0x00000000ed430660}: 'void java.lang.invoke.DirectMethodHandle$Holder.invokeSpecial(java.lang.Object, java.lang.Object, java.lang.Object)'> (0x00000000ed430660) 
thrown [s\src\hotspot\share\interpreter\linkResolver.cpp, line 773]
Event: 15.625 Thread 0x000002a052964100 Exception <a 'java/lang/NoSuchMethodError'{0x00000000ecb827e8}: 'void java.lang.invoke.DirectMethodHandle$Holder.invokeStatic(java.lang.Object, java.lang.Object)'> (0x00000000ecb827e8) 
thrown [s\src\hotspot\share\interpreter\linkResolver.cpp, line 773]
Event: 15.630 Thread 0x000002a052964100 Exception <a 'java/lang/NoSuchMethodError'{0x00000000ecb916d8}: 'void java.lang.invoke.DirectMethodHandle$Holder.invokeStatic(java.lang.Object, int, java.lang.Object)'> (0x00000000ecb916d8) 
thrown [s\src\hotspot\share\interpreter\linkResolver.cpp, line 773]
Event: 16.762 Thread 0x000002a06d2c1250 Exception <a 'java/lang/NoSuchMethodError'{0x00000000eca70b20}: 'long java.lang.invoke.DirectMethodHandle$Holder.invokeSpecial(java.lang.Object, java.lang.Object)'> (0x00000000eca70b20) 
thrown [s\src\hotspot\share\interpreter\linkResolver.cpp, line 773]
Event: 16.765 Thread 0x000002a06d2c1250 Exception <a 'java/lang/NoSuchMethodError'{0x00000000eca744b8}: 'long java.lang.invoke.Invokers$Holder.invokeExact_MT(java.lang.Object, java.lang.Object)'> (0x00000000eca744b8) 
thrown [s\src\hotspot\share\interpreter\linkResolver.cpp, line 773]
Event: 16.797 Thread 0x000002a06d2c1250 Exception <a 'java/lang/NoSuchMethodError'{0x00000000ecad98f0}: static Lorg/gradle/internal/exceptions/LocationAwareException;.<clinit>()V> (0x00000000ecad98f0) 
thrown [s\src\hotspot\share\prims\jni.cpp, line 1111]
Event: 16.810 Thread 0x000002a06d2c1250 Exception <a 'java/lang/NoSuchMethodError'{0x00000000ecadeb18}: static Lorg/gradle/internal/exceptions/ContextAwareException;.<clinit>()V> (0x00000000ecadeb18) 
thrown [s\src\hotspot\share\prims\jni.cpp, line 1111]
Event: 16.811 Thread 0x000002a06d2c1250 Exception <a 'java/lang/NoSuchMethodError'{0x00000000ecadf968}: static Lorg/gradle/api/GradleException;.<clinit>()V> (0x00000000ecadf968) 
thrown [s\src\hotspot\share\prims\jni.cpp, line 1111]
Event: 16.827 Thread 0x000002a06d2c1250 Exception <a 'java/lang/NoSuchMethodError'{0x00000000ecaff448}: static [Ljava/lang/StackTraceElement;.<clinit>()V> (0x00000000ecaff448) 
thrown [s\src\hotspot\share\prims\jni.cpp, line 1111]
Event: 19.124 Thread 0x000002a06d78ba90 Exception <a 'sun/net/ConnectionResetException'{0x00000000ec69f108}: Connection reset> (0x00000000ec69f108) 
thrown [s\src\hotspot\share\prims\jni.cpp, line 539]
Event: 19.655 Thread 0x000002a052964100 Exception <a 'java/lang/NoSuchMethodError'{0x00000000ebf608c8}: 'java.lang.Object java.lang.invoke.DirectMethodHandle$Holder.invokeVirtual(java.lang.Object, java.lang.Object, java.lang.Object, java.lang.Object, java.lang.Object, java.lang.Object, java.lang.Object)'> (0x00000000ebf608c8) 
thrown [s\src\hotspot\share\interpreter\linkResolver.cpp, line 773]
Event: 19.672 Thread 0x000002a052964100 Exception <a 'java/lang/NoSuchMethodError'{0x00000000ebfeb110}: 'long java.lang.invoke.DirectMethodHandle$Holder.invokeInterface(java.lang.Object, java.lang.Object)'> (0x00000000ebfeb110) 
thrown [s\src\hotspot\share\interpreter\linkResolver.cpp, line 773]

ZGC Phase Switch (0 events):
No events

VM Operations (20 events):
Event: 12.197 Executing safepoint VM operation: Cleanup
Event: 12.197 Executing safepoint VM operation: Cleanup done
Event: 12.303 Executing non-safepoint VM operation: HandshakeAllThreads (Deoptimize)
Event: 12.303 Executing non-safepoint VM operation: HandshakeAllThreads (Deoptimize) done
Event: 13.316 Executing safepoint VM operation: Cleanup
Event: 13.316 Executing safepoint VM operation: Cleanup done
Event: 15.335 Executing safepoint VM operation: Cleanup
Event: 15.335 Executing safepoint VM operation: Cleanup done
Event: 15.519 Executing non-safepoint VM operation: HandshakeAllThreads (Deoptimize)
Event: 15.519 Executing non-safepoint VM operation: HandshakeAllThreads (Deoptimize) done
Event: 15.521 Executing non-safepoint VM operation: HandshakeAllThreads (Deoptimize)
Event: 15.521 Executing non-safepoint VM operation: HandshakeAllThreads (Deoptimize) done
Event: 16.526 Executing safepoint VM operation: Cleanup
Event: 16.526 Executing safepoint VM operation: Cleanup done
Event: 17.535 Executing safepoint VM operation: Cleanup
Event: 17.535 Executing safepoint VM operation: Cleanup done
Event: 19.144 Executing non-safepoint VM operation: HandshakeAllThreads (Deoptimize)
Event: 19.144 Executing non-safepoint VM operation: HandshakeAllThreads (Deoptimize) done
Event: 19.144 Executing safepoint VM operation: Cleanup
Event: 19.144 Executing safepoint VM operation: Cleanup done

Memory protections (0 events):
No events

Nmethod flushes (0 events):
No events

Events (20 events):
Event: 19.015 Thread 0x000002a06d2c1250 Thread added: 0x000002a06d78a6e0
Event: 19.025 Thread 0x000002a06d2ed240 Thread added: 0x000002a06d78a050
Event: 19.035 Thread 0x000002a06d2ed240 Thread added: 0x000002a06d78ad70
Event: 19.036 Thread 0x000002a06d2c1250 Thread added: 0x000002a06d789330
Event: 19.046 Thread 0x000002a06d2ed240 Thread added: 0x000002a06d7899c0
Event: 19.050 Thread 0x000002a06d7899c0 Thread added: 0x000002a06d78ba90
Event: 19.081 Thread 0x000002a06d78a050 Thread added: 0x000002a06d78b400
Event: 19.088 Thread 0x000002a06d78ad70 Thread added: 0x000002a06d788ca0
Event: 19.095 Thread 0x000002a052964100 Thread added: 0x000002a06d78c120
Event: 19.099 Thread 0x000002a052964100 Thread added: 0x000002a06d2d3bd0
Event: 19.101 Thread 0x000002a052964100 Thread added: 0x000002a06d2ce680
Event: 19.120 Thread 0x000002a06d7899c0 Thread added: 0x000002a06d2d3540
Event: 19.130 Thread 0x000002a06d2d3540 Thread exited: 0x000002a06d2d3540
Event: 19.132 Thread 0x000002a06d78ba90 Thread exited: 0x000002a06d78ba90
Event: 19.237 Thread 0x000002a06d78ad70 Thread added: 0x000002a06d2d4260
Event: 19.265 Thread 0x000002a06d2d4260 Thread exited: 0x000002a06d2d4260
Event: 19.275 Thread 0x000002a06d788ca0 Thread exited: 0x000002a06d788ca0
Event: 19.276 Thread 0x000002a06d78a050 Thread added: 0x000002a06d2d1470
Event: 19.434 Thread 0x000002a06d78b400 Thread exited: 0x000002a06d78b400
Event: 19.455 Thread 0x000002a06d2d1470 Thread exited: 0x000002a06d2d1470


Dynamic libraries:
0x00007ff706180000 - 0x00007ff70618e000 	C:\Users\ACER\.vscode\extensions\redhat.java-1.56.0-win32-x64\jre\21.0.12.1-win32-x86_64\bin\java.exe
0x00007ffe5c330000 - 0x00007ffe5c548000 	C:\WINDOWS\SYSTEM32\ntdll.dll
0x00007ffe5a080000 - 0x00007ffe5a144000 	C:\WINDOWS\System32\KERNEL32.DLL
0x00007ffe59620000 - 0x00007ffe599f3000 	C:\WINDOWS\System32\KERNELBASE.dll
0x00007ffe59ba0000 - 0x00007ffe59cb1000 	C:\WINDOWS\System32\ucrtbase.dll
0x00007ffe19430000 - 0x00007ffe1944e000 	C:\Users\ACER\.vscode\extensions\redhat.java-1.56.0-win32-x64\jre\21.0.12.1-win32-x86_64\bin\VCRUNTIME140.dll
0x00007ffe16ae0000 - 0x00007ffe16af8000 	C:\Users\ACER\.vscode\extensions\redhat.java-1.56.0-win32-x64\jre\21.0.12.1-win32-x86_64\bin\jli.dll
0x00007ffe5a150000 - 0x00007ffe5a302000 	C:\WINDOWS\System32\USER32.dll
0x00007ffe45c40000 - 0x00007ffe45edc000 	C:\WINDOWS\WinSxS\amd64_microsoft.windows.common-controls_6595b64144ccf1df_6.0.22621.6060_none_2712eda17382d24b\COMCTL32.dll
0x00007ffe59cc0000 - 0x00007ffe59ce6000 	C:\WINDOWS\System32\win32u.dll
0x00007ffe5b2b0000 - 0x00007ffe5b357000 	C:\WINDOWS\System32\msvcrt.dll
0x00007ffe5b580000 - 0x00007ffe5b5a9000 	C:\WINDOWS\System32\GDI32.dll
0x00007ffe59cf0000 - 0x00007ffe59e0b000 	C:\WINDOWS\System32\gdi32full.dll
0x00007ffe59440000 - 0x00007ffe594da000 	C:\WINDOWS\System32\msvcp_win.dll
0x00007ffe5b420000 - 0x00007ffe5b451000 	C:\WINDOWS\System32\IMM32.DLL
0x00007ffe52480000 - 0x00007ffe5248c000 	C:\Users\ACER\.vscode\extensions\redhat.java-1.56.0-win32-x64\jre\21.0.12.1-win32-x86_64\bin\vcruntime140_1.dll
0x00007ffe0e260000 - 0x00007ffe0e2ed000 	C:\Users\ACER\.vscode\extensions\redhat.java-1.56.0-win32-x64\jre\21.0.12.1-win32-x86_64\bin\msvcp140.dll
0x00007ffdc7b70000 - 0x00007ffdc8912000 	C:\Users\ACER\.vscode\extensions\redhat.java-1.56.0-win32-x64\jre\21.0.12.1-win32-x86_64\bin\server\jvm.dll
0x00007ffe5b360000 - 0x00007ffe5b411000 	C:\WINDOWS\System32\ADVAPI32.dll
0x00007ffe59fd0000 - 0x00007ffe5a078000 	C:\WINDOWS\System32\sechost.dll
0x00007ffe59b70000 - 0x00007ffe59b98000 	C:\WINDOWS\System32\bcrypt.dll
0x00007ffe5b460000 - 0x00007ffe5b578000 	C:\WINDOWS\System32\RPCRT4.dll
0x00007ffe5add0000 - 0x00007ffe5ae41000 	C:\WINDOWS\System32\WS2_32.dll
0x00007ffe59310000 - 0x00007ffe5935d000 	C:\WINDOWS\SYSTEM32\POWRPROF.dll
0x00007ffe51640000 - 0x00007ffe51674000 	C:\WINDOWS\SYSTEM32\WINMM.dll
0x00007ffe507b0000 - 0x00007ffe507ba000 	C:\WINDOWS\SYSTEM32\VERSION.dll
0x00007ffe59240000 - 0x00007ffe59253000 	C:\WINDOWS\SYSTEM32\UMPDC.dll
0x00007ffe58380000 - 0x00007ffe58398000 	C:\WINDOWS\SYSTEM32\kernel.appcore.dll
0x00007ffe49270000 - 0x00007ffe4927a000 	C:\Users\ACER\.vscode\extensions\redhat.java-1.56.0-win32-x64\jre\21.0.12.1-win32-x86_64\bin\jimage.dll
0x00007ffe4eaa0000 - 0x00007ffe4ecd3000 	C:\WINDOWS\SYSTEM32\DBGHELP.DLL
0x00007ffe5aef0000 - 0x00007ffe5b281000 	C:\WINDOWS\System32\combase.dll
0x00007ffe5a970000 - 0x00007ffe5aa48000 	C:\WINDOWS\System32\OLEAUT32.dll
0x00007ffe43410000 - 0x00007ffe43442000 	C:\WINDOWS\SYSTEM32\dbgcore.DLL
0x00007ffe59f50000 - 0x00007ffe59fcb000 	C:\WINDOWS\System32\bcryptPrimitives.dll
0x00007ffe49250000 - 0x00007ffe4925f000 	C:\Users\ACER\.vscode\extensions\redhat.java-1.56.0-win32-x64\jre\21.0.12.1-win32-x86_64\bin\instrument.dll
0x00007ffe169a0000 - 0x00007ffe169c0000 	C:\Users\ACER\.vscode\extensions\redhat.java-1.56.0-win32-x64\jre\21.0.12.1-win32-x86_64\bin\java.dll
0x00007ffe5b710000 - 0x00007ffe5bfac000 	C:\WINDOWS\System32\SHELL32.dll
0x00007ffe59e10000 - 0x00007ffe59f4f000 	C:\WINDOWS\System32\wintypes.dll
0x00007ffe572f0000 - 0x00007ffe57c0a000 	C:\WINDOWS\SYSTEM32\windows.storage.dll
0x00007ffe5c020000 - 0x00007ffe5c124000 	C:\WINDOWS\System32\SHCORE.dll
0x00007ffe5ae80000 - 0x00007ffe5aee9000 	C:\WINDOWS\System32\shlwapi.dll
0x00007ffe59370000 - 0x00007ffe59395000 	C:\WINDOWS\SYSTEM32\profapi.dll
0x00007ffe162f0000 - 0x00007ffe16308000 	C:\Users\ACER\.vscode\extensions\redhat.java-1.56.0-win32-x64\jre\21.0.12.1-win32-x86_64\bin\zip.dll
0x00007ffe491d0000 - 0x00007ffe491e0000 	C:\Users\ACER\.vscode\extensions\redhat.java-1.56.0-win32-x64\jre\21.0.12.1-win32-x86_64\bin\net.dll
0x00007ffe54130000 - 0x00007ffe5425c000 	C:\WINDOWS\SYSTEM32\WINHTTP.dll
0x00007ffe588b0000 - 0x00007ffe58919000 	C:\WINDOWS\system32\mswsock.dll
0x00007ffe162b0000 - 0x00007ffe162c6000 	C:\Users\ACER\.vscode\extensions\redhat.java-1.56.0-win32-x64\jre\21.0.12.1-win32-x86_64\bin\nio.dll
0x00007ffe48fb0000 - 0x00007ffe48fc0000 	C:\Users\ACER\.vscode\extensions\redhat.java-1.56.0-win32-x64\jre\21.0.12.1-win32-x86_64\bin\verify.dll
0x00007ffe09cc0000 - 0x00007ffe09ce7000 	C:\Users\ACER\.gradle\native\660c5614fbf4a5f2a75b1949f50a0caf5cd603558e7d8a26e50b933a0cfb79d1\windows-amd64\native-platform.dll
0x00007ffe06510000 - 0x00007ffe06587000 	C:\Users\ACER\.gradle\native\0.2.8\x86_64-windows-gnu\gradle-fileevents.dll
0x00007ffe476b0000 - 0x00007ffe476ba000 	C:\Users\ACER\.vscode\extensions\redhat.java-1.56.0-win32-x64\jre\21.0.12.1-win32-x86_64\bin\management.dll
0x00007ffe465a0000 - 0x00007ffe465ac000 	C:\Users\ACER\.vscode\extensions\redhat.java-1.56.0-win32-x64\jre\21.0.12.1-win32-x86_64\bin\management_ext.dll
0x00007ffe5ae70000 - 0x00007ffe5ae78000 	C:\WINDOWS\System32\PSAPI.DLL
0x00007ffe57eb0000 - 0x00007ffe57edd000 	C:\WINDOWS\SYSTEM32\IPHLPAPI.DLL
0x00007ffe5ae60000 - 0x00007ffe5ae69000 	C:\WINDOWS\System32\NSI.dll
0x00007ffe46480000 - 0x00007ffe46489000 	C:\Users\ACER\.vscode\extensions\redhat.java-1.56.0-win32-x64\jre\21.0.12.1-win32-x86_64\bin\extnet.dll
0x00007ffe58b30000 - 0x00007ffe58b4b000 	C:\WINDOWS\SYSTEM32\CRYPTSP.dll
0x00007ffe58340000 - 0x00007ffe58377000 	C:\WINDOWS\system32\rsaenh.dll
0x00007ffe589d0000 - 0x00007ffe589f8000 	C:\WINDOWS\SYSTEM32\USERENV.dll
0x00007ffe58b50000 - 0x00007ffe58b5c000 	C:\WINDOWS\SYSTEM32\CRYPTBASE.dll
0x00007ffe45620000 - 0x00007ffe4562e000 	C:\Users\ACER\.vscode\extensions\redhat.java-1.56.0-win32-x64\jre\21.0.12.1-win32-x86_64\bin\sunmscapi.dll
0x00007ffe59a00000 - 0x00007ffe59b68000 	C:\WINDOWS\System32\CRYPT32.dll
0x00007ffe58cf0000 - 0x00007ffe58d1e000 	C:\WINDOWS\SYSTEM32\ncrypt.dll
0x00007ffe58cb0000 - 0x00007ffe58ce7000 	C:\WINDOWS\SYSTEM32\NTASN1.dll
0x00007ffe47a10000 - 0x00007ffe47a18000 	C:\WINDOWS\system32\wshunix.dll

JVMTI agents:
C:\Users\ACER\.gradle\wrapper\dists\gradle-9.5.1-bin\iq79hdu3mqx29lgffhp8bfmx\gradle-9.5.1\lib\agents\gradle-instrumentation-agent-9.5.1.jar path:C:\Users\ACER\.vscode\extensions\redhat.java-1.56.0-win32-x64\jre\21.0.12.1-win32-x86_64\bin\instrument.dll, loaded, initialized, instrumentlib options:none

dbghelp: loaded successfully - version: 4.0.5 - missing functions: none
symbol engine: initialized successfully - sym options: 0x614 - pdb path: .;C:\Users\ACER\.vscode\extensions\redhat.java-1.56.0-win32-x64\jre\21.0.12.1-win32-x86_64\bin;C:\WINDOWS\SYSTEM32;C:\WINDOWS\WinSxS\amd64_microsoft.windows.common-controls_6595b64144ccf1df_6.0.22621.6060_none_2712eda17382d24b;C:\Users\ACER\.vscode\extensions\redhat.java-1.56.0-win32-x64\jre\21.0.12.1-win32-x86_64\bin\server;C:\Users\ACER\.gradle\native\660c5614fbf4a5f2a75b1949f50a0caf5cd603558e7d8a26e50b933a0cfb79d1\windows-amd64;C:\Users\ACER\.gradle\native\0.2.8\x86_64-windows-gnu

VM Arguments:
jvm_args: --add-opens=java.base/java.lang=ALL-UNNAMED --add-opens=java.base/java.lang.invoke=ALL-UNNAMED --add-opens=java.base/java.util=ALL-UNNAMED --add-opens=java.prefs/java.util.prefs=ALL-UNNAMED --add-exports=jdk.compiler/com.sun.tools.javac.api=ALL-UNNAMED --add-exports=jdk.compiler/com.sun.tools.javac.util=ALL-UNNAMED --add-opens=java.base/java.nio.charset=ALL-UNNAMED --add-opens=java.base/java.net=ALL-UNNAMED --add-opens=java.base/java.util.concurrent=ALL-UNNAMED --add-opens=java.base/java.util.concurrent.atomic=ALL-UNNAMED --add-opens=java.xml/javax.xml.namespace=ALL-UNNAMED --add-opens=java.base/java.time=ALL-UNNAMED -XX:MaxMetaspaceSize=384m -XX:+HeapDumpOnOutOfMemoryError -Xms256m -Xmx512m -Dfile.encoding=UTF-8 -Duser.country=US -Duser.language=en -Duser.variant -javaagent:C:\Users\ACER\.gradle\wrapper\dists\gradle-9.5.1-bin\iq79hdu3mqx29lgffhp8bfmx\gradle-9.5.1\lib\agents\gradle-instrumentation-agent-9.5.1.jar 
java_command: org.gradle.launcher.daemon.bootstrap.GradleDaemon 9.5.1
java_class_path (initial): C:\Users\ACER\.gradle\wrapper\dists\gradle-9.5.1-bin\iq79hdu3mqx29lgffhp8bfmx\gradle-9.5.1\lib\gradle-daemon-main-9.5.1.jar
Launcher Type: SUN_STANDARD

[Global flags]
     intx CICompilerCount                          = 4                                         {product} {ergonomic}
   size_t CompressedClassSpaceSize                 = 335544320                                 {product} {ergonomic}
     uint ConcGCThreads                            = 3                                         {product} {ergonomic}
     uint G1ConcRefinementThreads                  = 10                                        {product} {ergonomic}
   size_t G1HeapRegionSize                         = 1048576                                   {product} {ergonomic}
    uintx GCDrainStackTargetSize                   = 64                                        {product} {ergonomic}
     bool HeapDumpOnOutOfMemoryError               = true                                   {manageable} {command line}
   size_t InitialHeapSize                          = 268435456                                 {product} {command line}
   size_t MarkStackSize                            = 4194304                                   {product} {ergonomic}
   size_t MaxHeapSize                              = 536870912                                 {product} {command line}
   size_t MaxMetaspaceSize                         = 402653184                                 {product} {command line}
   size_t MaxNewSize                               = 321912832                                 {product} {ergonomic}
   size_t MinHeapDeltaBytes                        = 1048576                                   {product} {ergonomic}
   size_t MinHeapSize                              = 268435456                                 {product} {command line}
    uintx NonNMethodCodeHeapSize                   = 5839372                                {pd product} {ergonomic}
    uintx NonProfiledCodeHeapSize                  = 122909434                              {pd product} {ergonomic}
    uintx ProfiledCodeHeapSize                     = 122909434                              {pd product} {ergonomic}
    uintx ReservedCodeCacheSize                    = 251658240                              {pd product} {ergonomic}
     bool SegmentedCodeCache                       = true                                      {product} {ergonomic}
   size_t SoftMaxHeapSize                          = 536870912                              {manageable} {ergonomic}
     bool UseCompressedOops                        = true                           {product lp64_product} {ergonomic}
     bool UseG1GC                                  = true                                      {product} {ergonomic}
     bool UseLargePagesIndividualAllocation        = false                                  {pd product} {ergonomic}

Logging:
Log output configuration:
 #0: stdout all=warning uptime,level,tags foldmultilines=false
 #1: stderr all=off uptime,level,tags foldmultilines=false

Release file:
JAVA_VERSION="21.0.12.1" 
MODULES="java.base java.compiler java.datatransfer java.xml java.prefs java.desktop java.instrument java.logging java.management java.security.sasl java.naming java.rmi java.management.rmi java.net.http java.scripting java.security.jgss java.transaction.xa java.sql java.sql.rowset java.xml.crypto java.se java.smartcardio jdk.accessibility jdk.internal.jvmstat jdk.attach jdk.charsets jdk.internal.opt jdk.zipfs jdk.compiler jdk.crypto.ec jdk.crypto.cryptoki jdk.crypto.mscapi jdk.dynalink jdk.internal.ed jdk.editpad jdk.hotspot.agent jdk.httpserver jdk.internal.le jdk.internal.vm.ci jdk.internal.vm.compiler jdk.internal.vm.compiler.management jdk.jartool jdk.javadoc jdk.jcmd jdk.management jdk.management.agent jdk.jconsole jdk.jdeps jdk.jdwp.agent jdk.jdi jdk.jfr jdk.jshell jdk.jsobject jdk.jstatd jdk.localedata jdk.management.jfr jdk.naming.dns jdk.naming.rmi jdk.net jdk.nio.mapmode jdk.random jdk.sctp jdk.security.auth jdk.security.jgss jdk.unsupported jdk.unsupported.desktop jdk.xml.dom" 

Environment Variables:
PATH=C:\Program Files\NVIDIA GPU Computing Toolkit\CUDA\v12.3\bin;C:\Program Files\NVIDIA GPU Computing Toolkit\CUDA\v12.3\libnvvp;C:\Windows\system32;C:\Windows;C:\Windows\System32\Wbem;C:\Windows\System32\WindowsPowerShell\v1.0\;C:\Windows\System32\OpenSSH\;C:\Program Files (x86)\NVIDIA Corporation\PhysX\Common;C:\Program Files\Azure Data Studio\bin;C:\Program Files (x86)\Microsoft SQL Server\160\Tools\Binn\;C:\Program Files\Microsoft SQL Server\160\Tools\Binn\;C:\Program Files\Microsoft SQL Server\Client SDK\ODBC\170\Tools\Binn\;C:\Program Files\Microsoft SQL Server\160\DTS\Binn\;C:\Program Files\MySQL\MySQL Server 8.0\bin;C:\WINDOWS\system32;C:\WINDOWS;C:\WINDOWS\System32\Wbem;C:\WINDOWS\System32\WindowsPowerShell\v1.0\;C:\WINDOWS\System32\OpenSSH\;C:\Program Files\Git\cmd;C:\msys64\ucrt64\bin;C:\xampp\php;C:\ProgramData\ComposerSetup\bin;C:\Users\ACER\AppData\Local\nvm;C:\nvm4w\nodejs;c:\Users\ACER\AppData\Local\Programs\cursor\resources\app\bin;%NVM_HOME%;C:\Program Files\nodejs;C:\Program Files\MongoDB\Server\7.0\bin;C:\Program Files (x86)\Windows Kits\10\Windows Performance Toolkit\;C:\Program Files\Microsoft SQL Server\150\Tools\Binn\;C:\mkcert;C:\Program Files\Docker\Docker\resources\bin;C:\Program Files (x86)\Microsoft SQL Server\170\Tools\Binn\;C:\Program Files\Microsoft SQL Server\170\Tools\Binn\;C:\Program Files\Microsoft SQL Server\Client SDK\ODBC\180\Tools\Binn\;C:\Program Files\Microsoft SQL Server\170\DTS\Binn\;C:\Program Files\Redis;C:\Program Files\NVIDIA Corporation\NVIDIA App\NvDLISR;C:\Program Files\NVIDIA Corporation\Nsight Compute 2023.3.0\;C:\Program Files\NVIDIA Corporation\NVIDIA NvDLISR;C:\Program Files\nodejs\;C:\Program Files\dotnet\;C:\Users\ACER\AppData\Local\pnpm\bin;C:\Users\ACER\.local\bin;C:\Program Files\MySQL\MySQL Shell 8.0\bin\;C:\Users\ACER\AppData\Local\Microsoft\WindowsApps;C:\Users\ACER\AppData\Local\Programs\Microsoft VS Code\bin;C:\Program Files\Azure Data Studio\bin;C:\msys64\mingw64\bin;C:\Program Files\JetBrains\IntelliJ IDEA 2023.3.2\bin;;C:\Users\ACER\AppData\Local\GitHubDesktop\bin;C:\Users\ACER\AppData\Roaming\Composer\vendor\bin;C:\Users\ACER\AppData\Local\nvm;C:\nvm4w\nodejs;C:\Users\ACER\AppData\Local\Programs\cursor\resources\app\bin;C:\Users\ACER\AppData\Local\Programs\mongosh\;C:\Users\ACER\.dotnet\tools;C:\Users\ACER\AppData\Local\Programs\Antigravity IDE\bin;C:\Users\ACER\AppData\Local\Python\bin;C:\Users\ACER\AppData\Local\Microsoft\WinGet\Packages\LiveKit.LiveKitCLI_Microsoft.Winget.Source_8wekyb3d8bbwe;C:\Users\ACER\AppData\Local\Programs\Ollama;C:\Users\ACER\AppData\Roaming\npm
USERNAME=ACER
OS=Windows_NT
PROCESSOR_IDENTIFIER=AMD64 Family 23 Model 104 Stepping 1, AuthenticAMD
TMP=C:\Users\ACER\AppData\Local\Temp
TEMP=C:\Users\ACER\AppData\Local\Temp




Periodic native trim disabled

---------------  S Y S T E M  ---------------

OS:
 Windows 11 , 64 bit Build 22621 (10.0.22621.5415)
OS uptime: 1 days 5:29 hours
Hyper-V role detected

CPU: total 12 (initial active 12) (12 cores per cpu, 2 threads per core) family 23 model 104 stepping 1 microcode 0x0, cx8, cmov, fxsr, ht, mmx, 3dnowpref, sse, sse2, sse3, ssse3, sse4a, sse4.1, sse4.2, popcnt, lzcnt, tsc, tscinvbit, avx, avx2, aes, clmul, bmi1, bmi2, adx, sha, fma, vzeroupper, clflush, clflushopt, hv, rdtscp, rdpid, f16c
Processor Information for the first 12 processors :
  Max Mhz: 2100, Current Mhz: 2100, Mhz Limit: 2100

Memory: 4k page, system-wide physical 7514M (377M free)
TotalPageFile size 31066M (AvailPageFile size 843M)
current process WorkingSet (physical memory assigned to process): 145M, peak: 146M
current process commit charge ("private bytes"): 399M, peak: 399M

vm_info: OpenJDK 64-Bit Server VM (21.0.12.1+1-LTS) for windows-amd64 JRE (21.0.12.1+1-LTS), built on 2026-08-18T00:00:00Z by "admin" with MS VC++ 17.12 (VS2022)

END.
